Reaction,Target_Nucleus,Target_Z,Target_N,Target_Mass_A,Projectile,Compound_Nucleus,Compound_A,Compound_Z,Neutron_Excess,Isospin_Tz,Reduced_Mass_mu,Coulomb_Barrier_MeV,Gamow_Peak_E0_MeV,Gamow_Window_dE0_MeV,Energy_c.m._MeV,Sommerfeld_eta,Gamow_Factor_Exp_2pi_eta,S_Factor_S_E_keV_b,Cross_Section_sigma_nb,S0_Experimental_keV_b,S0_Exp_Uncertainty,S0_Theoretical_EFT_keV_b,ML_Polynomial_Reg_S0,ML_Cubic_Spline_S0,ML_Power_Law_S0,PCA_Component_1,PCA_Component_2,tSNE_Component_1,tSNE_Component_2,Network_Degree_Centrality
"7Be(p, gamma)8B",7Be,4,3,7,p,87Be,8,5,-2,-1.0,0.875,1.648,0.0179,0.0111,0.02,4.1667,4.2679e-12,20.7993,4.4384e+00,20.8,0.7,20.9,20.696,20.8,20.4256,-0.7356,-0.0431,9.7223,3.0,0.32
"7Be(p, gamma)8B",7Be,4,3,7,p,87Be,8,5,-2,-1.0,0.875,1.648,0.0179,0.0111,0.0492,2.6566,5.6349e-08,20.7982,2.3820e+04,20.8,0.7,20.9,20.696,20.8,20.4256,-0.7356,-0.0431,9.7223,3.0,0.32
"7Be(p, gamma)8B",7Be,4,3,7,p,87Be,8,5,-2,-1.0,0.875,1.648,0.0179,0.0111,0.0785,2.1031,1.8241e-06,20.7971,4.8326e+05,20.8,0.7,20.9,20.696,20.8,20.4256,-0.7356,-0.0431,9.7223,3.0,0.32
"7Be(p, gamma)8B",7Be,4,3,7,p,87Be,8,5,-2,-1.0,0.875,1.648,0.0179,0.0111,0.1077,1.7955,1.2601e-05,20.796,2.4332e+06,20.8,0.7,20.9,20.696,20.8,20.4256,-0.7356,-0.0431,9.7223,3.0,0.32
"7Be(p, gamma)8B",7Be,4,3,7,p,87Be,8,5,-2,-1.0,0.875,1.648,0.0179,0.0111,0.137,1.592,4.5272e-05,20.7949,6.8717e+06,20.8,0.7,20.9,20.696,20.8,20.4256,-0.7356,-0.0431,9.7223,3.0,0.32
"7Be(p, gamma)8B",7Be,4,3,7,p,87Be,8,5,-2,-1.0,0.875,1.648,0.0179,0.0111,0.1662,1.4454,1.1373e-04,20.7938,1.4229e+07,20.8,0.7,20.9,20.696,20.8,20.4256,-0.7356,-0.0431,9.7223,3.0,0.32
"7Be(p, gamma)8B",7Be,4,3,7,p,87Be,8,5,-2,-1.0,0.875,1.648,0.0179,0.0111,0.1955,1.3327,2.3089e-04,20.7927,2.4557e+07,20.8,0.7,20.9,20.696,20.8,20.4256,-0.7356,-0.0431,9.7223,3.0,0.32
"7Be(p, gamma)8B",7Be,4,3,7,p,87Be,8,5,-2,-1.0,0.875,1.648,0.0179,0.0111,0.2247,1.2431,4.0544e-04,20.7916,3.7515e+07,20.8,0.7,20.9,20.696,20.8,20.4256,-0.7356,-0.0431,9.7223,3.0,0.32
"7Be(p, gamma)8B",7Be,4,3,7,p,87Be,8,5,-2,-1.0,0.875,1.648,0.0179,0.0111,0.2539,1.1694,6.4407e-04,20.7905,5.2739e+07,20.8,0.7,20.9,20.696,20.8,20.4256,-0.7356,-0.0431,9.7223,3.0,0.32
"7Be(p, gamma)8B",7Be,4,3,7,p,87Be,8,5,-2,-1.0,0.875,1.648,0.0179,0.0111,0.2832,1.1073,9.5173e-04,20.7894,6.9865e+07,20.8,0.7,20.9,20.696,20.8,20.4256,-0.7356,-0.0431,9.7223,3.0,0.32
"7Be(p, gamma)8B",7Be,4,3,7,p,87Be,8,5,-2,-1.0,0.875,1.648,0.0179,0.0111,0.3124,1.0543,1.3280e-03,20.7883,8.8368e+07,20.8,0.7,20.9,20.696,20.8,20.4256,-0.7356,-0.0431,9.7223,3.0,0.32
"7Be(p, gamma)8B",7Be,4,3,7,p,87Be,8,5,-2,-1.0,0.875,1.648,0.0179,0.0111,0.3417,1.008,1.7754e-03,20.7872,1.0800e+08,20.8,0.7,20.9,20.696,20.8,20.4256,-0.7356,-0.0431,9.7223,3.0,0.32
"7Be(p, gamma)8B",7Be,4,3,7,p,87Be,8,5,-2,-1.0,0.875,1.648,0.0179,0.0111,0.3709,0.9676,2.2897e-03,20.7861,1.2832e+08,20.8,0.7,20.9,20.696,20.8,20.4256,-0.7356,-0.0431,9.7223,3.0,0.32
"7Be(p, gamma)8B",7Be,4,3,7,p,87Be,8,5,-2,-1.0,0.875,1.648,0.0179,0.0111,0.4002,0.9315,2.8726e-03,20.785,1.4919e+08,20.8,0.7,20.9,20.696,20.8,20.4256,-0.7356,-0.0431,9.7223,3.0,0.32
"7Be(p, gamma)8B",7Be,4,3,7,p,87Be,8,5,-2,-1.0,0.875,1.648,0.0179,0.0111,0.4294,0.8992,3.5174e-03,20.7839,1.7025e+08,20.8,0.7,20.9,20.696,20.8,20.4256,-0.7356,-0.0431,9.7223,3.0,0.32
"7Be(p, gamma)8B",7Be,4,3,7,p,87Be,8,5,-2,-1.0,0.875,1.648,0.0179,0.0111,0.4587,0.87,4.2255e-03,20.7828,1.9145e+08,20.8,0.7,20.9,20.696,20.8,20.4256,-0.7356,-0.0431,9.7223,3.0,0.32
"7Be(p, gamma)8B",7Be,4,3,7,p,87Be,8,5,-2,-1.0,0.875,1.648,0.0179,0.0111,0.4879,0.8436,4.9890e-03,20.7817,2.1250e+08,20.8,0.7,20.9,20.696,20.8,20.4256,-0.7356,-0.0431,9.7223,3.0,0.32
"7Be(p, gamma)8B",7Be,4,3,7,p,87Be,8,5,-2,-1.0,0.875,1.648,0.0179,0.0111,0.5171,0.8194,5.8071e-03,20.7806,2.3337e+08,20.8,0.7,20.9,20.696,20.8,20.4256,-0.7356,-0.0431,9.7223,3.0,0.32
"7Be(p, gamma)8B",7Be,4,3,7,p,87Be,8,5,-2,-1.0,0.875,1.648,0.0179,0.0111,0.5464,0.7972,6.6794e-03,20.7795,2.5402e+08,20.8,0.7,20.9,20.696,20.8,20.4256,-0.7356,-0.0431,9.7223,3.0,0.32
"7Be(p, gamma)8B",7Be,4,3,7,p,87Be,8,5,-2,-1.0,0.875,1.648,0.0179,0.0111,0.5756,0.7767,7.5968e-03,20.7785,2.7423e+08,20.8,0.7,20.9,20.696,20.8,20.4256,-0.7356,-0.0431,9.7223,3.0,0.32
"7Be(p, gamma)8B",7Be,4,3,7,p,87Be,8,5,-2,-1.0,0.875,1.648,0.0179,0.0111,0.6049,0.7576,8.5624e-03,20.7774,2.9410e+08,20.8,0.7,20.9,20.696,20.8,20.4256,-0.7356,-0.0431,9.7223,3.0,0.32
"7Be(p, gamma)8B",7Be,4,3,7,p,87Be,8,5,-2,-1.0,0.875,1.648,0.0179,0.0111,0.6341,0.74,9.5666e-03,20.7763,3.1345e+08,20.8,0.7,20.9,20.696,20.8,20.4256,-0.7356,-0.0431,9.7223,3.0,0.32
"7Be(p, gamma)8B",7Be,4,3,7,p,87Be,8,5,-2,-1.0,0.875,1.648,0.0179,0.0111,0.6634,0.7235,1.0613e-02,20.7752,3.3237e+08,20.8,0.7,20.9,20.696,20.8,20.4256,-0.7356,-0.0431,9.7223,3.0,0.32
"7Be(p, gamma)8B",7Be,4,3,7,p,87Be,8,5,-2,-1.0,0.875,1.648,0.0179,0.0111,0.6926,0.708,1.1693e-02,20.7741,3.5072e+08,20.8,0.7,20.9,20.696,20.8,20.4256,-0.7356,-0.0431,9.7223,3.0,0.32
"7Be(p, gamma)8B",7Be,4,3,7,p,87Be,8,5,-2,-1.0,0.875,1.648,0.0179,0.0111,0.7218,0.6936,1.2806e-02,20.773,3.6854e+08,20.8,0.7,20.9,20.696,20.8,20.4256,-0.7356,-0.0431,9.7223,3.0,0.32
"7Be(p, gamma)8B",7Be,4,3,7,p,87Be,8,5,-2,-1.0,0.875,1.648,0.0179,0.0111,0.7511,0.6799,1.3953e-02,20.7719,3.8589e+08,20.8,0.7,20.9,20.696,20.8,20.4256,-0.7356,-0.0431,9.7223,3.0,0.32
"7Be(p, gamma)8B",7Be,4,3,7,p,87Be,8,5,-2,-1.0,0.875,1.648,0.0179,0.0111,0.7803,0.6671,1.5126e-02,20.7708,4.0264e+08,20.8,0.7,20.9,20.696,20.8,20.4256,-0.7356,-0.0431,9.7223,3.0,0.32
"7Be(p, gamma)8B",7Be,4,3,7,p,87Be,8,5,-2,-1.0,0.875,1.648,0.0179,0.0111,0.8096,0.6549,1.6329e-02,20.7697,4.1892e+08,20.8,0.7,20.9,20.696,20.8,20.4256,-0.7356,-0.0431,9.7223,3.0,0.32
"7Be(p, gamma)8B",7Be,4,3,7,p,87Be,8,5,-2,-1.0,0.875,1.648,0.0179,0.0111,0.8388,0.6434,1.7553e-02,20.7686,4.3461e+08,20.8,0.7,20.9,20.696,20.8,20.4256,-0.7356,-0.0431,9.7223,3.0,0.32
"7Be(p, gamma)8B",7Be,4,3,7,p,87Be,8,5,-2,-1.0,0.875,1.648,0.0179,0.0111,0.8681,0.6324,1.8803e-02,20.7675,4.4983e+08,20.8,0.7,20.9,20.696,20.8,20.4256,-0.7356,-0.0431,9.7223,3.0,0.32
"7Be(p, gamma)8B",7Be,4,3,7,p,87Be,8,5,-2,-1.0,0.875,1.648,0.0179,0.0111,0.8973,0.6221,2.0070e-02,20.7664,4.6448e+08,20.8,0.7,20.9,20.696,20.8,20.4256,-0.7356,-0.0431,9.7223,3.0,0.32
"7Be(p, gamma)8B",7Be,4,3,7,p,87Be,8,5,-2,-1.0,0.875,1.648,0.0179,0.0111,0.9266,0.6121,2.1360e-02,20.7653,4.7868e+08,20.8,0.7,20.9,20.696,20.8,20.4256,-0.7356,-0.0431,9.7223,3.0,0.32
"7Be(p, gamma)8B",7Be,4,3,7,p,87Be,8,5,-2,-1.0,0.875,1.648,0.0179,0.0111,0.9558,0.6027,2.2663e-02,20.7642,4.9233e+08,20.8,0.7,20.9,20.696,20.8,20.4256,-0.7356,-0.0431,9.7223,3.0,0.32
"7Be(p, gamma)8B",7Be,4,3,7,p,87Be,8,5,-2,-1.0,0.875,1.648,0.0179,0.0111,0.985,0.5937,2.3981e-02,20.7631,5.0551e+08,20.8,0.7,20.9,20.696,20.8,20.4256,-0.7356,-0.0431,9.7223,3.0,0.32
"7Be(p, gamma)8B",7Be,4,3,7,p,87Be,8,5,-2,-1.0,0.875,1.648,0.0179,0.0111,1.0143,0.5851,2.5319e-02,20.762,5.1826e+08,20.8,0.7,20.9,20.696,20.8,20.4256,-0.7356,-0.0431,9.7223,3.0,0.32
"7Be(p, gamma)8B",7Be,4,3,7,p,87Be,8,5,-2,-1.0,0.875,1.648,0.0179,0.0111,1.0435,0.5768,2.6665e-02,20.7609,5.3051e+08,20.8,0.7,20.9,20.696,20.8,20.4256,-0.7356,-0.0431,9.7223,3.0,0.32
"7Be(p, gamma)8B",7Be,4,3,7,p,87Be,8,5,-2,-1.0,0.875,1.648,0.0179,0.0111,1.0728,0.5689,2.8027e-02,20.7598,5.4236e+08,20.8,0.7,20.9,20.696,20.8,20.4256,-0.7356,-0.0431,9.7223,3.0,0.32
"7Be(p, gamma)8B",7Be,4,3,7,p,87Be,8,5,-2,-1.0,0.875,1.648,0.0179,0.0111,1.102,0.5613,2.9396e-02,20.7588,5.5374e+08,20.8,0.7,20.9,20.696,20.8,20.4256,-0.7356,-0.0431,9.7223,3.0,0.32
"7Be(p, gamma)8B",7Be,4,3,7,p,87Be,8,5,-2,-1.0,0.875,1.648,0.0179,0.0111,1.1313,0.554,3.0779e-02,20.7577,5.6475e+08,20.8,0.7,20.9,20.696,20.8,20.4256,-0.7356,-0.0431,9.7223,3.0,0.32
"7Be(p, gamma)8B",7Be,4,3,7,p,87Be,8,5,-2,-1.0,0.875,1.648,0.0179,0.0111,1.1605,0.547,3.2166e-02,20.7566,5.7531e+08,20.8,0.7,20.9,20.696,20.8,20.4256,-0.7356,-0.0431,9.7223,3.0,0.32
"7Be(p, gamma)8B",7Be,4,3,7,p,87Be,8,5,-2,-1.0,0.875,1.648,0.0179,0.0111,1.1897,0.5402,3.3560e-02,20.7555,5.8549e+08,20.8,0.7,20.9,20.696,20.8,20.4256,-0.7356,-0.0431,9.7223,3.0,0.32
"7Be(p, gamma)8B",7Be,4,3,7,p,87Be,8,5,-2,-1.0,0.875,1.648,0.0179,0.0111,1.219,0.5337,3.4966e-02,20.7544,5.9533e+08,20.8,0.7,20.9,20.696,20.8,20.4256,-0.7356,-0.0431,9.7223,3.0,0.32
"7Be(p, gamma)8B",7Be,4,3,7,p,87Be,8,5,-2,-1.0,0.875,1.648,0.0179,0.0111,1.2482,0.5274,3.6374e-02,20.7533,6.0477e+08,20.8,0.7,20.9,20.696,20.8,20.4256,-0.7356,-0.0431,9.7223,3.0,0.32
"7Be(p, gamma)8B",7Be,4,3,7,p,87Be,8,5,-2,-1.0,0.875,1.648,0.0179,0.0111,1.2775,0.5213,3.7791e-02,20.7522,6.1389e+08,20.8,0.7,20.9,20.696,20.8,20.4256,-0.7356,-0.0431,9.7223,3.0,0.32
"7Be(p, gamma)8B",7Be,4,3,7,p,87Be,8,5,-2,-1.0,0.875,1.648,0.0179,0.0111,1.3067,0.5155,3.9208e-02,20.7511,6.2264e+08,20.8,0.7,20.9,20.696,20.8,20.4256,-0.7356,-0.0431,9.7223,3.0,0.32
"7Be(p, gamma)8B",7Be,4,3,7,p,87Be,8,5,-2,-1.0,0.875,1.648,0.0179,0.0111,1.336,0.5098,4.0633e-02,20.75,6.3109e+08,20.8,0.7,20.9,20.696,20.8,20.4256,-0.7356,-0.0431,9.7223,3.0,0.32
"7Be(p, gamma)8B",7Be,4,3,7,p,87Be,8,5,-2,-1.0,0.875,1.648,0.0179,0.0111,1.3652,0.5043,4.2057e-02,20.7489,6.3920e+08,20.8,0.7,20.9,20.696,20.8,20.4256,-0.7356,-0.0431,9.7223,3.0,0.32
"7Be(p, gamma)8B",7Be,4,3,7,p,87Be,8,5,-2,-1.0,0.875,1.648,0.0179,0.0111,1.3945,0.499,4.3488e-02,20.7478,6.4703e+08,20.8,0.7,20.9,20.696,20.8,20.4256,-0.7356,-0.0431,9.7223,3.0,0.32
"7Be(p, gamma)8B",7Be,4,3,7,p,87Be,8,5,-2,-1.0,0.875,1.648,0.0179,0.0111,1.4237,0.4938,4.4917e-02,20.7467,6.5455e+08,20.8,0.7,20.9,20.696,20.8,20.4256,-0.7356,-0.0431,9.7223,3.0,0.32
"7Be(p, gamma)8B",7Be,4,3,7,p,87Be,8,5,-2,-1.0,0.875,1.648,0.0179,0.0111,1.4529,0.4889,4.6347e-02,20.7456,6.6177e+08,20.8,0.7,20.9,20.696,20.8,20.4256,-0.7356,-0.0431,9.7223,3.0,0.32
"7Be(p, gamma)8B",7Be,4,3,7,p,87Be,8,5,-2,-1.0,0.875,1.648,0.0179,0.0111,1.4822,0.484,4.7783e-02,20.7445,6.6875e+08,20.8,0.7,20.9,20.696,20.8,20.4256,-0.7356,-0.0431,9.7223,3.0,0.32
"7Be(p, gamma)8B",7Be,4,3,7,p,87Be,8,5,-2,-1.0,0.875,1.648,0.0179,0.0111,1.5114,0.4793,4.9214e-02,20.7434,6.7545e+08,20.8,0.7,20.9,20.696,20.8,20.4256,-0.7356,-0.0431,9.7223,3.0,0.32
"7Be(p, gamma)8B",7Be,4,3,7,p,87Be,8,5,-2,-1.0,0.875,1.648,0.0179,0.0111,1.5407,0.4747,5.0651e-02,20.7423,6.8191e+08,20.8,0.7,20.9,20.696,20.8,20.4256,-0.7356,-0.0431,9.7223,3.0,0.32
"7Be(p, gamma)8B",7Be,4,3,7,p,87Be,8,5,-2,-1.0,0.875,1.648,0.0179,0.0111,1.5699,0.4703,5.2082e-02,20.7413,6.8810e+08,20.8,0.7,20.9,20.696,20.8,20.4256,-0.7356,-0.0431,9.7223,3.0,0.32
"7Be(p, gamma)8B",7Be,4,3,7,p,87Be,8,5,-2,-1.0,0.875,1.648,0.0179,0.0111,1.5992,0.466,5.3518e-02,20.7402,6.9408e+08,20.8,0.7,20.9,20.696,20.8,20.4256,-0.7356,-0.0431,9.7223,3.0,0.32
"7Be(p, gamma)8B",7Be,4,3,7,p,87Be,8,5,-2,-1.0,0.875,1.648,0.0179,0.0111,1.6284,0.4618,5.4948e-02,20.7391,6.9981e+08,20.8,0.7,20.9,20.696,20.8,20.4256,-0.7356,-0.0431,9.7223,3.0,0.32
"7Be(p, gamma)8B",7Be,4,3,7,p,87Be,8,5,-2,-1.0,0.875,1.648,0.0179,0.0111,1.6576,0.4577,5.6377e-02,20.738,7.0532e+08,20.8,0.7,20.9,20.696,20.8,20.4256,-0.7356,-0.0431,9.7223,3.0,0.32
"7Be(p, gamma)8B",7Be,4,3,7,p,87Be,8,5,-2,-1.0,0.875,1.648,0.0179,0.0111,1.6869,0.4537,5.7809e-02,20.7369,7.1064e+08,20.8,0.7,20.9,20.696,20.8,20.4256,-0.7356,-0.0431,9.7223,3.0,0.32
"7Be(p, gamma)8B",7Be,4,3,7,p,87Be,8,5,-2,-1.0,0.875,1.648,0.0179,0.0111,1.7161,0.4498,5.9234e-02,20.7358,7.1573e+08,20.8,0.7,20.9,20.696,20.8,20.4256,-0.7356,-0.0431,9.7223,3.0,0.32
"7Be(p, gamma)8B",7Be,4,3,7,p,87Be,8,5,-2,-1.0,0.875,1.648,0.0179,0.0111,1.7454,0.446,6.0662e-02,20.7347,7.2064e+08,20.8,0.7,20.9,20.696,20.8,20.4256,-0.7356,-0.0431,9.7223,3.0,0.32
"7Be(p, gamma)8B",7Be,4,3,7,p,87Be,8,5,-2,-1.0,0.875,1.648,0.0179,0.0111,1.7746,0.4423,6.2083e-02,20.7336,7.2535e+08,20.8,0.7,20.9,20.696,20.8,20.4256,-0.7356,-0.0431,9.7223,3.0,0.32
"7Be(p, gamma)8B",7Be,4,3,7,p,87Be,8,5,-2,-1.0,0.875,1.648,0.0179,0.0111,1.8039,0.4387,6.3506e-02,20.7325,7.2989e+08,20.8,0.7,20.9,20.696,20.8,20.4256,-0.7356,-0.0431,9.7223,3.0,0.32
"7Be(p, gamma)8B",7Be,4,3,7,p,87Be,8,5,-2,-1.0,0.875,1.648,0.0179,0.0111,1.8331,0.4352,6.4922e-02,20.7314,7.3423e+08,20.8,0.7,20.9,20.696,20.8,20.4256,-0.7356,-0.0431,9.7223,3.0,0.32
"7Be(p, gamma)8B",7Be,4,3,7,p,87Be,8,5,-2,-1.0,0.875,1.648,0.0179,0.0111,1.8624,0.4318,6.6339e-02,20.7303,7.3842e+08,20.8,0.7,20.9,20.696,20.8,20.4256,-0.7356,-0.0431,9.7223,3.0,0.32
"7Be(p, gamma)8B",7Be,4,3,7,p,87Be,8,5,-2,-1.0,0.875,1.648,0.0179,0.0111,1.8916,0.4284,6.7748e-02,20.7292,7.4242e+08,20.8,0.7,20.9,20.696,20.8,20.4256,-0.7356,-0.0431,9.7223,3.0,0.32
"7Be(p, gamma)8B",7Be,4,3,7,p,87Be,8,5,-2,-1.0,0.875,1.648,0.0179,0.0111,1.9208,0.4252,6.9154e-02,20.7281,7.4627e+08,20.8,0.7,20.9,20.696,20.8,20.4256,-0.7356,-0.0431,9.7223,3.0,0.32
"7Be(p, gamma)8B",7Be,4,3,7,p,87Be,8,5,-2,-1.0,0.875,1.648,0.0179,0.0111,1.9501,0.422,7.0561e-02,20.727,7.4997e+08,20.8,0.7,20.9,20.696,20.8,20.4256,-0.7356,-0.0431,9.7223,3.0,0.32
"7Be(p, gamma)8B",7Be,4,3,7,p,87Be,8,5,-2,-1.0,0.875,1.648,0.0179,0.0111,1.9793,0.4188,7.1960e-02,20.7259,7.5352e+08,20.8,0.7,20.9,20.696,20.8,20.4256,-0.7356,-0.0431,9.7223,3.0,0.32
"7Be(p, gamma)8B",7Be,4,3,7,p,87Be,8,5,-2,-1.0,0.875,1.648,0.0179,0.0111,2.0086,0.4158,7.3360e-02,20.7248,7.5693e+08,20.8,0.7,20.9,20.696,20.8,20.4256,-0.7356,-0.0431,9.7223,3.0,0.32
"7Be(p, gamma)8B",7Be,4,3,7,p,87Be,8,5,-2,-1.0,0.875,1.648,0.0179,0.0111,2.0378,0.4128,7.4751e-02,20.7238,7.6019e+08,20.8,0.7,20.9,20.696,20.8,20.4256,-0.7356,-0.0431,9.7223,3.0,0.32
"7Be(p, gamma)8B",7Be,4,3,7,p,87Be,8,5,-2,-1.0,0.875,1.648,0.0179,0.0111,2.0671,0.4098,7.6142e-02,20.7227,7.6333e+08,20.8,0.7,20.9,20.696,20.8,20.4256,-0.7356,-0.0431,9.7223,3.0,0.32
"7Be(p, gamma)8B",7Be,4,3,7,p,87Be,8,5,-2,-1.0,0.875,1.648,0.0179,0.0111,2.0963,0.407,7.7525e-02,20.7216,7.6632e+08,20.8,0.7,20.9,20.696,20.8,20.4256,-0.7356,-0.0431,9.7223,3.0,0.32
"7Be(p, gamma)8B",7Be,4,3,7,p,87Be,8,5,-2,-1.0,0.875,1.648,0.0179,0.0111,2.1255,0.4042,7.8904e-02,20.7205,7.6920e+08,20.8,0.7,20.9,20.696,20.8,20.4256,-0.7356,-0.0431,9.7223,3.0,0.32
"7Be(p, gamma)8B",7Be,4,3,7,p,87Be,8,5,-2,-1.0,0.875,1.648,0.0179,0.0111,2.1548,0.4014,8.0283e-02,20.7194,7.7196e+08,20.8,0.7,20.9,20.696,20.8,20.4256,-0.7356,-0.0431,9.7223,3.0,0.32
"7Be(p, gamma)8B",7Be,4,3,7,p,87Be,8,5,-2,-1.0,0.875,1.648,0.0179,0.0111,2.184,0.3987,8.1653e-02,20.7183,7.7459e+08,20.8,0.7,20.9,20.696,20.8,20.4256,-0.7356,-0.0431,9.7223,3.0,0.32
"7Be(p, gamma)8B",7Be,4,3,7,p,87Be,8,5,-2,-1.0,0.875,1.648,0.0179,0.0111,2.2133,0.3961,8.3022e-02,20.7172,7.7712e+08,20.8,0.7,20.9,20.696,20.8,20.4256,-0.7356,-0.0431,9.7223,3.0,0.32
"7Be(p, gamma)8B",7Be,4,3,7,p,87Be,8,5,-2,-1.0,0.875,1.648,0.0179,0.0111,2.2425,0.3935,8.4383e-02,20.7161,7.7953e+08,20.8,0.7,20.9,20.696,20.8,20.4256,-0.7356,-0.0431,9.7223,3.0,0.32
"7Be(p, gamma)8B",7Be,4,3,7,p,87Be,8,5,-2,-1.0,0.875,1.648,0.0179,0.0111,2.2718,0.3909,8.5744e-02,20.715,7.8184e+08,20.8,0.7,20.9,20.696,20.8,20.4256,-0.7356,-0.0431,9.7223,3.0,0.32
"7Be(p, gamma)8B",7Be,4,3,7,p,87Be,8,5,-2,-1.0,0.875,1.648,0.0179,0.0111,2.301,0.3885,8.7095e-02,20.7139,7.8404e+08,20.8,0.7,20.9,20.696,20.8,20.4256,-0.7356,-0.0431,9.7223,3.0,0.32
"7Be(p, gamma)8B",7Be,4,3,7,p,87Be,8,5,-2,-1.0,0.875,1.648,0.0179,0.0111,2.3303,0.386,8.8446e-02,20.7128,7.8615e+08,20.8,0.7,20.9,20.696,20.8,20.4256,-0.7356,-0.0431,9.7223,3.0,0.32
"7Be(p, gamma)8B",7Be,4,3,7,p,87Be,8,5,-2,-1.0,0.875,1.648,0.0179,0.0111,2.3595,0.3836,8.9787e-02,20.7117,7.8815e+08,20.8,0.7,20.9,20.696,20.8,20.4256,-0.7356,-0.0431,9.7223,3.0,0.32
"7Be(p, gamma)8B",7Be,4,3,7,p,87Be,8,5,-2,-1.0,0.875,1.648,0.0179,0.0111,2.3887,0.3813,9.1124e-02,20.7106,7.9007e+08,20.8,0.7,20.9,20.696,20.8,20.4256,-0.7356,-0.0431,9.7223,3.0,0.32
"7Be(p, gamma)8B",7Be,4,3,7,p,87Be,8,5,-2,-1.0,0.875,1.648,0.0179,0.0111,2.418,0.3789,9.2460e-02,20.7095,7.9190e+08,20.8,0.7,20.9,20.696,20.8,20.4256,-0.7356,-0.0431,9.7223,3.0,0.32
"7Be(p, gamma)8B",7Be,4,3,7,p,87Be,8,5,-2,-1.0,0.875,1.648,0.0179,0.0111,2.4472,0.3767,9.3787e-02,20.7085,7.9364e+08,20.8,0.7,20.9,20.696,20.8,20.4256,-0.7356,-0.0431,9.7223,3.0,0.32
"7Be(p, gamma)8B",7Be,4,3,7,p,87Be,8,5,-2,-1.0,0.875,1.648,0.0179,0.0111,2.4765,0.3744,9.5113e-02,20.7074,7.9529e+08,20.8,0.7,20.9,20.696,20.8,20.4256,-0.7356,-0.0431,9.7223,3.0,0.32
"7Be(p, gamma)8B",7Be,4,3,7,p,87Be,8,5,-2,-1.0,0.875,1.648,0.0179,0.0111,2.5057,0.3723,9.6430e-02,20.7063,7.9687e+08,20.8,0.7,20.9,20.696,20.8,20.4256,-0.7356,-0.0431,9.7223,3.0,0.32
"7Be(p, gamma)8B",7Be,4,3,7,p,87Be,8,5,-2,-1.0,0.875,1.648,0.0179,0.0111,2.535,0.3701,9.7746e-02,20.7052,7.9836e+08,20.8,0.7,20.9,20.696,20.8,20.4256,-0.7356,-0.0431,9.7223,3.0,0.32
"7Be(p, gamma)8B",7Be,4,3,7,p,87Be,8,5,-2,-1.0,0.875,1.648,0.0179,0.0111,2.5642,0.368,9.9053e-02,20.7041,7.9978e+08,20.8,0.7,20.9,20.696,20.8,20.4256,-0.7356,-0.0431,9.7223,3.0,0.32
"7Be(p, gamma)8B",7Be,4,3,7,p,87Be,8,5,-2,-1.0,0.875,1.648,0.0179,0.0111,2.5934,0.3659,1.0035e-01,20.703,8.0112e+08,20.8,0.7,20.9,20.696,20.8,20.4256,-0.7356,-0.0431,9.7223,3.0,0.32
"7Be(p, gamma)8B",7Be,4,3,7,p,87Be,8,5,-2,-1.0,0.875,1.648,0.0179,0.0111,2.6227,0.3639,1.0165e-01,20.7019,8.0240e+08,20.8,0.7,20.9,20.696,20.8,20.4256,-0.7356,-0.0431,9.7223,3.0,0.32
"7Be(p, gamma)8B",7Be,4,3,7,p,87Be,8,5,-2,-1.0,0.875,1.648,0.0179,0.0111,2.6519,0.3618,1.0295e-01,20.7008,8.0360e+08,20.8,0.7,20.9,20.696,20.8,20.4256,-0.7356,-0.0431,9.7223,3.0,0.32
"7Be(p, gamma)8B",7Be,4,3,7,p,87Be,8,5,-2,-1.0,0.875,1.648,0.0179,0.0111,2.6812,0.3599,1.0424e-01,20.6997,8.0474e+08,20.8,0.7,20.9,20.696,20.8,20.4256,-0.7356,-0.0431,9.7223,3.0,0.32
"7Be(p, gamma)8B",7Be,4,3,7,p,87Be,8,5,-2,-1.0,0.875,1.648,0.0179,0.0111,2.7104,0.3579,1.0552e-01,20.6986,8.0581e+08,20.8,0.7,20.9,20.696,20.8,20.4256,-0.7356,-0.0431,9.7223,3.0,0.32
"7Be(p, gamma)8B",7Be,4,3,7,p,87Be,8,5,-2,-1.0,0.875,1.648,0.0179,0.0111,2.7397,0.356,1.0680e-01,20.6975,8.0682e+08,20.8,0.7,20.9,20.696,20.8,20.4256,-0.7356,-0.0431,9.7223,3.0,0.32
"7Be(p, gamma)8B",7Be,4,3,7,p,87Be,8,5,-2,-1.0,0.875,1.648,0.0179,0.0111,2.7689,0.3541,1.0807e-01,20.6964,8.0776e+08,20.8,0.7,20.9,20.696,20.8,20.4256,-0.7356,-0.0431,9.7223,3.0,0.32
"7Be(p, gamma)8B",7Be,4,3,7,p,87Be,8,5,-2,-1.0,0.875,1.648,0.0179,0.0111,2.7982,0.3523,1.0934e-01,20.6953,8.0865e+08,20.8,0.7,20.9,20.696,20.8,20.4256,-0.7356,-0.0431,9.7223,3.0,0.32
"7Be(p, gamma)8B",7Be,4,3,7,p,87Be,8,5,-2,-1.0,0.875,1.648,0.0179,0.0111,2.8274,0.3504,1.1060e-01,20.6942,8.0948e+08,20.8,0.7,20.9,20.696,20.8,20.4256,-0.7356,-0.0431,9.7223,3.0,0.32
"7Be(p, gamma)8B",7Be,4,3,7,p,87Be,8,5,-2,-1.0,0.875,1.648,0.0179,0.0111,2.8566,0.3486,1.1185e-01,20.6932,8.1026e+08,20.8,0.7,20.9,20.696,20.8,20.4256,-0.7356,-0.0431,9.7223,3.0,0.32
"7Be(p, gamma)8B",7Be,4,3,7,p,87Be,8,5,-2,-1.0,0.875,1.648,0.0179,0.0111,2.8859,0.3469,1.1311e-01,20.6921,8.1098e+08,20.8,0.7,20.9,20.696,20.8,20.4256,-0.7356,-0.0431,9.7223,3.0,0.32
"7Be(p, gamma)8B",7Be,4,3,7,p,87Be,8,5,-2,-1.0,0.875,1.648,0.0179,0.0111,2.9151,0.3451,1.1435e-01,20.691,8.1165e+08,20.8,0.7,20.9,20.696,20.8,20.4256,-0.7356,-0.0431,9.7223,3.0,0.32
"7Be(p, gamma)8B",7Be,4,3,7,p,87Be,8,5,-2,-1.0,0.875,1.648,0.0179,0.0111,2.9444,0.3434,1.1559e-01,20.6899,8.1226e+08,20.8,0.7,20.9,20.696,20.8,20.4256,-0.7356,-0.0431,9.7223,3.0,0.32
"7Be(p, gamma)8B",7Be,4,3,7,p,87Be,8,5,-2,-1.0,0.875,1.648,0.0179,0.0111,2.9736,0.3417,1.1683e-01,20.6888,8.1283e+08,20.8,0.7,20.9,20.696,20.8,20.4256,-0.7356,-0.0431,9.7223,3.0,0.32
"7Be(p, gamma)8B",7Be,4,3,7,p,87Be,8,5,-2,-1.0,0.875,1.648,0.0179,0.0111,3.0029,0.34,1.1806e-01,20.6877,8.1335e+08,20.8,0.7,20.9,20.696,20.8,20.4256,-0.7356,-0.0431,9.7223,3.0,0.32
"7Be(p, gamma)8B",7Be,4,3,7,p,87Be,8,5,-2,-1.0,0.875,1.648,0.0179,0.0111,3.0321,0.3384,1.1929e-01,20.6866,8.1383e+08,20.8,0.7,20.9,20.696,20.8,20.4256,-0.7356,-0.0431,9.7223,3.0,0.32
"7Be(p, gamma)8B",7Be,4,3,7,p,87Be,8,5,-2,-1.0,0.875,1.648,0.0179,0.0111,3.0613,0.3368,1.2050e-01,20.6855,8.1426e+08,20.8,0.7,20.9,20.696,20.8,20.4256,-0.7356,-0.0431,9.7223,3.0,0.32
"7Be(p, gamma)8B",7Be,4,3,7,p,87Be,8,5,-2,-1.0,0.875,1.648,0.0179,0.0111,3.0906,0.3352,1.2172e-01,20.6844,8.1465e+08,20.8,0.7,20.9,20.696,20.8,20.4256,-0.7356,-0.0431,9.7223,3.0,0.32
"7Be(p, gamma)8B",7Be,4,3,7,p,87Be,8,5,-2,-1.0,0.875,1.648,0.0179,0.0111,3.1198,0.3336,1.2293e-01,20.6833,8.1499e+08,20.8,0.7,20.9,20.696,20.8,20.4256,-0.7356,-0.0431,9.7223,3.0,0.32
"7Be(p, gamma)8B",7Be,4,3,7,p,87Be,8,5,-2,-1.0,0.875,1.648,0.0179,0.0111,3.1491,0.3321,1.2414e-01,20.6822,8.1530e+08,20.8,0.7,20.9,20.696,20.8,20.4256,-0.7356,-0.0431,9.7223,3.0,0.32
"7Be(p, gamma)8B",7Be,4,3,7,p,87Be,8,5,-2,-1.0,0.875,1.648,0.0179,0.0111,3.1783,0.3305,1.2534e-01,20.6811,8.1556e+08,20.8,0.7,20.9,20.696,20.8,20.4256,-0.7356,-0.0431,9.7223,3.0,0.32
"7Be(p, gamma)8B",7Be,4,3,7,p,87Be,8,5,-2,-1.0,0.875,1.648,0.0179,0.0111,3.2076,0.329,1.2653e-01,20.68,8.1579e+08,20.8,0.7,20.9,20.696,20.8,20.4256,-0.7356,-0.0431,9.7223,3.0,0.32
"7Be(p, gamma)8B",7Be,4,3,7,p,87Be,8,5,-2,-1.0,0.875,1.648,0.0179,0.0111,3.2368,0.3275,1.2772e-01,20.6789,8.1597e+08,20.8,0.7,20.9,20.696,20.8,20.4256,-0.7356,-0.0431,9.7223,3.0,0.32
"7Be(p, gamma)8B",7Be,4,3,7,p,87Be,8,5,-2,-1.0,0.875,1.648,0.0179,0.0111,3.2661,0.3261,1.2891e-01,20.6779,8.1613e+08,20.8,0.7,20.9,20.696,20.8,20.4256,-0.7356,-0.0431,9.7223,3.0,0.32
"7Be(p, gamma)8B",7Be,4,3,7,p,87Be,8,5,-2,-1.0,0.875,1.648,0.0179,0.0111,3.2953,0.3246,1.3009e-01,20.6768,8.1624e+08,20.8,0.7,20.9,20.696,20.8,20.4256,-0.7356,-0.0431,9.7223,3.0,0.32
"7Be(p, gamma)8B",7Be,4,3,7,p,87Be,8,5,-2,-1.0,0.875,1.648,0.0179,0.0111,3.3245,0.3232,1.3126e-01,20.6757,8.1633e+08,20.8,0.7,20.9,20.696,20.8,20.4256,-0.7356,-0.0431,9.7223,3.0,0.32
"7Be(p, gamma)8B",7Be,4,3,7,p,87Be,8,5,-2,-1.0,0.875,1.648,0.0179,0.0111,3.3538,0.3218,1.3243e-01,20.6746,8.1638e+08,20.8,0.7,20.9,20.696,20.8,20.4256,-0.7356,-0.0431,9.7223,3.0,0.32
"7Be(p, gamma)8B",7Be,4,3,7,p,87Be,8,5,-2,-1.0,0.875,1.648,0.0179,0.0111,3.383,0.3204,1.3359e-01,20.6735,8.1640e+08,20.8,0.7,20.9,20.696,20.8,20.4256,-0.7356,-0.0431,9.7223,3.0,0.32
"7Be(p, gamma)8B",7Be,4,3,7,p,87Be,8,5,-2,-1.0,0.875,1.648,0.0179,0.0111,3.4123,0.319,1.3476e-01,20.6724,8.1638e+08,20.8,0.7,20.9,20.696,20.8,20.4256,-0.7356,-0.0431,9.7223,3.0,0.32
"7Be(p, gamma)8B",7Be,4,3,7,p,87Be,8,5,-2,-1.0,0.875,1.648,0.0179,0.0111,3.4415,0.3176,1.3591e-01,20.6713,8.1634e+08,20.8,0.7,20.9,20.696,20.8,20.4256,-0.7356,-0.0431,9.7223,3.0,0.32
"7Be(p, gamma)8B",7Be,4,3,7,p,87Be,8,5,-2,-1.0,0.875,1.648,0.0179,0.0111,3.4708,0.3163,1.3706e-01,20.6702,8.1627e+08,20.8,0.7,20.9,20.696,20.8,20.4256,-0.7356,-0.0431,9.7223,3.0,0.32
"7Be(p, gamma)8B",7Be,4,3,7,p,87Be,8,5,-2,-1.0,0.875,1.648,0.0179,0.0111,3.5,0.315,1.3821e-01,20.6691,8.1617e+08,20.8,0.7,20.9,20.696,20.8,20.4256,-0.7356,-0.0431,9.7223,3.0,0.32
"3He(alpha, gamma)7Be",3He,2,1,3,a,73He,7,4,-1,-0.5,1.7143,1.584,0.0224,0.0124,0.02,5.8321,1.2179e-16,0.56,3.4101e-06,0.56,0.02,0.56,0.5572,0.56,0.5499,-0.9933,0.0571,-5.1294,4.8,0.32
"3He(alpha, gamma)7Be",3He,2,1,3,a,73He,7,4,-1,-0.5,1.7143,1.584,0.0224,0.0124,0.0492,3.7184,7.1344e-11,0.56,8.1203e-01,0.56,0.02,0.56,0.5572,0.56,0.5499,-0.9933,0.0571,-5.1294,4.8,0.32
"3He(alpha, gamma)7Be",3He,2,1,3,a,73He,7,4,-1,-0.5,1.7143,1.584,0.0224,0.0124,0.0785,2.9438,9.2713e-09,0.56,6.6138e+01,0.56,0.02,0.56,0.5572,0.56,0.5499,-0.9933,0.0571,-5.1294,4.8,0.32
"3He(alpha, gamma)7Be",3He,2,1,3,a,73He,7,4,-1,-0.5,1.7143,1.584,0.0224,0.0124,0.1077,2.5132,1.3868e-07,0.56,7.2105e+02,0.56,0.02,0.56,0.5572,0.56,0.5499,-0.9933,0.0571,-5.1294,4.8,0.32
"3He(alpha, gamma)7Be",3He,2,1,3,a,73He,7,4,-1,-0.5,1.7143,1.584,0.0224,0.0124,0.137,2.2283,8.3066e-07,0.56,3.3953e+03,0.56,0.02,0.56,0.5572,0.56,0.5499,-0.9933,0.0571,-5.1294,4.8,0.32
"3He(alpha, gamma)7Be",3He,2,1,3,a,73He,7,4,-1,-0.5,1.7143,1.584,0.0224,0.0124,0.1662,2.0231,3.0155e-06,0.56,1.0160e+04,0.56,0.02,0.56,0.5572,0.56,0.5499,-0.9933,0.0571,-5.1294,4.8,0.32
"3He(alpha, gamma)7Be",3He,2,1,3,a,73He,7,4,-1,-0.5,1.7143,1.584,0.0224,0.0124,0.1955,1.8654,8.1253e-06,0.56,2.3273e+04,0.56,0.02,0.56,0.5572,0.56,0.5499,-0.9933,0.0571,-5.1294,4.8,0.32
"3He(alpha, gamma)7Be",3He,2,1,3,a,73He,7,4,-1,-0.5,1.7143,1.584,0.0224,0.0124,0.2247,1.74,1.7868e-05,0.56,4.4528e+04,0.56,0.02,0.56,0.5572,0.56,0.5499,-0.9933,0.0571,-5.1294,4.8,0.32
"3He(alpha, gamma)7Be",3He,2,1,3,a,73He,7,4,-1,-0.5,1.7143,1.584,0.0224,0.0124,0.2539,1.6369,3.4154e-05,0.56,7.5323e+04,0.56,0.02,0.56,0.5572,0.56,0.5499,-0.9933,0.0571,-5.1294,4.8,0.32
"3He(alpha, gamma)7Be",3He,2,1,3,a,73He,7,4,-1,-0.5,1.7143,1.584,0.0224,0.0124,0.2832,1.5499,5.8993e-05,0.5599,1.1664e+05,0.56,0.02,0.56,0.5572,0.56,0.5499,-0.9933,0.0571,-5.1294,4.8,0.32
"3He(alpha, gamma)7Be",3He,2,1,3,a,73He,7,4,-1,-0.5,1.7143,1.584,0.0224,0.0124,0.3124,1.4757,9.4037e-05,0.5599,1.6855e+05,0.56,0.02,0.56,0.5572,0.56,0.5499,-0.9933,0.0571,-5.1294,4.8,0.32
"3He(alpha, gamma)7Be",3He,2,1,3,a,73He,7,4,-1,-0.5,1.7143,1.584,0.0224,0.0124,0.3417,1.411,1.4119e-04,0.5599,2.3137e+05,0.56,0.02,0.56,0.5572,0.56,0.5499,-0.9933,0.0571,-5.1294,4.8,0.32
"3He(alpha, gamma)7Be",3He,2,1,3,a,73He,7,4,-1,-0.5,1.7143,1.584,0.0224,0.0124,0.3709,1.3543,2.0159e-04,0.5599,3.0433e+05,0.56,0.02,0.56,0.5572,0.56,0.5499,-0.9933,0.0571,-5.1294,4.8,0.32
"3He(alpha, gamma)7Be",3He,2,1,3,a,73He,7,4,-1,-0.5,1.7143,1.584,0.0224,0.0124,0.4002,1.3038,2.7690e-04,0.5599,3.8742e+05,0.56,0.02,0.56,0.5572,0.56,0.5499,-0.9933,0.0571,-5.1294,4.8,0.32
"3He(alpha, gamma)7Be",3He,2,1,3,a,73He,7,4,-1,-0.5,1.7143,1.584,0.0224,0.0124,0.4294,1.2587,3.6764e-04,0.5599,4.7938e+05,0.56,0.02,0.56,0.5572,0.56,0.5499,-0.9933,0.0571,-5.1294,4.8,0.32
"3He(alpha, gamma)7Be",3He,2,1,3,a,73He,7,4,-1,-0.5,1.7143,1.584,0.0224,0.0124,0.4587,1.2178,4.7525e-04,0.5599,5.8012e+05,0.56,0.02,0.56,0.5572,0.56,0.5499,-0.9933,0.0571,-5.1294,4.8,0.32
"3He(alpha, gamma)7Be",3He,2,1,3,a,73He,7,4,-1,-0.5,1.7143,1.584,0.0224,0.0124,0.4879,1.1808,5.9965e-04,0.5599,6.8815e+05,0.56,0.02,0.56,0.5572,0.56,0.5499,-0.9933,0.0571,-5.1294,4.8,0.32
"3He(alpha, gamma)7Be",3He,2,1,3,a,73He,7,4,-1,-0.5,1.7143,1.584,0.0224,0.0124,0.5171,1.147,7.4164e-04,0.5599,8.0303e+05,0.56,0.02,0.56,0.5572,0.56,0.5499,-0.9933,0.0571,-5.1294,4.8,0.32
"3He(alpha, gamma)7Be",3He,2,1,3,a,73He,7,4,-1,-0.5,1.7143,1.584,0.0224,0.0124,0.5464,1.1158,9.0212e-04,0.5599,9.2441e+05,0.56,0.02,0.56,0.5572,0.56,0.5499,-0.9933,0.0571,-5.1294,4.8,0.32
"3He(alpha, gamma)7Be",3He,2,1,3,a,73He,7,4,-1,-0.5,1.7143,1.584,0.0224,0.0124,0.5756,1.0871,1.0802e-03,0.5599,1.0507e+06,0.56,0.02,0.56,0.5572,0.56,0.5499,-0.9933,0.0571,-5.1294,4.8,0.32
"3He(alpha, gamma)7Be",3He,2,1,3,a,73He,7,4,-1,-0.5,1.7143,1.584,0.0224,0.0124,0.6049,1.0605,1.2771e-03,0.5599,1.1821e+06,0.56,0.02,0.56,0.5572,0.56,0.5499,-0.9933,0.0571,-5.1294,4.8,0.32
"3He(alpha, gamma)7Be",3He,2,1,3,a,73He,7,4,-1,-0.5,1.7143,1.584,0.0224,0.0124,0.6341,1.0358,1.4916e-03,0.5599,1.3170e+06,0.56,0.02,0.56,0.5572,0.56,0.5499,-0.9933,0.0571,-5.1294,4.8,0.32
"3He(alpha, gamma)7Be",3He,2,1,3,a,73He,7,4,-1,-0.5,1.7143,1.584,0.0224,0.0124,0.6634,1.0126,1.7249e-03,0.5599,1.4558e+06,0.56,0.02,0.56,0.5572,0.56,0.5499,-0.9933,0.0571,-5.1294,4.8,0.32
"3He(alpha, gamma)7Be",3He,2,1,3,a,73He,7,4,-1,-0.5,1.7143,1.584,0.0224,0.0124,0.6926,0.9911,1.9754e-03,0.5599,1.5968e+06,0.56,0.02,0.56,0.5572,0.56,0.5499,-0.9933,0.0571,-5.1294,4.8,0.32
"3He(alpha, gamma)7Be",3He,2,1,3,a,73He,7,4,-1,-0.5,1.7143,1.584,0.0224,0.0124,0.7218,0.9708,2.2434e-03,0.5599,1.7401e+06,0.56,0.02,0.56,0.5572,0.56,0.5499,-0.9933,0.0571,-5.1294,4.8,0.32
"3He(alpha, gamma)7Be",3He,2,1,3,a,73He,7,4,-1,-0.5,1.7143,1.584,0.0224,0.0124,0.7511,0.9517,2.5299e-03,0.5599,1.8857e+06,0.56,0.02,0.56,0.5572,0.56,0.5499,-0.9933,0.0571,-5.1294,4.8,0.32
"3He(alpha, gamma)7Be",3He,2,1,3,a,73He,7,4,-1,-0.5,1.7143,1.584,0.0224,0.0124,0.7803,0.9337,2.8324e-03,0.5599,2.0322e+06,0.56,0.02,0.56,0.5572,0.56,0.5499,-0.9933,0.0571,-5.1294,4.8,0.32
"3He(alpha, gamma)7Be",3He,2,1,3,a,73He,7,4,-1,-0.5,1.7143,1.584,0.0224,0.0124,0.8096,0.9167,3.1527e-03,0.5599,2.1801e+06,0.56,0.02,0.56,0.5572,0.56,0.5499,-0.9933,0.0571,-5.1294,4.8,0.32
"3He(alpha, gamma)7Be",3He,2,1,3,a,73He,7,4,-1,-0.5,1.7143,1.584,0.0224,0.0124,0.8388,0.9006,3.4882e-03,0.5598,2.3282e+06,0.56,0.02,0.56,0.5572,0.56,0.5499,-0.9933,0.0571,-5.1294,4.8,0.32
"3He(alpha, gamma)7Be",3He,2,1,3,a,73He,7,4,-1,-0.5,1.7143,1.584,0.0224,0.0124,0.8681,0.8852,3.8409e-03,0.5598,2.4770e+06,0.56,0.02,0.56,0.5572,0.56,0.5499,-0.9933,0.0571,-5.1294,4.8,0.32
"3He(alpha, gamma)7Be",3He,2,1,3,a,73He,7,4,-1,-0.5,1.7143,1.584,0.0224,0.0124,0.8973,0.8707,4.2078e-03,0.5598,2.6253e+06,0.56,0.02,0.56,0.5572,0.56,0.5499,-0.9933,0.0571,-5.1294,4.8,0.32
"3He(alpha, gamma)7Be",3He,2,1,3,a,73He,7,4,-1,-0.5,1.7143,1.584,0.0224,0.0124,0.9266,0.8568,4.5912e-03,0.5598,2.7739e+06,0.56,0.02,0.56,0.5572,0.56,0.5499,-0.9933,0.0571,-5.1294,4.8,0.32
"3He(alpha, gamma)7Be",3He,2,1,3,a,73He,7,4,-1,-0.5,1.7143,1.584,0.0224,0.0124,0.9558,0.8436,4.9879e-03,0.5598,2.9215e+06,0.56,0.02,0.56,0.5572,0.56,0.5499,-0.9933,0.0571,-5.1294,4.8,0.32
"3He(alpha, gamma)7Be",3He,2,1,3,a,73He,7,4,-1,-0.5,1.7143,1.584,0.0224,0.0124,0.985,0.831,5.3988e-03,0.5598,3.0684e+06,0.56,0.02,0.56,0.5572,0.56,0.5499,-0.9933,0.0571,-5.1294,4.8,0.32
"3He(alpha, gamma)7Be",3He,2,1,3,a,73He,7,4,-1,-0.5,1.7143,1.584,0.0224,0.0124,1.0143,0.819,5.8249e-03,0.5598,3.2149e+06,0.56,0.02,0.56,0.5572,0.56,0.5499,-0.9933,0.0571,-5.1294,4.8,0.32
"3He(alpha, gamma)7Be",3He,2,1,3,a,73He,7,4,-1,-0.5,1.7143,1.584,0.0224,0.0124,1.0435,0.8074,6.2629e-03,0.5598,3.3599e+06,0.56,0.02,0.56,0.5572,0.56,0.5499,-0.9933,0.0571,-5.1294,4.8,0.32
"3He(alpha, gamma)7Be",3He,2,1,3,a,73He,7,4,-1,-0.5,1.7143,1.584,0.0224,0.0124,1.0728,0.7963,6.7154e-03,0.5598,3.5042e+06,0.56,0.02,0.56,0.5572,0.56,0.5499,-0.9933,0.0571,-5.1294,4.8,0.32
"3He(alpha, gamma)7Be",3He,2,1,3,a,73He,7,4,-1,-0.5,1.7143,1.584,0.0224,0.0124,1.102,0.7857,7.1788e-03,0.5598,3.6467e+06,0.56,0.02,0.56,0.5572,0.56,0.5499,-0.9933,0.0571,-5.1294,4.8,0.32
"3He(alpha, gamma)7Be",3He,2,1,3,a,73He,7,4,-1,-0.5,1.7143,1.584,0.0224,0.0124,1.1313,0.7754,7.6559e-03,0.5598,3.7884e+06,0.56,0.02,0.56,0.5572,0.56,0.5499,-0.9933,0.0571,-5.1294,4.8,0.32
"3He(alpha, gamma)7Be",3He,2,1,3,a,73He,7,4,-1,-0.5,1.7143,1.584,0.0224,0.0124,1.1605,0.7656,8.1431e-03,0.5598,3.9280e+06,0.56,0.02,0.56,0.5572,0.56,0.5499,-0.9933,0.0571,-5.1294,4.8,0.32
"3He(alpha, gamma)7Be",3He,2,1,3,a,73He,7,4,-1,-0.5,1.7143,1.584,0.0224,0.0124,1.1897,0.7562,8.6415e-03,0.5598,4.0660e+06,0.56,0.02,0.56,0.5572,0.56,0.5499,-0.9933,0.0571,-5.1294,4.8,0.32
"3He(alpha, gamma)7Be",3He,2,1,3,a,73He,7,4,-1,-0.5,1.7143,1.584,0.0224,0.0124,1.219,0.747,9.1524e-03,0.5598,4.2029e+06,0.56,0.02,0.56,0.5572,0.56,0.5499,-0.9933,0.0571,-5.1294,4.8,0.32
"3He(alpha, gamma)7Be",3He,2,1,3,a,73He,7,4,-1,-0.5,1.7143,1.584,0.0224,0.0124,1.2482,0.7382,9.6721e-03,0.5598,4.3376e+06,0.56,0.02,0.56,0.5572,0.56,0.5499,-0.9933,0.0571,-5.1294,4.8,0.32
"3He(alpha, gamma)7Be",3He,2,1,3,a,73He,7,4,-1,-0.5,1.7143,1.584,0.0224,0.0124,1.2775,0.7297,1.0204e-02,0.5598,4.4710e+06,0.56,0.02,0.56,0.5572,0.56,0.5499,-0.9933,0.0571,-5.1294,4.8,0.32
"3He(alpha, gamma)7Be",3He,2,1,3,a,73He,7,4,-1,-0.5,1.7143,1.584,0.0224,0.0124,1.3067,0.7215,1.0743e-02,0.5598,4.6021e+06,0.56,0.02,0.56,0.5572,0.56,0.5499,-0.9933,0.0571,-5.1294,4.8,0.32
"3He(alpha, gamma)7Be",3He,2,1,3,a,73He,7,4,-1,-0.5,1.7143,1.584,0.0224,0.0124,1.336,0.7136,1.1294e-02,0.5598,4.7319e+06,0.56,0.02,0.56,0.5572,0.56,0.5499,-0.9933,0.0571,-5.1294,4.8,0.32
"3He(alpha, gamma)7Be",3He,2,1,3,a,73He,7,4,-1,-0.5,1.7143,1.584,0.0224,0.0124,1.3652,0.7059,1.1852e-02,0.5598,4.8593e+06,0.56,0.02,0.56,0.5572,0.56,0.5499,-0.9933,0.0571,-5.1294,4.8,0.32
"3He(alpha, gamma)7Be",3He,2,1,3,a,73He,7,4,-1,-0.5,1.7143,1.584,0.0224,0.0124,1.3945,0.6984,1.2420e-02,0.5598,4.9853e+06,0.56,0.02,0.56,0.5572,0.56,0.5499,-0.9933,0.0571,-5.1294,4.8,0.32
"3He(alpha, gamma)7Be",3He,2,1,3,a,73He,7,4,-1,-0.5,1.7143,1.584,0.0224,0.0124,1.4237,0.6912,1.2995e-02,0.5597,5.1090e+06,0.56,0.02,0.56,0.5572,0.56,0.5499,-0.9933,0.0571,-5.1294,4.8,0.32
"3He(alpha, gamma)7Be",3He,2,1,3,a,73He,7,4,-1,-0.5,1.7143,1.584,0.0224,0.0124,1.4529,0.6843,1.3577e-02,0.5597,5.2308e+06,0.56,0.02,0.56,0.5572,0.56,0.5499,-0.9933,0.0571,-5.1294,4.8,0.32
"3He(alpha, gamma)7Be",3He,2,1,3,a,73He,7,4,-1,-0.5,1.7143,1.584,0.0224,0.0124,1.4822,0.6775,1.4170e-02,0.5597,5.3510e+06,0.56,0.02,0.56,0.5572,0.56,0.5499,-0.9933,0.0571,-5.1294,4.8,0.32
"3He(alpha, gamma)7Be",3He,2,1,3,a,73He,7,4,-1,-0.5,1.7143,1.584,0.0224,0.0124,1.5114,0.6709,1.4768e-02,0.5597,5.4690e+06,0.56,0.02,0.56,0.5572,0.56,0.5499,-0.9933,0.0571,-5.1294,4.8,0.32
"3He(alpha, gamma)7Be",3He,2,1,3,a,73He,7,4,-1,-0.5,1.7143,1.584,0.0224,0.0124,1.5407,0.6645,1.5374e-02,0.5597,5.5854e+06,0.56,0.02,0.56,0.5572,0.56,0.5499,-0.9933,0.0571,-5.1294,4.8,0.32
"3He(alpha, gamma)7Be",3He,2,1,3,a,73He,7,4,-1,-0.5,1.7143,1.584,0.0224,0.0124,1.5699,0.6583,1.5986e-02,0.5597,5.6995e+06,0.56,0.02,0.56,0.5572,0.56,0.5499,-0.9933,0.0571,-5.1294,4.8,0.32
"3He(alpha, gamma)7Be",3He,2,1,3,a,73He,7,4,-1,-0.5,1.7143,1.584,0.0224,0.0124,1.5992,0.6522,1.6606e-02,0.5597,5.8121e+06,0.56,0.02,0.56,0.5572,0.56,0.5499,-0.9933,0.0571,-5.1294,4.8,0.32
"3He(alpha, gamma)7Be",3He,2,1,3,a,73He,7,4,-1,-0.5,1.7143,1.584,0.0224,0.0124,1.6284,0.6463,1.7231e-02,0.5597,5.9225e+06,0.56,0.02,0.56,0.5572,0.56,0.5499,-0.9933,0.0571,-5.1294,4.8,0.32
"3He(alpha, gamma)7Be",3He,2,1,3,a,73He,7,4,-1,-0.5,1.7143,1.584,0.0224,0.0124,1.6576,0.6406,1.7861e-02,0.5597,6.0309e+06,0.56,0.02,0.56,0.5572,0.56,0.5499,-0.9933,0.0571,-5.1294,4.8,0.32
"3He(alpha, gamma)7Be",3He,2,1,3,a,73He,7,4,-1,-0.5,1.7143,1.584,0.0224,0.0124,1.6869,0.635,1.8499e-02,0.5597,6.1379e+06,0.56,0.02,0.56,0.5572,0.56,0.5499,-0.9933,0.0571,-5.1294,4.8,0.32
"3He(alpha, gamma)7Be",3He,2,1,3,a,73He,7,4,-1,-0.5,1.7143,1.584,0.0224,0.0124,1.7161,0.6296,1.9141e-02,0.5597,6.2426e+06,0.56,0.02,0.56,0.5572,0.56,0.5499,-0.9933,0.0571,-5.1294,4.8,0.32
"3He(alpha, gamma)7Be",3He,2,1,3,a,73He,7,4,-1,-0.5,1.7143,1.584,0.0224,0.0124,1.7454,0.6243,1.9790e-02,0.5597,6.3459e+06,0.56,0.02,0.56,0.5572,0.56,0.5499,-0.9933,0.0571,-5.1294,4.8,0.32
"3He(alpha, gamma)7Be",3He,2,1,3,a,73He,7,4,-1,-0.5,1.7143,1.584,0.0224,0.0124,1.7746,0.6191,2.0442e-02,0.5597,6.4470e+06,0.56,0.02,0.56,0.5572,0.56,0.5499,-0.9933,0.0571,-5.1294,4.8,0.32
"3He(alpha, gamma)7Be",3He,2,1,3,a,73He,7,4,-1,-0.5,1.7143,1.584,0.0224,0.0124,1.8039,0.6141,2.1100e-02,0.5597,6.5466e+06,0.56,0.02,0.56,0.5572,0.56,0.5499,-0.9933,0.0571,-5.1294,4.8,0.32
"3He(alpha, gamma)7Be",3He,2,1,3,a,73He,7,4,-1,-0.5,1.7143,1.584,0.0224,0.0124,1.8331,0.6092,2.1762e-02,0.5597,6.6441e+06,0.56,0.02,0.56,0.5572,0.56,0.5499,-0.9933,0.0571,-5.1294,4.8,0.32
"3He(alpha, gamma)7Be",3He,2,1,3,a,73He,7,4,-1,-0.5,1.7143,1.584,0.0224,0.0124,1.8624,0.6044,2.2429e-02,0.5597,6.7402e+06,0.56,0.02,0.56,0.5572,0.56,0.5499,-0.9933,0.0571,-5.1294,4.8,0.32
"3He(alpha, gamma)7Be",3He,2,1,3,a,73He,7,4,-1,-0.5,1.7143,1.584,0.0224,0.0124,1.8916,0.5997,2.3099e-02,0.5597,6.8343e+06,0.56,0.02,0.56,0.5572,0.56,0.5499,-0.9933,0.0571,-5.1294,4.8,0.32
"3He(alpha, gamma)7Be",3He,2,1,3,a,73He,7,4,-1,-0.5,1.7143,1.584,0.0224,0.0124,1.9208,0.5951,2.3773e-02,0.5597,6.9266e+06,0.56,0.02,0.56,0.5572,0.56,0.5499,-0.9933,0.0571,-5.1294,4.8,0.32
"3He(alpha, gamma)7Be",3He,2,1,3,a,73He,7,4,-1,-0.5,1.7143,1.584,0.0224,0.0124,1.9501,0.5906,2.4453e-02,0.5597,7.0176e+06,0.56,0.02,0.56,0.5572,0.56,0.5499,-0.9933,0.0571,-5.1294,4.8,0.32
"3He(alpha, gamma)7Be",3He,2,1,3,a,73He,7,4,-1,-0.5,1.7143,1.584,0.0224,0.0124,1.9793,0.5863,2.5134e-02,0.5596,7.1066e+06,0.56,0.02,0.56,0.5572,0.56,0.5499,-0.9933,0.0571,-5.1294,4.8,0.32
"3He(alpha, gamma)7Be",3He,2,1,3,a,73He,7,4,-1,-0.5,1.7143,1.584,0.0224,0.0124,2.0086,0.582,2.5821e-02,0.5596,7.1943e+06,0.56,0.02,0.56,0.5572,0.56,0.5499,-0.9933,0.0571,-5.1294,4.8,0.32
"3He(alpha, gamma)7Be",3He,2,1,3,a,73He,7,4,-1,-0.5,1.7143,1.584,0.0224,0.0124,2.0378,0.5778,2.6509e-02,0.5596,7.2800e+06,0.56,0.02,0.56,0.5572,0.56,0.5499,-0.9933,0.0571,-5.1294,4.8,0.32
"3He(alpha, gamma)7Be",3He,2,1,3,a,73He,7,4,-1,-0.5,1.7143,1.584,0.0224,0.0124,2.0671,0.5737,2.7202e-02,0.5596,7.3645e+06,0.56,0.02,0.56,0.5572,0.56,0.5499,-0.9933,0.0571,-5.1294,4.8,0.32
"3He(alpha, gamma)7Be",3He,2,1,3,a,73He,7,4,-1,-0.5,1.7143,1.584,0.0224,0.0124,2.0963,0.5697,2.7896e-02,0.5596,7.4471e+06,0.56,0.02,0.56,0.5572,0.56,0.5499,-0.9933,0.0571,-5.1294,4.8,0.32
"3He(alpha, gamma)7Be",3He,2,1,3,a,73He,7,4,-1,-0.5,1.7143,1.584,0.0224,0.0124,2.1255,0.5657,2.8593e-02,0.5596,7.5282e+06,0.56,0.02,0.56,0.5572,0.56,0.5499,-0.9933,0.0571,-5.1294,4.8,0.32
"3He(alpha, gamma)7Be",3He,2,1,3,a,73He,7,4,-1,-0.5,1.7143,1.584,0.0224,0.0124,2.1548,0.5619,2.9295e-02,0.5596,7.6080e+06,0.56,0.02,0.56,0.5572,0.56,0.5499,-0.9933,0.0571,-5.1294,4.8,0.32
"3He(alpha, gamma)7Be",3He,2,1,3,a,73He,7,4,-1,-0.5,1.7143,1.584,0.0224,0.0124,2.184,0.5581,2.9997e-02,0.5596,7.6861e+06,0.56,0.02,0.56,0.5572,0.56,0.5499,-0.9933,0.0571,-5.1294,4.8,0.32
"3He(alpha, gamma)7Be",3He,2,1,3,a,73He,7,4,-1,-0.5,1.7143,1.584,0.0224,0.0124,2.2133,0.5544,3.0704e-02,0.5596,7.7630e+06,0.56,0.02,0.56,0.5572,0.56,0.5499,-0.9933,0.0571,-5.1294,4.8,0.32
"3He(alpha, gamma)7Be",3He,2,1,3,a,73He,7,4,-1,-0.5,1.7143,1.584,0.0224,0.0124,2.2425,0.5508,3.1410e-02,0.5596,7.8382e+06,0.56,0.02,0.56,0.5572,0.56,0.5499,-0.9933,0.0571,-5.1294,4.8,0.32
"3He(alpha, gamma)7Be",3He,2,1,3,a,73He,7,4,-1,-0.5,1.7143,1.584,0.0224,0.0124,2.2718,0.5472,3.2121e-02,0.5596,7.9122e+06,0.56,0.02,0.56,0.5572,0.56,0.5499,-0.9933,0.0571,-5.1294,4.8,0.32
"3He(alpha, gamma)7Be",3He,2,1,3,a,73He,7,4,-1,-0.5,1.7143,1.584,0.0224,0.0124,2.301,0.5437,3.2832e-02,0.5596,7.9845e+06,0.56,0.02,0.56,0.5572,0.56,0.5499,-0.9933,0.0571,-5.1294,4.8,0.32
"3He(alpha, gamma)7Be",3He,2,1,3,a,73He,7,4,-1,-0.5,1.7143,1.584,0.0224,0.0124,2.3303,0.5403,3.3547e-02,0.5596,8.0558e+06,0.56,0.02,0.56,0.5572,0.56,0.5499,-0.9933,0.0571,-5.1294,4.8,0.32
"3He(alpha, gamma)7Be",3He,2,1,3,a,73He,7,4,-1,-0.5,1.7143,1.584,0.0224,0.0124,2.3595,0.5369,3.4262e-02,0.5596,8.1254e+06,0.56,0.02,0.56,0.5572,0.56,0.5499,-0.9933,0.0571,-5.1294,4.8,0.32
"3He(alpha, gamma)7Be",3He,2,1,3,a,73He,7,4,-1,-0.5,1.7143,1.584,0.0224,0.0124,2.3887,0.5337,3.4978e-02,0.5596,8.1938e+06,0.56,0.02,0.56,0.5572,0.56,0.5499,-0.9933,0.0571,-5.1294,4.8,0.32
"3He(alpha, gamma)7Be",3He,2,1,3,a,73He,7,4,-1,-0.5,1.7143,1.584,0.0224,0.0124,2.418,0.5304,3.5698e-02,0.5596,8.2610e+06,0.56,0.02,0.56,0.5572,0.56,0.5499,-0.9933,0.0571,-5.1294,4.8,0.32
"3He(alpha, gamma)7Be",3He,2,1,3,a,73He,7,4,-1,-0.5,1.7143,1.584,0.0224,0.0124,2.4472,0.5272,3.6417e-02,0.5596,8.3268e+06,0.56,0.02,0.56,0.5572,0.56,0.5499,-0.9933,0.0571,-5.1294,4.8,0.32
"3He(alpha, gamma)7Be",3He,2,1,3,a,73He,7,4,-1,-0.5,1.7143,1.584,0.0224,0.0124,2.4765,0.5241,3.7140e-02,0.5596,8.3915e+06,0.56,0.02,0.56,0.5572,0.56,0.5499,-0.9933,0.0571,-5.1294,4.8,0.32
"3He(alpha, gamma)7Be",3He,2,1,3,a,73He,7,4,-1,-0.5,1.7143,1.584,0.0224,0.0124,2.5057,0.521,3.7861e-02,0.5596,8.4548e+06,0.56,0.02,0.56,0.5572,0.56,0.5499,-0.9933,0.0571,-5.1294,4.8,0.32
"3He(alpha, gamma)7Be",3He,2,1,3,a,73He,7,4,-1,-0.5,1.7143,1.584,0.0224,0.0124,2.535,0.518,3.8586e-02,0.5595,8.5171e+06,0.56,0.02,0.56,0.5572,0.56,0.5499,-0.9933,0.0571,-5.1294,4.8,0.32
"3He(alpha, gamma)7Be",3He,2,1,3,a,73He,7,4,-1,-0.5,1.7143,1.584,0.0224,0.0124,2.5642,0.5151,3.9310e-02,0.5595,8.5780e+06,0.56,0.02,0.56,0.5572,0.56,0.5499,-0.9933,0.0571,-5.1294,4.8,0.32
"3He(alpha, gamma)7Be",3He,2,1,3,a,73He,7,4,-1,-0.5,1.7143,1.584,0.0224,0.0124,2.5934,0.5122,4.0035e-02,0.5595,8.6377e+06,0.56,0.02,0.56,0.5572,0.56,0.5499,-0.9933,0.0571,-5.1294,4.8,0.32
"3He(alpha, gamma)7Be",3He,2,1,3,a,73He,7,4,-1,-0.5,1.7143,1.584,0.0224,0.0124,2.6227,0.5093,4.0763e-02,0.5595,8.6965e+06,0.56,0.02,0.56,0.5572,0.56,0.5499,-0.9933,0.0571,-5.1294,4.8,0.32
"3He(alpha, gamma)7Be",3He,2,1,3,a,73He,7,4,-1,-0.5,1.7143,1.584,0.0224,0.0124,2.6519,0.5065,4.1490e-02,0.5595,8.7540e+06,0.56,0.02,0.56,0.5572,0.56,0.5499,-0.9933,0.0571,-5.1294,4.8,0.32
"3He(alpha, gamma)7Be",3He,2,1,3,a,73He,7,4,-1,-0.5,1.7143,1.584,0.0224,0.0124,2.6812,0.5037,4.2220e-02,0.5595,8.8105e+06,0.56,0.02,0.56,0.5572,0.56,0.5499,-0.9933,0.0571,-5.1294,4.8,0.32
"3He(alpha, gamma)7Be",3He,2,1,3,a,73He,7,4,-1,-0.5,1.7143,1.584,0.0224,0.0124,2.7104,0.501,4.2947e-02,0.5595,8.8658e+06,0.56,0.02,0.56,0.5572,0.56,0.5499,-0.9933,0.0571,-5.1294,4.8,0.32
"3He(alpha, gamma)7Be",3He,2,1,3,a,73He,7,4,-1,-0.5,1.7143,1.584,0.0224,0.0124,2.7397,0.4983,4.3678e-02,0.5595,8.9201e+06,0.56,0.02,0.56,0.5572,0.56,0.5499,-0.9933,0.0571,-5.1294,4.8,0.32
"3He(alpha, gamma)7Be",3He,2,1,3,a,73He,7,4,-1,-0.5,1.7143,1.584,0.0224,0.0124,2.7689,0.4957,4.4407e-02,0.5595,8.9733e+06,0.56,0.02,0.56,0.5572,0.56,0.5499,-0.9933,0.0571,-5.1294,4.8,0.32
"3He(alpha, gamma)7Be",3He,2,1,3,a,73He,7,4,-1,-0.5,1.7143,1.584,0.0224,0.0124,2.7982,0.4931,4.5139e-02,0.5595,9.0256e+06,0.56,0.02,0.56,0.5572,0.56,0.5499,-0.9933,0.0571,-5.1294,4.8,0.32
"3He(alpha, gamma)7Be",3He,2,1,3,a,73He,7,4,-1,-0.5,1.7143,1.584,0.0224,0.0124,2.8274,0.4905,4.5869e-02,0.5595,9.0767e+06,0.56,0.02,0.56,0.5572,0.56,0.5499,-0.9933,0.0571,-5.1294,4.8,0.32
"3He(alpha, gamma)7Be",3He,2,1,3,a,73He,7,4,-1,-0.5,1.7143,1.584,0.0224,0.0124,2.8566,0.488,4.6599e-02,0.5595,9.1269e+06,0.56,0.02,0.56,0.5572,0.56,0.5499,-0.9933,0.0571,-5.1294,4.8,0.32
"3He(alpha, gamma)7Be",3He,2,1,3,a,73He,7,4,-1,-0.5,1.7143,1.584,0.0224,0.0124,2.8859,0.4855,4.7332e-02,0.5595,9.1762e+06,0.56,0.02,0.56,0.5572,0.56,0.5499,-0.9933,0.0571,-5.1294,4.8,0.32
"3He(alpha, gamma)7Be",3He,2,1,3,a,73He,7,4,-1,-0.5,1.7143,1.584,0.0224,0.0124,2.9151,0.4831,4.8063e-02,0.5595,9.2244e+06,0.56,0.02,0.56,0.5572,0.56,0.5499,-0.9933,0.0571,-5.1294,4.8,0.32
"3He(alpha, gamma)7Be",3He,2,1,3,a,73He,7,4,-1,-0.5,1.7143,1.584,0.0224,0.0124,2.9444,0.4807,4.8796e-02,0.5595,9.2719e+06,0.56,0.02,0.56,0.5572,0.56,0.5499,-0.9933,0.0571,-5.1294,4.8,0.32
"3He(alpha, gamma)7Be",3He,2,1,3,a,73He,7,4,-1,-0.5,1.7143,1.584,0.0224,0.0124,2.9736,0.4783,4.9527e-02,0.5595,9.3182e+06,0.56,0.02,0.56,0.5572,0.56,0.5499,-0.9933,0.0571,-5.1294,4.8,0.32
"3He(alpha, gamma)7Be",3He,2,1,3,a,73He,7,4,-1,-0.5,1.7143,1.584,0.0224,0.0124,3.0029,0.476,5.0260e-02,0.5595,9.3638e+06,0.56,0.02,0.56,0.5572,0.56,0.5499,-0.9933,0.0571,-5.1294,4.8,0.32
"3He(alpha, gamma)7Be",3He,2,1,3,a,73He,7,4,-1,-0.5,1.7143,1.584,0.0224,0.0124,3.0321,0.4737,5.0991e-02,0.5595,9.4084e+06,0.56,0.02,0.56,0.5572,0.56,0.5499,-0.9933,0.0571,-5.1294,4.8,0.32
"3He(alpha, gamma)7Be",3He,2,1,3,a,73He,7,4,-1,-0.5,1.7143,1.584,0.0224,0.0124,3.0613,0.4714,5.1722e-02,0.5595,9.4521e+06,0.56,0.02,0.56,0.5572,0.56,0.5499,-0.9933,0.0571,-5.1294,4.8,0.32
"3He(alpha, gamma)7Be",3He,2,1,3,a,73He,7,4,-1,-0.5,1.7143,1.584,0.0224,0.0124,3.0906,0.4692,5.2455e-02,0.5594,9.4951e+06,0.56,0.02,0.56,0.5572,0.56,0.5499,-0.9933,0.0571,-5.1294,4.8,0.32
"3He(alpha, gamma)7Be",3He,2,1,3,a,73He,7,4,-1,-0.5,1.7143,1.584,0.0224,0.0124,3.1198,0.467,5.3185e-02,0.5594,9.5371e+06,0.56,0.02,0.56,0.5572,0.56,0.5499,-0.9933,0.0571,-5.1294,4.8,0.32
"3He(alpha, gamma)7Be",3He,2,1,3,a,73He,7,4,-1,-0.5,1.7143,1.584,0.0224,0.0124,3.1491,0.4648,5.3918e-02,0.5594,9.5784e+06,0.56,0.02,0.56,0.5572,0.56,0.5499,-0.9933,0.0571,-5.1294,4.8,0.32
"3He(alpha, gamma)7Be",3He,2,1,3,a,73He,7,4,-1,-0.5,1.7143,1.584,0.0224,0.0124,3.1783,0.4626,5.4647e-02,0.5594,9.6188e+06,0.56,0.02,0.56,0.5572,0.56,0.5499,-0.9933,0.0571,-5.1294,4.8,0.32
"3He(alpha, gamma)7Be",3He,2,1,3,a,73He,7,4,-1,-0.5,1.7143,1.584,0.0224,0.0124,3.2076,0.4605,5.5379e-02,0.5594,9.6585e+06,0.56,0.02,0.56,0.5572,0.56,0.5499,-0.9933,0.0571,-5.1294,4.8,0.32
"3He(alpha, gamma)7Be",3He,2,1,3,a,73He,7,4,-1,-0.5,1.7143,1.584,0.0224,0.0124,3.2368,0.4584,5.6109e-02,0.5594,9.6973e+06,0.56,0.02,0.56,0.5572,0.56,0.5499,-0.9933,0.0571,-5.1294,4.8,0.32
"3He(alpha, gamma)7Be",3He,2,1,3,a,73He,7,4,-1,-0.5,1.7143,1.584,0.0224,0.0124,3.2661,0.4564,5.6840e-02,0.5594,9.7355e+06,0.56,0.02,0.56,0.5572,0.56,0.5499,-0.9933,0.0571,-5.1294,4.8,0.32
"3He(alpha, gamma)7Be",3He,2,1,3,a,73He,7,4,-1,-0.5,1.7143,1.584,0.0224,0.0124,3.2953,0.4544,5.7568e-02,0.5594,9.7728e+06,0.56,0.02,0.56,0.5572,0.56,0.5499,-0.9933,0.0571,-5.1294,4.8,0.32
"3He(alpha, gamma)7Be",3He,2,1,3,a,73He,7,4,-1,-0.5,1.7143,1.584,0.0224,0.0124,3.3245,0.4524,5.8296e-02,0.5594,9.8093e+06,0.56,0.02,0.56,0.5572,0.56,0.5499,-0.9933,0.0571,-5.1294,4.8,0.32
"3He(alpha, gamma)7Be",3He,2,1,3,a,73He,7,4,-1,-0.5,1.7143,1.584,0.0224,0.0124,3.3538,0.4504,5.9026e-02,0.5594,9.8453e+06,0.56,0.02,0.56,0.5572,0.56,0.5499,-0.9933,0.0571,-5.1294,4.8,0.32
"3He(alpha, gamma)7Be",3He,2,1,3,a,73He,7,4,-1,-0.5,1.7143,1.584,0.0224,0.0124,3.383,0.4484,5.9753e-02,0.5594,9.8804e+06,0.56,0.02,0.56,0.5572,0.56,0.5499,-0.9933,0.0571,-5.1294,4.8,0.32
"3He(alpha, gamma)7Be",3He,2,1,3,a,73He,7,4,-1,-0.5,1.7143,1.584,0.0224,0.0124,3.4123,0.4465,6.0482e-02,0.5594,9.9150e+06,0.56,0.02,0.56,0.5572,0.56,0.5499,-0.9933,0.0571,-5.1294,4.8,0.32
"3He(alpha, gamma)7Be",3He,2,1,3,a,73He,7,4,-1,-0.5,1.7143,1.584,0.0224,0.0124,3.4415,0.4446,6.1207e-02,0.5594,9.9487e+06,0.56,0.02,0.56,0.5572,0.56,0.5499,-0.9933,0.0571,-5.1294,4.8,0.32
"3He(alpha, gamma)7Be",3He,2,1,3,a,73He,7,4,-1,-0.5,1.7143,1.584,0.0224,0.0124,3.4708,0.4427,6.1935e-02,0.5594,9.9819e+06,0.56,0.02,0.56,0.5572,0.56,0.5499,-0.9933,0.0571,-5.1294,4.8,0.32
"3He(alpha, gamma)7Be",3He,2,1,3,a,73He,7,4,-1,-0.5,1.7143,1.584,0.0224,0.0124,3.5,0.4409,6.2659e-02,0.5594,1.0014e+07,0.56,0.02,0.56,0.5572,0.56,0.5499,-0.9933,0.0571,-5.1294,4.8,0.32
"3H(alpha, gamma)7Li",3H,1,2,3,a,73H,7,3,1,0.5,1.7143,0.792,0.0141,0.0098,0.02,2.9161,1.1036e-08,0.56,3.0900e+02,0.56,0.02,0.56,0.5572,0.56,0.5499,-0.9933,0.0429,-5.1294,6.6,0.32
"3H(alpha, gamma)7Li",3H,1,2,3,a,73H,7,3,1,0.5,1.7143,0.792,0.0141,0.0098,0.0492,1.8592,8.4465e-06,0.56,9.6138e+04,0.56,0.02,0.56,0.5572,0.56,0.5499,-0.9933,0.0429,-5.1294,6.6,0.32
"3H(alpha, gamma)7Li",3H,1,2,3,a,73H,7,3,1,0.5,1.7143,0.792,0.0141,0.0098,0.0785,1.4719,9.6288e-05,0.56,6.8688e+05,0.56,0.02,0.56,0.5572,0.56,0.5499,-0.9933,0.0429,-5.1294,6.6,0.32
"3H(alpha, gamma)7Li",3H,1,2,3,a,73H,7,3,1,0.5,1.7143,0.792,0.0141,0.0098,0.1077,1.2566,3.7239e-04,0.56,1.9362e+06,0.56,0.02,0.56,0.5572,0.56,0.5499,-0.9933,0.0429,-5.1294,6.6,0.32
"3H(alpha, gamma)7Li",3H,1,2,3,a,73H,7,3,1,0.5,1.7143,0.792,0.0141,0.0098,0.137,1.1142,9.1141e-04,0.56,3.7253e+06,0.56,0.02,0.56,0.5572,0.56,0.5499,-0.9933,0.0429,-5.1294,6.6,0.32
"3H(alpha, gamma)7Li",3H,1,2,3,a,73H,7,3,1,0.5,1.7143,0.792,0.0141,0.0098,0.1662,1.0116,1.7365e-03,0.56,5.8508e+06,0.56,0.02,0.56,0.5572,0.56,0.5499,-0.9933,0.0429,-5.1294,6.6,0.32
"3H(alpha, gamma)7Li",3H,1,2,3,a,73H,7,3,1,0.5,1.7143,0.792,0.0141,0.0098,0.1955,0.9327,2.8505e-03,0.56,8.1646e+06,0.56,0.02,0.56,0.5572,0.56,0.5499,-0.9933,0.0429,-5.1294,6.6,0.32
"3H(alpha, gamma)7Li",3H,1,2,3,a,73H,7,3,1,0.5,1.7143,0.792,0.0141,0.0098,0.2247,0.87,4.2271e-03,0.56,1.0534e+07,0.56,0.02,0.56,0.5572,0.56,0.5499,-0.9933,0.0429,-5.1294,6.6,0.32
"3H(alpha, gamma)7Li",3H,1,2,3,a,73H,7,3,1,0.5,1.7143,0.792,0.0141,0.0098,0.2539,0.8184,5.8441e-03,0.56,1.2889e+07,0.56,0.02,0.56,0.5572,0.56,0.5499,-0.9933,0.0429,-5.1294,6.6,0.32
"3H(alpha, gamma)7Li",3H,1,2,3,a,73H,7,3,1,0.5,1.7143,0.792,0.0141,0.0098,0.2832,0.7749,7.6807e-03,0.56,1.5186e+07,0.56,0.02,0.56,0.5572,0.56,0.5499,-0.9933,0.0429,-5.1294,6.6,0.32
"3H(alpha, gamma)7Li",3H,1,2,3,a,73H,7,3,1,0.5,1.7143,0.792,0.0141,0.0098,0.3124,0.7378,9.6973e-03,0.5599,1.7381e+07,0.56,0.02,0.56,0.5572,0.56,0.5499,-0.9933,0.0429,-5.1294,6.6,0.32
"3H(alpha, gamma)7Li",3H,1,2,3,a,73H,7,3,1,0.5,1.7143,0.792,0.0141,0.0098,0.3417,0.7055,1.1882e-02,0.5599,1.9472e+07,0.56,0.02,0.56,0.5572,0.56,0.5499,-0.9933,0.0429,-5.1294,6.6,0.32
"3H(alpha, gamma)7Li",3H,1,2,3,a,73H,7,3,1,0.5,1.7143,0.792,0.0141,0.0098,0.3709,0.6771,1.4198e-02,0.5599,2.1435e+07,0.56,0.02,0.56,0.5572,0.56,0.5499,-0.9933,0.0429,-5.1294,6.6,0.32
"3H(alpha, gamma)7Li",3H,1,2,3,a,73H,7,3,1,0.5,1.7143,0.792,0.0141,0.0098,0.4002,0.6519,1.6640e-02,0.5599,2.3282e+07,0.56,0.02,0.56,0.5572,0.56,0.5499,-0.9933,0.0429,-5.1294,6.6,0.32
"3H(alpha, gamma)7Li",3H,1,2,3,a,73H,7,3,1,0.5,1.7143,0.792,0.0141,0.0098,0.4294,0.6293,1.9174e-02,0.5599,2.5002e+07,0.56,0.02,0.56,0.5572,0.56,0.5499,-0.9933,0.0429,-5.1294,6.6,0.32
"3H(alpha, gamma)7Li",3H,1,2,3,a,73H,7,3,1,0.5,1.7143,0.792,0.0141,0.0098,0.4587,0.6089,2.1800e-02,0.5599,2.6611e+07,0.56,0.02,0.56,0.5572,0.56,0.5499,-0.9933,0.0429,-5.1294,6.6,0.32
"3H(alpha, gamma)7Li",3H,1,2,3,a,73H,7,3,1,0.5,1.7143,0.792,0.0141,0.0098,0.4879,0.5904,2.4488e-02,0.5599,2.8102e+07,0.56,0.02,0.56,0.5572,0.56,0.5499,-0.9933,0.0429,-5.1294,6.6,0.32
"3H(alpha, gamma)7Li",3H,1,2,3,a,73H,7,3,1,0.5,1.7143,0.792,0.0141,0.0098,0.5171,0.5735,2.7233e-02,0.5599,2.9488e+07,0.56,0.02,0.56,0.5572,0.56,0.5499,-0.9933,0.0429,-5.1294,6.6,0.32
"3H(alpha, gamma)7Li",3H,1,2,3,a,73H,7,3,1,0.5,1.7143,0.792,0.0141,0.0098,0.5464,0.5579,3.0035e-02,0.5599,3.0778e+07,0.56,0.02,0.56,0.5572,0.56,0.5499,-0.9933,0.0429,-5.1294,6.6,0.32
"3H(alpha, gamma)7Li",3H,1,2,3,a,73H,7,3,1,0.5,1.7143,0.792,0.0141,0.0098,0.5756,0.5436,3.2866e-02,0.5599,3.1970e+07,0.56,0.02,0.56,0.5572,0.56,0.5499,-0.9933,0.0429,-5.1294,6.6,0.32
"3H(alpha, gamma)7Li",3H,1,2,3,a,73H,7,3,1,0.5,1.7143,0.792,0.0141,0.0098,0.6049,0.5302,3.5737e-02,0.5599,3.3078e+07,0.56,0.02,0.56,0.5572,0.56,0.5499,-0.9933,0.0429,-5.1294,6.6,0.32
"3H(alpha, gamma)7Li",3H,1,2,3,a,73H,7,3,1,0.5,1.7143,0.792,0.0141,0.0098,0.6341,0.5179,3.8621e-02,0.5599,3.4101e+07,0.56,0.02,0.56,0.5572,0.56,0.5499,-0.9933,0.0429,-5.1294,6.6,0.32
"3H(alpha, gamma)7Li",3H,1,2,3,a,73H,7,3,1,0.5,1.7143,0.792,0.0141,0.0098,0.6634,0.5063,4.1532e-02,0.5599,3.5052e+07,0.56,0.02,0.56,0.5572,0.56,0.5499,-0.9933,0.0429,-5.1294,6.6,0.32
"3H(alpha, gamma)7Li",3H,1,2,3,a,73H,7,3,1,0.5,1.7143,0.792,0.0141,0.0098,0.6926,0.4955,4.4445e-02,0.5599,3.5928e+07,0.56,0.02,0.56,0.5572,0.56,0.5499,-0.9933,0.0429,-5.1294,6.6,0.32
"3H(alpha, gamma)7Li",3H,1,2,3,a,73H,7,3,1,0.5,1.7143,0.792,0.0141,0.0098,0.7218,0.4854,4.7365e-02,0.5599,3.6739e+07,0.56,0.02,0.56,0.5572,0.56,0.5499,-0.9933,0.0429,-5.1294,6.6,0.32
"3H(alpha, gamma)7Li",3H,1,2,3,a,73H,7,3,1,0.5,1.7143,0.792,0.0141,0.0098,0.7511,0.4758,5.0298e-02,0.5599,3.7492e+07,0.56,0.02,0.56,0.5572,0.56,0.5499,-0.9933,0.0429,-5.1294,6.6,0.32
"3H(alpha, gamma)7Li",3H,1,2,3,a,73H,7,3,1,0.5,1.7143,0.792,0.0141,0.0098,0.7803,0.4669,5.3220e-02,0.5599,3.8185e+07,0.56,0.02,0.56,0.5572,0.56,0.5499,-0.9933,0.0429,-5.1294,6.6,0.32
"3H(alpha, gamma)7Li",3H,1,2,3,a,73H,7,3,1,0.5,1.7143,0.792,0.0141,0.0098,0.8096,0.4583,5.6149e-02,0.5599,3.8828e+07,0.56,0.02,0.56,0.5572,0.56,0.5499,-0.9933,0.0429,-5.1294,6.6,0.32
"3H(alpha, gamma)7Li",3H,1,2,3,a,73H,7,3,1,0.5,1.7143,0.792,0.0141,0.0098,0.8388,0.4503,5.9061e-02,0.5599,3.9420e+07,0.56,0.02,0.56,0.5572,0.56,0.5499,-0.9933,0.0429,-5.1294,6.6,0.32
"3H(alpha, gamma)7Li",3H,1,2,3,a,73H,7,3,1,0.5,1.7143,0.792,0.0141,0.0098,0.8681,0.4426,6.1975e-02,0.5598,3.9968e+07,0.56,0.02,0.56,0.5572,0.56,0.5499,-0.9933,0.0429,-5.1294,6.6,0.32
"3H(alpha, gamma)7Li",3H,1,2,3,a,73H,7,3,1,0.5,1.7143,0.792,0.0141,0.0098,0.8973,0.4354,6.4868e-02,0.5598,4.0472e+07,0.56,0.02,0.56,0.5572,0.56,0.5499,-0.9933,0.0429,-5.1294,6.6,0.32
"3H(alpha, gamma)7Li",3H,1,2,3,a,73H,7,3,1,0.5,1.7143,0.792,0.0141,0.0098,0.9266,0.4284,6.7758e-02,0.5598,4.0939e+07,0.56,0.02,0.56,0.5572,0.56,0.5499,-0.9933,0.0429,-5.1294,6.6,0.32
"3H(alpha, gamma)7Li",3H,1,2,3,a,73H,7,3,1,0.5,1.7143,0.792,0.0141,0.0098,0.9558,0.4218,7.0625e-02,0.5598,4.1367e+07,0.56,0.02,0.56,0.5572,0.56,0.5499,-0.9933,0.0429,-5.1294,6.6,0.32
"3H(alpha, gamma)7Li",3H,1,2,3,a,73H,7,3,1,0.5,1.7143,0.792,0.0141,0.0098,0.985,0.4155,7.3476e-02,0.5598,4.1761e+07,0.56,0.02,0.56,0.5572,0.56,0.5499,-0.9933,0.0429,-5.1294,6.6,0.32
"3H(alpha, gamma)7Li",3H,1,2,3,a,73H,7,3,1,0.5,1.7143,0.792,0.0141,0.0098,1.0143,0.4095,7.6321e-02,0.5598,4.2124e+07,0.56,0.02,0.56,0.5572,0.56,0.5499,-0.9933,0.0429,-5.1294,6.6,0.32
"3H(alpha, gamma)7Li",3H,1,2,3,a,73H,7,3,1,0.5,1.7143,0.792,0.0141,0.0098,1.0435,0.4037,7.9138e-02,0.5598,4.2456e+07,0.56,0.02,0.56,0.5572,0.56,0.5499,-0.9933,0.0429,-5.1294,6.6,0.32
"3H(alpha, gamma)7Li",3H,1,2,3,a,73H,7,3,1,0.5,1.7143,0.792,0.0141,0.0098,1.0728,0.3982,8.1947e-02,0.5598,4.2762e+07,0.56,0.02,0.56,0.5572,0.56,0.5499,-0.9933,0.0429,-5.1294,6.6,0.32
"3H(alpha, gamma)7Li",3H,1,2,3,a,73H,7,3,1,0.5,1.7143,0.792,0.0141,0.0098,1.102,0.3928,8.4728e-02,0.5598,4.3041e+07,0.56,0.02,0.56,0.5572,0.56,0.5499,-0.9933,0.0429,-5.1294,6.6,0.32
"3H(alpha, gamma)7Li",3H,1,2,3,a,73H,7,3,1,0.5,1.7143,0.792,0.0141,0.0098,1.1313,0.3877,8.7498e-02,0.5598,4.3297e+07,0.56,0.02,0.56,0.5572,0.56,0.5499,-0.9933,0.0429,-5.1294,6.6,0.32
"3H(alpha, gamma)7Li",3H,1,2,3,a,73H,7,3,1,0.5,1.7143,0.792,0.0141,0.0098,1.1605,0.3828,9.0239e-02,0.5598,4.3529e+07,0.56,0.02,0.56,0.5572,0.56,0.5499,-0.9933,0.0429,-5.1294,6.6,0.32
"3H(alpha, gamma)7Li",3H,1,2,3,a,73H,7,3,1,0.5,1.7143,0.792,0.0141,0.0098,1.1897,0.3781,9.2959e-02,0.5598,4.3741e+07,0.56,0.02,0.56,0.5572,0.56,0.5499,-0.9933,0.0429,-5.1294,6.6,0.32
"3H(alpha, gamma)7Li",3H,1,2,3,a,73H,7,3,1,0.5,1.7143,0.792,0.0141,0.0098,1.219,0.3735,9.5668e-02,0.5598,4.3933e+07,0.56,0.02,0.56,0.5572,0.56,0.5499,-0.9933,0.0429,-5.1294,6.6,0.32
"3H(alpha, gamma)7Li",3H,1,2,3,a,73H,7,3,1,0.5,1.7143,0.792,0.0141,0.0098,1.2482,0.3691,9.8347e-02,0.5598,4.4106e+07,0.56,0.02,0.56,0.5572,0.56,0.5499,-0.9933,0.0429,-5.1294,6.6,0.32
"3H(alpha, gamma)7Li",3H,1,2,3,a,73H,7,3,1,0.5,1.7143,0.792,0.0141,0.0098,1.2775,0.3649,1.0101e-01,0.5598,4.4262e+07,0.56,0.02,0.56,0.5572,0.56,0.5499,-0.9933,0.0429,-5.1294,6.6,0.32
"3H(alpha, gamma)7Li",3H,1,2,3,a,73H,7,3,1,0.5,1.7143,0.792,0.0141,0.0098,1.3067,0.3608,1.0365e-01,0.5598,4.4402e+07,0.56,0.02,0.56,0.5572,0.56,0.5499,-0.9933,0.0429,-5.1294,6.6,0.32
"3H(alpha, gamma)7Li",3H,1,2,3,a,73H,7,3,1,0.5,1.7143,0.792,0.0141,0.0098,1.336,0.3568,1.0627e-01,0.5598,4.4527e+07,0.56,0.02,0.56,0.5572,0.56,0.5499,-0.9933,0.0429,-5.1294,6.6,0.32
"3H(alpha, gamma)7Li",3H,1,2,3,a,73H,7,3,1,0.5,1.7143,0.792,0.0141,0.0098,1.3652,0.3529,1.0886e-01,0.5598,4.4637e+07,0.56,0.02,0.56,0.5572,0.56,0.5499,-0.9933,0.0429,-5.1294,6.6,0.32
"3H(alpha, gamma)7Li",3H,1,2,3,a,73H,7,3,1,0.5,1.7143,0.792,0.0141,0.0098,1.3945,0.3492,1.1144e-01,0.5598,4.4734e+07,0.56,0.02,0.56,0.5572,0.56,0.5499,-0.9933,0.0429,-5.1294,6.6,0.32
"3H(alpha, gamma)7Li",3H,1,2,3,a,73H,7,3,1,0.5,1.7143,0.792,0.0141,0.0098,1.4237,0.3456,1.1399e-01,0.5598,4.4819e+07,0.56,0.02,0.56,0.5572,0.56,0.5499,-0.9933,0.0429,-5.1294,6.6,0.32
"3H(alpha, gamma)7Li",3H,1,2,3,a,73H,7,3,1,0.5,1.7143,0.792,0.0141,0.0098,1.4529,0.3421,1.1652e-01,0.5597,4.4892e+07,0.56,0.02,0.56,0.5572,0.56,0.5499,-0.9933,0.0429,-5.1294,6.6,0.32
"3H(alpha, gamma)7Li",3H,1,2,3,a,73H,7,3,1,0.5,1.7143,0.792,0.0141,0.0098,1.4822,0.3387,1.1904e-01,0.5597,4.4953e+07,0.56,0.02,0.56,0.5572,0.56,0.5499,-0.9933,0.0429,-5.1294,6.6,0.32
"3H(alpha, gamma)7Li",3H,1,2,3,a,73H,7,3,1,0.5,1.7143,0.792,0.0141,0.0098,1.5114,0.3354,1.2152e-01,0.5597,4.5005e+07,0.56,0.02,0.56,0.5572,0.56,0.5499,-0.9933,0.0429,-5.1294,6.6,0.32
"3H(alpha, gamma)7Li",3H,1,2,3,a,73H,7,3,1,0.5,1.7143,0.792,0.0141,0.0098,1.5407,0.3322,1.2399e-01,0.5597,4.5047e+07,0.56,0.02,0.56,0.5572,0.56,0.5499,-0.9933,0.0429,-5.1294,6.6,0.32
"3H(alpha, gamma)7Li",3H,1,2,3,a,73H,7,3,1,0.5,1.7143,0.792,0.0141,0.0098,1.5699,0.3291,1.2644e-01,0.5597,4.5079e+07,0.56,0.02,0.56,0.5572,0.56,0.5499,-0.9933,0.0429,-5.1294,6.6,0.32
"3H(alpha, gamma)7Li",3H,1,2,3,a,73H,7,3,1,0.5,1.7143,0.792,0.0141,0.0098,1.5992,0.3261,1.2887e-01,0.5597,4.5103e+07,0.56,0.02,0.56,0.5572,0.56,0.5499,-0.9933,0.0429,-5.1294,6.6,0.32
"3H(alpha, gamma)7Li",3H,1,2,3,a,73H,7,3,1,0.5,1.7143,0.792,0.0141,0.0098,1.6284,0.3232,1.3127e-01,0.5597,4.5119e+07,0.56,0.02,0.56,0.5572,0.56,0.5499,-0.9933,0.0429,-5.1294,6.6,0.32
"3H(alpha, gamma)7Li",3H,1,2,3,a,73H,7,3,1,0.5,1.7143,0.792,0.0141,0.0098,1.6576,0.3203,1.3364e-01,0.5597,4.5127e+07,0.56,0.02,0.56,0.5572,0.56,0.5499,-0.9933,0.0429,-5.1294,6.6,0.32
"3H(alpha, gamma)7Li",3H,1,2,3,a,73H,7,3,1,0.5,1.7143,0.792,0.0141,0.0098,1.6869,0.3175,1.3601e-01,0.5597,4.5128e+07,0.56,0.02,0.56,0.5572,0.56,0.5499,-0.9933,0.0429,-5.1294,6.6,0.32
"3H(alpha, gamma)7Li",3H,1,2,3,a,73H,7,3,1,0.5,1.7143,0.792,0.0141,0.0098,1.7161,0.3148,1.3835e-01,0.5597,4.5123e+07,0.56,0.02,0.56,0.5572,0.56,0.5499,-0.9933,0.0429,-5.1294,6.6,0.32
"3H(alpha, gamma)7Li",3H,1,2,3,a,73H,7,3,1,0.5,1.7143,0.792,0.0141,0.0098,1.7454,0.3121,1.4068e-01,0.5597,4.5111e+07,0.56,0.02,0.56,0.5572,0.56,0.5499,-0.9933,0.0429,-5.1294,6.6,0.32
"3H(alpha, gamma)7Li",3H,1,2,3,a,73H,7,3,1,0.5,1.7143,0.792,0.0141,0.0098,1.7746,0.3096,1.4297e-01,0.5597,4.5093e+07,0.56,0.02,0.56,0.5572,0.56,0.5499,-0.9933,0.0429,-5.1294,6.6,0.32
"3H(alpha, gamma)7Li",3H,1,2,3,a,73H,7,3,1,0.5,1.7143,0.792,0.0141,0.0098,1.8039,0.307,1.4526e-01,0.5597,4.5069e+07,0.56,0.02,0.56,0.5572,0.56,0.5499,-0.9933,0.0429,-5.1294,6.6,0.32
"3H(alpha, gamma)7Li",3H,1,2,3,a,73H,7,3,1,0.5,1.7143,0.792,0.0141,0.0098,1.8331,0.3046,1.4752e-01,0.5597,4.5040e+07,0.56,0.02,0.56,0.5572,0.56,0.5499,-0.9933,0.0429,-5.1294,6.6,0.32
"3H(alpha, gamma)7Li",3H,1,2,3,a,73H,7,3,1,0.5,1.7143,0.792,0.0141,0.0098,1.8624,0.3022,1.4976e-01,0.5597,4.5006e+07,0.56,0.02,0.56,0.5572,0.56,0.5499,-0.9933,0.0429,-5.1294,6.6,0.32
"3H(alpha, gamma)7Li",3H,1,2,3,a,73H,7,3,1,0.5,1.7143,0.792,0.0141,0.0098,1.8916,0.2998,1.5198e-01,0.5597,4.4968e+07,0.56,0.02,0.56,0.5572,0.56,0.5499,-0.9933,0.0429,-5.1294,6.6,0.32
"3H(alpha, gamma)7Li",3H,1,2,3,a,73H,7,3,1,0.5,1.7143,0.792,0.0141,0.0098,1.9208,0.2976,1.5418e-01,0.5597,4.4925e+07,0.56,0.02,0.56,0.5572,0.56,0.5499,-0.9933,0.0429,-5.1294,6.6,0.32
"3H(alpha, gamma)7Li",3H,1,2,3,a,73H,7,3,1,0.5,1.7143,0.792,0.0141,0.0098,1.9501,0.2953,1.5637e-01,0.5597,4.4878e+07,0.56,0.02,0.56,0.5572,0.56,0.5499,-0.9933,0.0429,-5.1294,6.6,0.32
"3H(alpha, gamma)7Li",3H,1,2,3,a,73H,7,3,1,0.5,1.7143,0.792,0.0141,0.0098,1.9793,0.2931,1.5854e-01,0.5597,4.4827e+07,0.56,0.02,0.56,0.5572,0.56,0.5499,-0.9933,0.0429,-5.1294,6.6,0.32
"3H(alpha, gamma)7Li",3H,1,2,3,a,73H,7,3,1,0.5,1.7143,0.792,0.0141,0.0098,2.0086,0.291,1.6069e-01,0.5597,4.4772e+07,0.56,0.02,0.56,0.5572,0.56,0.5499,-0.9933,0.0429,-5.1294,6.6,0.32
"3H(alpha, gamma)7Li",3H,1,2,3,a,73H,7,3,1,0.5,1.7143,0.792,0.0141,0.0098,2.0378,0.2889,1.6282e-01,0.5596,4.4714e+07,0.56,0.02,0.56,0.5572,0.56,0.5499,-0.9933,0.0429,-5.1294,6.6,0.32
"3H(alpha, gamma)7Li",3H,1,2,3,a,73H,7,3,1,0.5,1.7143,0.792,0.0141,0.0098,2.0671,0.2868,1.6493e-01,0.5596,4.4653e+07,0.56,0.02,0.56,0.5572,0.56,0.5499,-0.9933,0.0429,-5.1294,6.6,0.32
"3H(alpha, gamma)7Li",3H,1,2,3,a,73H,7,3,1,0.5,1.7143,0.792,0.0141,0.0098,2.0963,0.2848,1.6702e-01,0.5596,4.4589e+07,0.56,0.02,0.56,0.5572,0.56,0.5499,-0.9933,0.0429,-5.1294,6.6,0.32
"3H(alpha, gamma)7Li",3H,1,2,3,a,73H,7,3,1,0.5,1.7143,0.792,0.0141,0.0098,2.1255,0.2829,1.6909e-01,0.5596,4.4522e+07,0.56,0.02,0.56,0.5572,0.56,0.5499,-0.9933,0.0429,-5.1294,6.6,0.32
"3H(alpha, gamma)7Li",3H,1,2,3,a,73H,7,3,1,0.5,1.7143,0.792,0.0141,0.0098,2.1548,0.2809,1.7116e-01,0.5596,4.4451e+07,0.56,0.02,0.56,0.5572,0.56,0.5499,-0.9933,0.0429,-5.1294,6.6,0.32
"3H(alpha, gamma)7Li",3H,1,2,3,a,73H,7,3,1,0.5,1.7143,0.792,0.0141,0.0098,2.184,0.2791,1.7320e-01,0.5596,4.4379e+07,0.56,0.02,0.56,0.5572,0.56,0.5499,-0.9933,0.0429,-5.1294,6.6,0.32
"3H(alpha, gamma)7Li",3H,1,2,3,a,73H,7,3,1,0.5,1.7143,0.792,0.0141,0.0098,2.2133,0.2772,1.7522e-01,0.5596,4.4304e+07,0.56,0.02,0.56,0.5572,0.56,0.5499,-0.9933,0.0429,-5.1294,6.6,0.32
"3H(alpha, gamma)7Li",3H,1,2,3,a,73H,7,3,1,0.5,1.7143,0.792,0.0141,0.0098,2.2425,0.2754,1.7723e-01,0.5596,4.4227e+07,0.56,0.02,0.56,0.5572,0.56,0.5499,-0.9933,0.0429,-5.1294,6.6,0.32
"3H(alpha, gamma)7Li",3H,1,2,3,a,73H,7,3,1,0.5,1.7143,0.792,0.0141,0.0098,2.2718,0.2736,1.7922e-01,0.5596,4.4148e+07,0.56,0.02,0.56,0.5572,0.56,0.5499,-0.9933,0.0429,-5.1294,6.6,0.32
"3H(alpha, gamma)7Li",3H,1,2,3,a,73H,7,3,1,0.5,1.7143,0.792,0.0141,0.0098,2.301,0.2719,1.8120e-01,0.5596,4.4067e+07,0.56,0.02,0.56,0.5572,0.56,0.5499,-0.9933,0.0429,-5.1294,6.6,0.32
"3H(alpha, gamma)7Li",3H,1,2,3,a,73H,7,3,1,0.5,1.7143,0.792,0.0141,0.0098,2.3303,0.2701,1.8316e-01,0.5596,4.3984e+07,0.56,0.02,0.56,0.5572,0.56,0.5499,-0.9933,0.0429,-5.1294,6.6,0.32
"3H(alpha, gamma)7Li",3H,1,2,3,a,73H,7,3,1,0.5,1.7143,0.792,0.0141,0.0098,2.3595,0.2685,1.8510e-01,0.5596,4.3899e+07,0.56,0.02,0.56,0.5572,0.56,0.5499,-0.9933,0.0429,-5.1294,6.6,0.32
"3H(alpha, gamma)7Li",3H,1,2,3,a,73H,7,3,1,0.5,1.7143,0.792,0.0141,0.0098,2.3887,0.2668,1.8702e-01,0.5596,4.3813e+07,0.56,0.02,0.56,0.5572,0.56,0.5499,-0.9933,0.0429,-5.1294,6.6,0.32
"3H(alpha, gamma)7Li",3H,1,2,3,a,73H,7,3,1,0.5,1.7143,0.792,0.0141,0.0098,2.418,0.2652,1.8894e-01,0.5596,4.3725e+07,0.56,0.02,0.56,0.5572,0.56,0.5499,-0.9933,0.0429,-5.1294,6.6,0.32
"3H(alpha, gamma)7Li",3H,1,2,3,a,73H,7,3,1,0.5,1.7143,0.792,0.0141,0.0098,2.4472,0.2636,1.9083e-01,0.5596,4.3635e+07,0.56,0.02,0.56,0.5572,0.56,0.5499,-0.9933,0.0429,-5.1294,6.6,0.32
"3H(alpha, gamma)7Li",3H,1,2,3,a,73H,7,3,1,0.5,1.7143,0.792,0.0141,0.0098,2.4765,0.2621,1.9272e-01,0.5596,4.3545e+07,0.56,0.02,0.56,0.5572,0.56,0.5499,-0.9933,0.0429,-5.1294,6.6,0.32
"3H(alpha, gamma)7Li",3H,1,2,3,a,73H,7,3,1,0.5,1.7143,0.792,0.0141,0.0098,2.5057,0.2605,1.9458e-01,0.5596,4.3453e+07,0.56,0.02,0.56,0.5572,0.56,0.5499,-0.9933,0.0429,-5.1294,6.6,0.32
"3H(alpha, gamma)7Li",3H,1,2,3,a,73H,7,3,1,0.5,1.7143,0.792,0.0141,0.0098,2.535,0.259,1.9643e-01,0.5596,4.3360e+07,0.56,0.02,0.56,0.5572,0.56,0.5499,-0.9933,0.0429,-5.1294,6.6,0.32
"3H(alpha, gamma)7Li",3H,1,2,3,a,73H,7,3,1,0.5,1.7143,0.792,0.0141,0.0098,2.5642,0.2575,1.9827e-01,0.5596,4.3266e+07,0.56,0.02,0.56,0.5572,0.56,0.5499,-0.9933,0.0429,-5.1294,6.6,0.32
"3H(alpha, gamma)7Li",3H,1,2,3,a,73H,7,3,1,0.5,1.7143,0.792,0.0141,0.0098,2.5934,0.2561,2.0009e-01,0.5596,4.3171e+07,0.56,0.02,0.56,0.5572,0.56,0.5499,-0.9933,0.0429,-5.1294,6.6,0.32
"3H(alpha, gamma)7Li",3H,1,2,3,a,73H,7,3,1,0.5,1.7143,0.792,0.0141,0.0098,2.6227,0.2546,2.0190e-01,0.5595,4.3075e+07,0.56,0.02,0.56,0.5572,0.56,0.5499,-0.9933,0.0429,-5.1294,6.6,0.32
"3H(alpha, gamma)7Li",3H,1,2,3,a,73H,7,3,1,0.5,1.7143,0.792,0.0141,0.0098,2.6519,0.2532,2.0369e-01,0.5595,4.2978e+07,0.56,0.02,0.56,0.5572,0.56,0.5499,-0.9933,0.0429,-5.1294,6.6,0.32
"3H(alpha, gamma)7Li",3H,1,2,3,a,73H,7,3,1,0.5,1.7143,0.792,0.0141,0.0098,2.6812,0.2519,2.0547e-01,0.5595,4.2880e+07,0.56,0.02,0.56,0.5572,0.56,0.5499,-0.9933,0.0429,-5.1294,6.6,0.32
"3H(alpha, gamma)7Li",3H,1,2,3,a,73H,7,3,1,0.5,1.7143,0.792,0.0141,0.0098,2.7104,0.2505,2.0724e-01,0.5595,4.2782e+07,0.56,0.02,0.56,0.5572,0.56,0.5499,-0.9933,0.0429,-5.1294,6.6,0.32
"3H(alpha, gamma)7Li",3H,1,2,3,a,73H,7,3,1,0.5,1.7143,0.792,0.0141,0.0098,2.7397,0.2491,2.0899e-01,0.5595,4.2683e+07,0.56,0.02,0.56,0.5572,0.56,0.5499,-0.9933,0.0429,-5.1294,6.6,0.32
"3H(alpha, gamma)7Li",3H,1,2,3,a,73H,7,3,1,0.5,1.7143,0.792,0.0141,0.0098,2.7689,0.2478,2.1073e-01,0.5595,4.2583e+07,0.56,0.02,0.56,0.5572,0.56,0.5499,-0.9933,0.0429,-5.1294,6.6,0.32
"3H(alpha, gamma)7Li",3H,1,2,3,a,73H,7,3,1,0.5,1.7143,0.792,0.0141,0.0098,2.7982,0.2465,2.1246e-01,0.5595,4.2483e+07,0.56,0.02,0.56,0.5572,0.56,0.5499,-0.9933,0.0429,-5.1294,6.6,0.32
"3H(alpha, gamma)7Li",3H,1,2,3,a,73H,7,3,1,0.5,1.7143,0.792,0.0141,0.0098,2.8274,0.2453,2.1417e-01,0.5595,4.2382e+07,0.56,0.02,0.56,0.5572,0.56,0.5499,-0.9933,0.0429,-5.1294,6.6,0.32
"3H(alpha, gamma)7Li",3H,1,2,3,a,73H,7,3,1,0.5,1.7143,0.792,0.0141,0.0098,2.8566,0.244,2.1587e-01,0.5595,4.2281e+07,0.56,0.02,0.56,0.5572,0.56,0.5499,-0.9933,0.0429,-5.1294,6.6,0.32
"3H(alpha, gamma)7Li",3H,1,2,3,a,73H,7,3,1,0.5,1.7143,0.792,0.0141,0.0098,2.8859,0.2428,2.1756e-01,0.5595,4.2179e+07,0.56,0.02,0.56,0.5572,0.56,0.5499,-0.9933,0.0429,-5.1294,6.6,0.32
"3H(alpha, gamma)7Li",3H,1,2,3,a,73H,7,3,1,0.5,1.7143,0.792,0.0141,0.0098,2.9151,0.2415,2.1923e-01,0.5595,4.2077e+07,0.56,0.02,0.56,0.5572,0.56,0.5499,-0.9933,0.0429,-5.1294,6.6,0.32
"3H(alpha, gamma)7Li",3H,1,2,3,a,73H,7,3,1,0.5,1.7143,0.792,0.0141,0.0098,2.9444,0.2403,2.2090e-01,0.5595,4.1975e+07,0.56,0.02,0.56,0.5572,0.56,0.5499,-0.9933,0.0429,-5.1294,6.6,0.32
"3H(alpha, gamma)7Li",3H,1,2,3,a,73H,7,3,1,0.5,1.7143,0.792,0.0141,0.0098,2.9736,0.2391,2.2255e-01,0.5595,4.1872e+07,0.56,0.02,0.56,0.5572,0.56,0.5499,-0.9933,0.0429,-5.1294,6.6,0.32
"3H(alpha, gamma)7Li",3H,1,2,3,a,73H,7,3,1,0.5,1.7143,0.792,0.0141,0.0098,3.0029,0.238,2.2419e-01,0.5595,4.1769e+07,0.56,0.02,0.56,0.5572,0.56,0.5499,-0.9933,0.0429,-5.1294,6.6,0.32
"3H(alpha, gamma)7Li",3H,1,2,3,a,73H,7,3,1,0.5,1.7143,0.792,0.0141,0.0098,3.0321,0.2368,2.2581e-01,0.5595,4.1666e+07,0.56,0.02,0.56,0.5572,0.56,0.5499,-0.9933,0.0429,-5.1294,6.6,0.32
"3H(alpha, gamma)7Li",3H,1,2,3,a,73H,7,3,1,0.5,1.7143,0.792,0.0141,0.0098,3.0613,0.2357,2.2742e-01,0.5595,4.1563e+07,0.56,0.02,0.56,0.5572,0.56,0.5499,-0.9933,0.0429,-5.1294,6.6,0.32
"3H(alpha, gamma)7Li",3H,1,2,3,a,73H,7,3,1,0.5,1.7143,0.792,0.0141,0.0098,3.0906,0.2346,2.2903e-01,0.5595,4.1459e+07,0.56,0.02,0.56,0.5572,0.56,0.5499,-0.9933,0.0429,-5.1294,6.6,0.32
"3H(alpha, gamma)7Li",3H,1,2,3,a,73H,7,3,1,0.5,1.7143,0.792,0.0141,0.0098,3.1198,0.2335,2.3062e-01,0.5595,4.1356e+07,0.56,0.02,0.56,0.5572,0.56,0.5499,-0.9933,0.0429,-5.1294,6.6,0.32
"3H(alpha, gamma)7Li",3H,1,2,3,a,73H,7,3,1,0.5,1.7143,0.792,0.0141,0.0098,3.1491,0.2324,2.3220e-01,0.5595,4.1252e+07,0.56,0.02,0.56,0.5572,0.56,0.5499,-0.9933,0.0429,-5.1294,6.6,0.32
"3H(alpha, gamma)7Li",3H,1,2,3,a,73H,7,3,1,0.5,1.7143,0.792,0.0141,0.0098,3.1783,0.2313,2.3377e-01,0.5594,4.1148e+07,0.56,0.02,0.56,0.5572,0.56,0.5499,-0.9933,0.0429,-5.1294,6.6,0.32
"3H(alpha, gamma)7Li",3H,1,2,3,a,73H,7,3,1,0.5,1.7143,0.792,0.0141,0.0098,3.2076,0.2303,2.3533e-01,0.5594,4.1044e+07,0.56,0.02,0.56,0.5572,0.56,0.5499,-0.9933,0.0429,-5.1294,6.6,0.32
"3H(alpha, gamma)7Li",3H,1,2,3,a,73H,7,3,1,0.5,1.7143,0.792,0.0141,0.0098,3.2368,0.2292,2.3687e-01,0.5594,4.0940e+07,0.56,0.02,0.56,0.5572,0.56,0.5499,-0.9933,0.0429,-5.1294,6.6,0.32
"3H(alpha, gamma)7Li",3H,1,2,3,a,73H,7,3,1,0.5,1.7143,0.792,0.0141,0.0098,3.2661,0.2282,2.3841e-01,0.5594,4.0836e+07,0.56,0.02,0.56,0.5572,0.56,0.5499,-0.9933,0.0429,-5.1294,6.6,0.32
"3H(alpha, gamma)7Li",3H,1,2,3,a,73H,7,3,1,0.5,1.7143,0.792,0.0141,0.0098,3.2953,0.2272,2.3993e-01,0.5594,4.0733e+07,0.56,0.02,0.56,0.5572,0.56,0.5499,-0.9933,0.0429,-5.1294,6.6,0.32
"3H(alpha, gamma)7Li",3H,1,2,3,a,73H,7,3,1,0.5,1.7143,0.792,0.0141,0.0098,3.3245,0.2262,2.4145e-01,0.5594,4.0629e+07,0.56,0.02,0.56,0.5572,0.56,0.5499,-0.9933,0.0429,-5.1294,6.6,0.32
"3H(alpha, gamma)7Li",3H,1,2,3,a,73H,7,3,1,0.5,1.7143,0.792,0.0141,0.0098,3.3538,0.2252,2.4295e-01,0.5594,4.0525e+07,0.56,0.02,0.56,0.5572,0.56,0.5499,-0.9933,0.0429,-5.1294,6.6,0.32
"3H(alpha, gamma)7Li",3H,1,2,3,a,73H,7,3,1,0.5,1.7143,0.792,0.0141,0.0098,3.383,0.2242,2.4444e-01,0.5594,4.0421e+07,0.56,0.02,0.56,0.5572,0.56,0.5499,-0.9933,0.0429,-5.1294,6.6,0.32
"3H(alpha, gamma)7Li",3H,1,2,3,a,73H,7,3,1,0.5,1.7143,0.792,0.0141,0.0098,3.4123,0.2232,2.4593e-01,0.5594,4.0318e+07,0.56,0.02,0.56,0.5572,0.56,0.5499,-0.9933,0.0429,-5.1294,6.6,0.32
"3H(alpha, gamma)7Li",3H,1,2,3,a,73H,7,3,1,0.5,1.7143,0.792,0.0141,0.0098,3.4415,0.2223,2.4740e-01,0.5594,4.0214e+07,0.56,0.02,0.56,0.5572,0.56,0.5499,-0.9933,0.0429,-5.1294,6.6,0.32
"3H(alpha, gamma)7Li",3H,1,2,3,a,73H,7,3,1,0.5,1.7143,0.792,0.0141,0.0098,3.4708,0.2214,2.4887e-01,0.5594,4.0111e+07,0.56,0.02,0.56,0.5572,0.56,0.5499,-0.9933,0.0429,-5.1294,6.6,0.32
"3H(alpha, gamma)7Li",3H,1,2,3,a,73H,7,3,1,0.5,1.7143,0.792,0.0141,0.0098,3.5,0.2204,2.5032e-01,0.5594,4.0008e+07,0.56,0.02,0.56,0.5572,0.56,0.5499,-0.9933,0.0429,-5.1294,6.6,0.32
"7Li(p, gamma)8Be",7Li,3,4,7,p,87Li,8,4,0,0.0,0.875,1.236,0.0148,0.0101,0.02,3.125,2.9693e-09,0.5,7.4233e+01,0.5,0.05,0.5,0.4975,0.5,0.491,-0.9785,0.05,-3.326,4.8,0.32
"7Li(p, gamma)8Be",7Li,3,4,7,p,87Li,8,4,0,0.0,0.875,1.236,0.0148,0.0101,0.0492,1.9924,3.6573e-06,0.5,3.7167e+04,0.5,0.05,0.5,0.4975,0.5,0.491,-0.9785,0.05,-3.326,4.8,0.32
"7Li(p, gamma)8Be",7Li,3,4,7,p,87Li,8,4,0,0.0,0.875,1.236,0.0148,0.0101,0.0785,1.5774,4.9635e-05,0.5,3.1613e+05,0.5,0.05,0.5,0.4975,0.5,0.491,-0.9785,0.05,-3.326,4.8,0.32
"7Li(p, gamma)8Be",7Li,3,4,7,p,87Li,8,4,0,0.0,0.875,1.236,0.0148,0.0101,0.1077,1.3467,2.1150e-04,0.5,9.8184e+05,0.5,0.05,0.5,0.4975,0.5,0.491,-0.9785,0.05,-3.326,4.8,0.32
"7Li(p, gamma)8Be",7Li,3,4,7,p,87Li,8,4,0,0.0,0.875,1.236,0.0148,0.0101,0.137,1.194,5.5191e-04,0.5,2.0142e+06,0.5,0.05,0.5,0.4975,0.5,0.491,-0.9785,0.05,-3.326,4.8,0.32
"7Li(p, gamma)8Be",7Li,3,4,7,p,87Li,8,4,0,0.0,0.875,1.236,0.0148,0.0101,0.1662,1.084,1.1013e-03,0.5,3.3129e+06,0.5,0.05,0.5,0.4975,0.5,0.491,-0.9785,0.05,-3.326,4.8,0.32
"7Li(p, gamma)8Be",7Li,3,4,7,p,87Li,8,4,0,0.0,0.875,1.236,0.0148,0.0101,0.1955,0.9995,1.8731e-03,0.5,4.7901e+06,0.5,0.05,0.5,0.4975,0.5,0.491,-0.9785,0.05,-3.326,4.8,0.32
"7Li(p, gamma)8Be",7Li,3,4,7,p,87Li,8,4,0,0.0,0.875,1.236,0.0148,0.0101,0.2247,0.9323,2.8572e-03,0.4999,6.3572e+06,0.5,0.05,0.5,0.4975,0.5,0.491,-0.9785,0.05,-3.326,4.8,0.32
"7Li(p, gamma)8Be",7Li,3,4,7,p,87Li,8,4,0,0.0,0.875,1.236,0.0148,0.0101,0.2539,0.8771,4.0430e-03,0.4999,7.9608e+06,0.5,0.05,0.5,0.4975,0.5,0.491,-0.9785,0.05,-3.326,4.8,0.32
"7Li(p, gamma)8Be",7Li,3,4,7,p,87Li,8,4,0,0.0,0.875,1.236,0.0148,0.0101,0.2832,0.8305,5.4186e-03,0.4999,9.5655e+06,0.5,0.05,0.5,0.4975,0.5,0.491,-0.9785,0.05,-3.326,4.8,0.32
"7Li(p, gamma)8Be",7Li,3,4,7,p,87Li,8,4,0,0.0,0.875,1.236,0.0148,0.0101,0.3124,0.7907,6.9565e-03,0.4999,1.1132e+07,0.5,0.05,0.5,0.4975,0.5,0.491,-0.9785,0.05,-3.326,4.8,0.32
"7Li(p, gamma)8Be",7Li,3,4,7,p,87Li,8,4,0,0.0,0.875,1.236,0.0148,0.0101,0.3417,0.756,8.6490e-03,0.4999,1.2654e+07,0.5,0.05,0.5,0.4975,0.5,0.491,-0.9785,0.05,-3.326,4.8,0.32
"7Li(p, gamma)8Be",7Li,3,4,7,p,87Li,8,4,0,0.0,0.875,1.236,0.0148,0.0101,0.3709,0.7257,1.0467e-02,0.4999,1.4109e+07,0.5,0.05,0.5,0.4975,0.5,0.491,-0.9785,0.05,-3.326,4.8,0.32
"7Li(p, gamma)8Be",7Li,3,4,7,p,87Li,8,4,0,0.0,0.875,1.236,0.0148,0.0101,0.4002,0.6986,1.2408e-02,0.4999,1.5500e+07,0.5,0.05,0.5,0.4975,0.5,0.491,-0.9785,0.05,-3.326,4.8,0.32
"7Li(p, gamma)8Be",7Li,3,4,7,p,87Li,8,4,0,0.0,0.875,1.236,0.0148,0.0101,0.4294,0.6744,1.4443e-02,0.4999,1.6815e+07,0.5,0.05,0.5,0.4975,0.5,0.491,-0.9785,0.05,-3.326,4.8,0.32
"7Li(p, gamma)8Be",7Li,3,4,7,p,87Li,8,4,0,0.0,0.875,1.236,0.0148,0.0101,0.4587,0.6525,1.6573e-02,0.4999,1.8062e+07,0.5,0.05,0.5,0.4975,0.5,0.491,-0.9785,0.05,-3.326,4.8,0.32
"7Li(p, gamma)8Be",7Li,3,4,7,p,87Li,8,4,0,0.0,0.875,1.236,0.0148,0.0101,0.4879,0.6327,1.8772e-02,0.4999,1.9233e+07,0.5,0.05,0.5,0.4975,0.5,0.491,-0.9785,0.05,-3.326,4.8,0.32
"7Li(p, gamma)8Be",7Li,3,4,7,p,87Li,8,4,0,0.0,0.875,1.236,0.0148,0.0101,0.5171,0.6146,2.1036e-02,0.4999,2.0336e+07,0.5,0.05,0.5,0.4975,0.5,0.491,-0.9785,0.05,-3.326,4.8,0.32
"7Li(p, gamma)8Be",7Li,3,4,7,p,87Li,8,4,0,0.0,0.875,1.236,0.0148,0.0101,0.5464,0.5979,2.3364e-02,0.4999,2.1375e+07,0.5,0.05,0.5,0.4975,0.5,0.491,-0.9785,0.05,-3.326,4.8,0.32
"7Li(p, gamma)8Be",7Li,3,4,7,p,87Li,8,4,0,0.0,0.875,1.236,0.0148,0.0101,0.5756,0.5825,2.5732e-02,0.4999,2.2346e+07,0.5,0.05,0.5,0.4975,0.5,0.491,-0.9785,0.05,-3.326,4.8,0.32
"7Li(p, gamma)8Be",7Li,3,4,7,p,87Li,8,4,0,0.0,0.875,1.236,0.0148,0.0101,0.6049,0.5682,2.8148e-02,0.4999,2.3260e+07,0.5,0.05,0.5,0.4975,0.5,0.491,-0.9785,0.05,-3.326,4.8,0.32
"7Li(p, gamma)8Be",7Li,3,4,7,p,87Li,8,4,0,0.0,0.875,1.236,0.0148,0.0101,0.6341,0.555,3.0589e-02,0.4999,2.4113e+07,0.5,0.05,0.5,0.4975,0.5,0.491,-0.9785,0.05,-3.326,4.8,0.32
"7Li(p, gamma)8Be",7Li,3,4,7,p,87Li,8,4,0,0.0,0.875,1.236,0.0148,0.0101,0.6634,0.5426,3.3067e-02,0.4999,2.4915e+07,0.5,0.05,0.5,0.4975,0.5,0.491,-0.9785,0.05,-3.326,4.8,0.32
"7Li(p, gamma)8Be",7Li,3,4,7,p,87Li,8,4,0,0.0,0.875,1.236,0.0148,0.0101,0.6926,0.531,3.5558e-02,0.4998,2.5662e+07,0.5,0.05,0.5,0.4975,0.5,0.491,-0.9785,0.05,-3.326,4.8,0.32
"7Li(p, gamma)8Be",7Li,3,4,7,p,87Li,8,4,0,0.0,0.875,1.236,0.0148,0.0101,0.7218,0.5202,3.8067e-02,0.4998,2.6361e+07,0.5,0.05,0.5,0.4975,0.5,0.491,-0.9785,0.05,-3.326,4.8,0.32
"7Li(p, gamma)8Be",7Li,3,4,7,p,87Li,8,4,0,0.0,0.875,1.236,0.0148,0.0101,0.7511,0.5099,4.0599e-02,0.4998,2.7017e+07,0.5,0.05,0.5,0.4975,0.5,0.491,-0.9785,0.05,-3.326,4.8,0.32
"7Li(p, gamma)8Be",7Li,3,4,7,p,87Li,8,4,0,0.0,0.875,1.236,0.0148,0.0101,0.7803,0.5003,4.3132e-02,0.4998,2.7628e+07,0.5,0.05,0.5,0.4975,0.5,0.491,-0.9785,0.05,-3.326,4.8,0.32
"7Li(p, gamma)8Be",7Li,3,4,7,p,87Li,8,4,0,0.0,0.875,1.236,0.0148,0.0101,0.8096,0.4912,4.5680e-02,0.4998,2.8201e+07,0.5,0.05,0.5,0.4975,0.5,0.491,-0.9785,0.05,-3.326,4.8,0.32
"7Li(p, gamma)8Be",7Li,3,4,7,p,87Li,8,4,0,0.0,0.875,1.236,0.0148,0.0101,0.8388,0.4825,4.8224e-02,0.4998,2.8735e+07,0.5,0.05,0.5,0.4975,0.5,0.491,-0.9785,0.05,-3.326,4.8,0.32
"7Li(p, gamma)8Be",7Li,3,4,7,p,87Li,8,4,0,0.0,0.875,1.236,0.0148,0.0101,0.8681,0.4743,5.0778e-02,0.4998,2.9235e+07,0.5,0.05,0.5,0.4975,0.5,0.491,-0.9785,0.05,-3.326,4.8,0.32
"7Li(p, gamma)8Be",7Li,3,4,7,p,87Li,8,4,0,0.0,0.875,1.236,0.0148,0.0101,0.8973,0.4665,5.3322e-02,0.4998,2.9701e+07,0.5,0.05,0.5,0.4975,0.5,0.491,-0.9785,0.05,-3.326,4.8,0.32
"7Li(p, gamma)8Be",7Li,3,4,7,p,87Li,8,4,0,0.0,0.875,1.236,0.0148,0.0101,0.9266,0.4591,5.5872e-02,0.4998,3.0137e+07,0.5,0.05,0.5,0.4975,0.5,0.491,-0.9785,0.05,-3.326,4.8,0.32
"7Li(p, gamma)8Be",7Li,3,4,7,p,87Li,8,4,0,0.0,0.875,1.236,0.0148,0.0101,0.9558,0.452,5.8409e-02,0.4998,3.0542e+07,0.5,0.05,0.5,0.4975,0.5,0.491,-0.9785,0.05,-3.326,4.8,0.32
"7Li(p, gamma)8Be",7Li,3,4,7,p,87Li,8,4,0,0.0,0.875,1.236,0.0148,0.0101,0.985,0.4453,6.0940e-02,0.4998,3.0920e+07,0.5,0.05,0.5,0.4975,0.5,0.491,-0.9785,0.05,-3.326,4.8,0.32
"7Li(p, gamma)8Be",7Li,3,4,7,p,87Li,8,4,0,0.0,0.875,1.236,0.0148,0.0101,1.0143,0.4388,6.3472e-02,0.4998,3.1274e+07,0.5,0.05,0.5,0.4975,0.5,0.491,-0.9785,0.05,-3.326,4.8,0.32
"7Li(p, gamma)8Be",7Li,3,4,7,p,87Li,8,4,0,0.0,0.875,1.236,0.0148,0.0101,1.0435,0.4326,6.5987e-02,0.4998,3.1603e+07,0.5,0.05,0.5,0.4975,0.5,0.491,-0.9785,0.05,-3.326,4.8,0.32
"7Li(p, gamma)8Be",7Li,3,4,7,p,87Li,8,4,0,0.0,0.875,1.236,0.0148,0.0101,1.0728,0.4267,6.8500e-02,0.4998,3.1910e+07,0.5,0.05,0.5,0.4975,0.5,0.491,-0.9785,0.05,-3.326,4.8,0.32
"7Li(p, gamma)8Be",7Li,3,4,7,p,87Li,8,4,0,0.0,0.875,1.236,0.0148,0.0101,1.102,0.421,7.0993e-02,0.4998,3.2195e+07,0.5,0.05,0.5,0.4975,0.5,0.491,-0.9785,0.05,-3.326,4.8,0.32
"7Li(p, gamma)8Be",7Li,3,4,7,p,87Li,8,4,0,0.0,0.875,1.236,0.0148,0.0101,1.1313,0.4155,7.3484e-02,0.4997,3.2461e+07,0.5,0.05,0.5,0.4975,0.5,0.491,-0.9785,0.05,-3.326,4.8,0.32
"7Li(p, gamma)8Be",7Li,3,4,7,p,87Li,8,4,0,0.0,0.875,1.236,0.0148,0.0101,1.1605,0.4102,7.5953e-02,0.4997,3.2707e+07,0.5,0.05,0.5,0.4975,0.5,0.491,-0.9785,0.05,-3.326,4.8,0.32
"7Li(p, gamma)8Be",7Li,3,4,7,p,87Li,8,4,0,0.0,0.875,1.236,0.0148,0.0101,1.1897,0.4052,7.8410e-02,0.4997,3.2936e+07,0.5,0.05,0.5,0.4975,0.5,0.491,-0.9785,0.05,-3.326,4.8,0.32
"7Li(p, gamma)8Be",7Li,3,4,7,p,87Li,8,4,0,0.0,0.875,1.236,0.0148,0.0101,1.219,0.4003,8.0861e-02,0.4997,3.3149e+07,0.5,0.05,0.5,0.4975,0.5,0.491,-0.9785,0.05,-3.326,4.8,0.32
"7Li(p, gamma)8Be",7Li,3,4,7,p,87Li,8,4,0,0.0,0.875,1.236,0.0148,0.0101,1.2482,0.3956,8.3289e-02,0.4997,3.3345e+07,0.5,0.05,0.5,0.4975,0.5,0.491,-0.9785,0.05,-3.326,4.8,0.32
"7Li(p, gamma)8Be",7Li,3,4,7,p,87Li,8,4,0,0.0,0.875,1.236,0.0148,0.0101,1.2775,0.391,8.5712e-02,0.4997,3.3527e+07,0.5,0.05,0.5,0.4975,0.5,0.491,-0.9785,0.05,-3.326,4.8,0.32
"7Li(p, gamma)8Be",7Li,3,4,7,p,87Li,8,4,0,0.0,0.875,1.236,0.0148,0.0101,1.3067,0.3866,8.8111e-02,0.4997,3.3695e+07,0.5,0.05,0.5,0.4975,0.5,0.491,-0.9785,0.05,-3.326,4.8,0.32
"7Li(p, gamma)8Be",7Li,3,4,7,p,87Li,8,4,0,0.0,0.875,1.236,0.0148,0.0101,1.336,0.3824,9.0503e-02,0.4997,3.3850e+07,0.5,0.05,0.5,0.4975,0.5,0.491,-0.9785,0.05,-3.326,4.8,0.32
"7Li(p, gamma)8Be",7Li,3,4,7,p,87Li,8,4,0,0.0,0.875,1.236,0.0148,0.0101,1.3652,0.3782,9.2871e-02,0.4997,3.3993e+07,0.5,0.05,0.5,0.4975,0.5,0.491,-0.9785,0.05,-3.326,4.8,0.32
"7Li(p, gamma)8Be",7Li,3,4,7,p,87Li,8,4,0,0.0,0.875,1.236,0.0148,0.0101,1.3945,0.3742,9.5231e-02,0.4997,3.4124e+07,0.5,0.05,0.5,0.4975,0.5,0.491,-0.9785,0.05,-3.326,4.8,0.32
"7Li(p, gamma)8Be",7Li,3,4,7,p,87Li,8,4,0,0.0,0.875,1.236,0.0148,0.0101,1.4237,0.3704,9.7568e-02,0.4997,3.4244e+07,0.5,0.05,0.5,0.4975,0.5,0.491,-0.9785,0.05,-3.326,4.8,0.32
"7Li(p, gamma)8Be",7Li,3,4,7,p,87Li,8,4,0,0.0,0.875,1.236,0.0148,0.0101,1.4529,0.3666,9.9888e-02,0.4997,3.4353e+07,0.5,0.05,0.5,0.4975,0.5,0.491,-0.9785,0.05,-3.326,4.8,0.32
"7Li(p, gamma)8Be",7Li,3,4,7,p,87Li,8,4,0,0.0,0.875,1.236,0.0148,0.0101,1.4822,0.363,1.0220e-01,0.4997,3.4453e+07,0.5,0.05,0.5,0.4975,0.5,0.491,-0.9785,0.05,-3.326,4.8,0.32
"7Li(p, gamma)8Be",7Li,3,4,7,p,87Li,8,4,0,0.0,0.875,1.236,0.0148,0.0101,1.5114,0.3595,1.0449e-01,0.4997,3.4543e+07,0.5,0.05,0.5,0.4975,0.5,0.491,-0.9785,0.05,-3.326,4.8,0.32
"7Li(p, gamma)8Be",7Li,3,4,7,p,87Li,8,4,0,0.0,0.875,1.236,0.0148,0.0101,1.5407,0.356,1.0677e-01,0.4997,3.4625e+07,0.5,0.05,0.5,0.4975,0.5,0.491,-0.9785,0.05,-3.326,4.8,0.32
"7Li(p, gamma)8Be",7Li,3,4,7,p,87Li,8,4,0,0.0,0.875,1.236,0.0148,0.0101,1.5699,0.3527,1.0902e-01,0.4996,3.4698e+07,0.5,0.05,0.5,0.4975,0.5,0.491,-0.9785,0.05,-3.326,4.8,0.32
"7Li(p, gamma)8Be",7Li,3,4,7,p,87Li,8,4,0,0.0,0.875,1.236,0.0148,0.0101,1.5992,0.3495,1.1127e-01,0.4996,3.4764e+07,0.5,0.05,0.5,0.4975,0.5,0.491,-0.9785,0.05,-3.326,4.8,0.32
"7Li(p, gamma)8Be",7Li,3,4,7,p,87Li,8,4,0,0.0,0.875,1.236,0.0148,0.0101,1.6284,0.3463,1.1349e-01,0.4996,3.4822e+07,0.5,0.05,0.5,0.4975,0.5,0.491,-0.9785,0.05,-3.326,4.8,0.32
"7Li(p, gamma)8Be",7Li,3,4,7,p,87Li,8,4,0,0.0,0.875,1.236,0.0148,0.0101,1.6576,0.3433,1.1570e-01,0.4996,3.4873e+07,0.5,0.05,0.5,0.4975,0.5,0.491,-0.9785,0.05,-3.326,4.8,0.32
"7Li(p, gamma)8Be",7Li,3,4,7,p,87Li,8,4,0,0.0,0.875,1.236,0.0148,0.0101,1.6869,0.3403,1.1790e-01,0.4996,3.4918e+07,0.5,0.05,0.5,0.4975,0.5,0.491,-0.9785,0.05,-3.326,4.8,0.32
"7Li(p, gamma)8Be",7Li,3,4,7,p,87Li,8,4,0,0.0,0.875,1.236,0.0148,0.0101,1.7161,0.3374,1.2007e-01,0.4996,3.4956e+07,0.5,0.05,0.5,0.4975,0.5,0.491,-0.9785,0.05,-3.326,4.8,0.32
"7Li(p, gamma)8Be",7Li,3,4,7,p,87Li,8,4,0,0.0,0.875,1.236,0.0148,0.0101,1.7454,0.3345,1.2223e-01,0.4996,3.4988e+07,0.5,0.05,0.5,0.4975,0.5,0.491,-0.9785,0.05,-3.326,4.8,0.32
"7Li(p, gamma)8Be",7Li,3,4,7,p,87Li,8,4,0,0.0,0.875,1.236,0.0148,0.0101,1.7746,0.3318,1.2437e-01,0.4996,3.5015e+07,0.5,0.05,0.5,0.4975,0.5,0.491,-0.9785,0.05,-3.326,4.8,0.32
"7Li(p, gamma)8Be",7Li,3,4,7,p,87Li,8,4,0,0.0,0.875,1.236,0.0148,0.0101,1.8039,0.329,1.2651e-01,0.4996,3.5036e+07,0.5,0.05,0.5,0.4975,0.5,0.491,-0.9785,0.05,-3.326,4.8,0.32
"7Li(p, gamma)8Be",7Li,3,4,7,p,87Li,8,4,0,0.0,0.875,1.236,0.0148,0.0101,1.8331,0.3264,1.2861e-01,0.4996,3.5052e+07,0.5,0.05,0.5,0.4975,0.5,0.491,-0.9785,0.05,-3.326,4.8,0.32
"7Li(p, gamma)8Be",7Li,3,4,7,p,87Li,8,4,0,0.0,0.875,1.236,0.0148,0.0101,1.8624,0.3238,1.3072e-01,0.4996,3.5064e+07,0.5,0.05,0.5,0.4975,0.5,0.491,-0.9785,0.05,-3.326,4.8,0.32
"7Li(p, gamma)8Be",7Li,3,4,7,p,87Li,8,4,0,0.0,0.875,1.236,0.0148,0.0101,1.8916,0.3213,1.3279e-01,0.4996,3.5071e+07,0.5,0.05,0.5,0.4975,0.5,0.491,-0.9785,0.05,-3.326,4.8,0.32
"7Li(p, gamma)8Be",7Li,3,4,7,p,87Li,8,4,0,0.0,0.875,1.236,0.0148,0.0101,1.9208,0.3189,1.3485e-01,0.4996,3.5073e+07,0.5,0.05,0.5,0.4975,0.5,0.491,-0.9785,0.05,-3.326,4.8,0.32
"7Li(p, gamma)8Be",7Li,3,4,7,p,87Li,8,4,0,0.0,0.875,1.236,0.0148,0.0101,1.9501,0.3165,1.3691e-01,0.4996,3.5072e+07,0.5,0.05,0.5,0.4975,0.5,0.491,-0.9785,0.05,-3.326,4.8,0.32
"7Li(p, gamma)8Be",7Li,3,4,7,p,87Li,8,4,0,0.0,0.875,1.236,0.0148,0.0101,1.9793,0.3141,1.3894e-01,0.4996,3.5066e+07,0.5,0.05,0.5,0.4975,0.5,0.491,-0.9785,0.05,-3.326,4.8,0.32
"7Li(p, gamma)8Be",7Li,3,4,7,p,87Li,8,4,0,0.0,0.875,1.236,0.0148,0.0101,2.0086,0.3118,1.4096e-01,0.4995,3.5057e+07,0.5,0.05,0.5,0.4975,0.5,0.491,-0.9785,0.05,-3.326,4.8,0.32
"7Li(p, gamma)8Be",7Li,3,4,7,p,87Li,8,4,0,0.0,0.875,1.236,0.0148,0.0101,2.0378,0.3096,1.4296e-01,0.4995,3.5045e+07,0.5,0.05,0.5,0.4975,0.5,0.491,-0.9785,0.05,-3.326,4.8,0.32
"7Li(p, gamma)8Be",7Li,3,4,7,p,87Li,8,4,0,0.0,0.875,1.236,0.0148,0.0101,2.0671,0.3074,1.4495e-01,0.4995,3.5029e+07,0.5,0.05,0.5,0.4975,0.5,0.491,-0.9785,0.05,-3.326,4.8,0.32
"7Li(p, gamma)8Be",7Li,3,4,7,p,87Li,8,4,0,0.0,0.875,1.236,0.0148,0.0101,2.0963,0.3052,1.4692e-01,0.4995,3.5010e+07,0.5,0.05,0.5,0.4975,0.5,0.491,-0.9785,0.05,-3.326,4.8,0.32
"7Li(p, gamma)8Be",7Li,3,4,7,p,87Li,8,4,0,0.0,0.875,1.236,0.0148,0.0101,2.1255,0.3031,1.4888e-01,0.4995,3.4988e+07,0.5,0.05,0.5,0.4975,0.5,0.491,-0.9785,0.05,-3.326,4.8,0.32
"7Li(p, gamma)8Be",7Li,3,4,7,p,87Li,8,4,0,0.0,0.875,1.236,0.0148,0.0101,2.1548,0.3011,1.5082e-01,0.4995,3.4963e+07,0.5,0.05,0.5,0.4975,0.5,0.491,-0.9785,0.05,-3.326,4.8,0.32
"7Li(p, gamma)8Be",7Li,3,4,7,p,87Li,8,4,0,0.0,0.875,1.236,0.0148,0.0101,2.184,0.299,1.5275e-01,0.4995,3.4936e+07,0.5,0.05,0.5,0.4975,0.5,0.491,-0.9785,0.05,-3.326,4.8,0.32
"7Li(p, gamma)8Be",7Li,3,4,7,p,87Li,8,4,0,0.0,0.875,1.236,0.0148,0.0101,2.2133,0.2971,1.5467e-01,0.4995,3.4905e+07,0.5,0.05,0.5,0.4975,0.5,0.491,-0.9785,0.05,-3.326,4.8,0.32
"7Li(p, gamma)8Be",7Li,3,4,7,p,87Li,8,4,0,0.0,0.875,1.236,0.0148,0.0101,2.2425,0.2951,1.5656e-01,0.4995,3.4873e+07,0.5,0.05,0.5,0.4975,0.5,0.491,-0.9785,0.05,-3.326,4.8,0.32
"7Li(p, gamma)8Be",7Li,3,4,7,p,87Li,8,4,0,0.0,0.875,1.236,0.0148,0.0101,2.2718,0.2932,1.5845e-01,0.4995,3.4838e+07,0.5,0.05,0.5,0.4975,0.5,0.491,-0.9785,0.05,-3.326,4.8,0.32
"7Li(p, gamma)8Be",7Li,3,4,7,p,87Li,8,4,0,0.0,0.875,1.236,0.0148,0.0101,2.301,0.2913,1.6032e-01,0.4995,3.4801e+07,0.5,0.05,0.5,0.4975,0.5,0.491,-0.9785,0.05,-3.326,4.8,0.32
"7Li(p, gamma)8Be",7Li,3,4,7,p,87Li,8,4,0,0.0,0.875,1.236,0.0148,0.0101,2.3303,0.2895,1.6218e-01,0.4995,3.4762e+07,0.5,0.05,0.5,0.4975,0.5,0.491,-0.9785,0.05,-3.326,4.8,0.32
"7Li(p, gamma)8Be",7Li,3,4,7,p,87Li,8,4,0,0.0,0.875,1.236,0.0148,0.0101,2.3595,0.2877,1.6403e-01,0.4995,3.4722e+07,0.5,0.05,0.5,0.4975,0.5,0.491,-0.9785,0.05,-3.326,4.8,0.32
"7Li(p, gamma)8Be",7Li,3,4,7,p,87Li,8,4,0,0.0,0.875,1.236,0.0148,0.0101,2.3887,0.2859,1.6585e-01,0.4995,3.4679e+07,0.5,0.05,0.5,0.4975,0.5,0.491,-0.9785,0.05,-3.326,4.8,0.32
"7Li(p, gamma)8Be",7Li,3,4,7,p,87Li,8,4,0,0.0,0.875,1.236,0.0148,0.0101,2.418,0.2842,1.6767e-01,0.4995,3.4634e+07,0.5,0.05,0.5,0.4975,0.5,0.491,-0.9785,0.05,-3.326,4.8,0.32
"7Li(p, gamma)8Be",7Li,3,4,7,p,87Li,8,4,0,0.0,0.875,1.236,0.0148,0.0101,2.4472,0.2825,1.6948e-01,0.4994,3.4588e+07,0.5,0.05,0.5,0.4975,0.5,0.491,-0.9785,0.05,-3.326,4.8,0.32
"7Li(p, gamma)8Be",7Li,3,4,7,p,87Li,8,4,0,0.0,0.875,1.236,0.0148,0.0101,2.4765,0.2808,1.7127e-01,0.4994,3.4541e+07,0.5,0.05,0.5,0.4975,0.5,0.491,-0.9785,0.05,-3.326,4.8,0.32
"7Li(p, gamma)8Be",7Li,3,4,7,p,87Li,8,4,0,0.0,0.875,1.236,0.0148,0.0101,2.5057,0.2792,1.7305e-01,0.4994,3.4491e+07,0.5,0.05,0.5,0.4975,0.5,0.491,-0.9785,0.05,-3.326,4.8,0.32
"7Li(p, gamma)8Be",7Li,3,4,7,p,87Li,8,4,0,0.0,0.875,1.236,0.0148,0.0101,2.535,0.2776,1.7481e-01,0.4994,3.4441e+07,0.5,0.05,0.5,0.4975,0.5,0.491,-0.9785,0.05,-3.326,4.8,0.32
"7Li(p, gamma)8Be",7Li,3,4,7,p,87Li,8,4,0,0.0,0.875,1.236,0.0148,0.0101,2.5642,0.276,1.7656e-01,0.4994,3.4389e+07,0.5,0.05,0.5,0.4975,0.5,0.491,-0.9785,0.05,-3.326,4.8,0.32
"7Li(p, gamma)8Be",7Li,3,4,7,p,87Li,8,4,0,0.0,0.875,1.236,0.0148,0.0101,2.5934,0.2744,1.7830e-01,0.4994,3.4336e+07,0.5,0.05,0.5,0.4975,0.5,0.491,-0.9785,0.05,-3.326,4.8,0.32
"7Li(p, gamma)8Be",7Li,3,4,7,p,87Li,8,4,0,0.0,0.875,1.236,0.0148,0.0101,2.6227,0.2729,1.8003e-01,0.4994,3.4281e+07,0.5,0.05,0.5,0.4975,0.5,0.491,-0.9785,0.05,-3.326,4.8,0.32
"7Li(p, gamma)8Be",7Li,3,4,7,p,87Li,8,4,0,0.0,0.875,1.236,0.0148,0.0101,2.6519,0.2714,1.8174e-01,0.4994,3.4226e+07,0.5,0.05,0.5,0.4975,0.5,0.491,-0.9785,0.05,-3.326,4.8,0.32
"7Li(p, gamma)8Be",7Li,3,4,7,p,87Li,8,4,0,0.0,0.875,1.236,0.0148,0.0101,2.6812,0.2699,1.8345e-01,0.4994,3.4169e+07,0.5,0.05,0.5,0.4975,0.5,0.491,-0.9785,0.05,-3.326,4.8,0.32
"7Li(p, gamma)8Be",7Li,3,4,7,p,87Li,8,4,0,0.0,0.875,1.236,0.0148,0.0101,2.7104,0.2684,1.8514e-01,0.4994,3.4111e+07,0.5,0.05,0.5,0.4975,0.5,0.491,-0.9785,0.05,-3.326,4.8,0.32
"7Li(p, gamma)8Be",7Li,3,4,7,p,87Li,8,4,0,0.0,0.875,1.236,0.0148,0.0101,2.7397,0.267,1.8682e-01,0.4994,3.4053e+07,0.5,0.05,0.5,0.4975,0.5,0.491,-0.9785,0.05,-3.326,4.8,0.32
"7Li(p, gamma)8Be",7Li,3,4,7,p,87Li,8,4,0,0.0,0.875,1.236,0.0148,0.0101,2.7689,0.2656,1.8848e-01,0.4994,3.3993e+07,0.5,0.05,0.5,0.4975,0.5,0.491,-0.9785,0.05,-3.326,4.8,0.32
"7Li(p, gamma)8Be",7Li,3,4,7,p,87Li,8,4,0,0.0,0.875,1.236,0.0148,0.0101,2.7982,0.2642,1.9014e-01,0.4994,3.3933e+07,0.5,0.05,0.5,0.4975,0.5,0.491,-0.9785,0.05,-3.326,4.8,0.32
"7Li(p, gamma)8Be",7Li,3,4,7,p,87Li,8,4,0,0.0,0.875,1.236,0.0148,0.0101,2.8274,0.2628,1.9178e-01,0.4994,3.3872e+07,0.5,0.05,0.5,0.4975,0.5,0.491,-0.9785,0.05,-3.326,4.8,0.32
"7Li(p, gamma)8Be",7Li,3,4,7,p,87Li,8,4,0,0.0,0.875,1.236,0.0148,0.0101,2.8566,0.2615,1.9341e-01,0.4994,3.3810e+07,0.5,0.05,0.5,0.4975,0.5,0.491,-0.9785,0.05,-3.326,4.8,0.32
"7Li(p, gamma)8Be",7Li,3,4,7,p,87Li,8,4,0,0.0,0.875,1.236,0.0148,0.0101,2.8859,0.2602,1.9504e-01,0.4994,3.3747e+07,0.5,0.05,0.5,0.4975,0.5,0.491,-0.9785,0.05,-3.326,4.8,0.32
"7Li(p, gamma)8Be",7Li,3,4,7,p,87Li,8,4,0,0.0,0.875,1.236,0.0148,0.0101,2.9151,0.2588,1.9664e-01,0.4993,3.3684e+07,0.5,0.05,0.5,0.4975,0.5,0.491,-0.9785,0.05,-3.326,4.8,0.32
"7Li(p, gamma)8Be",7Li,3,4,7,p,87Li,8,4,0,0.0,0.875,1.236,0.0148,0.0101,2.9444,0.2576,1.9825e-01,0.4993,3.3620e+07,0.5,0.05,0.5,0.4975,0.5,0.491,-0.9785,0.05,-3.326,4.8,0.32
"7Li(p, gamma)8Be",7Li,3,4,7,p,87Li,8,4,0,0.0,0.875,1.236,0.0148,0.0101,2.9736,0.2563,1.9983e-01,0.4993,3.3556e+07,0.5,0.05,0.5,0.4975,0.5,0.491,-0.9785,0.05,-3.326,4.8,0.32
"7Li(p, gamma)8Be",7Li,3,4,7,p,87Li,8,4,0,0.0,0.875,1.236,0.0148,0.0101,3.0029,0.255,2.0141e-01,0.4993,3.3491e+07,0.5,0.05,0.5,0.4975,0.5,0.491,-0.9785,0.05,-3.326,4.8,0.32
"7Li(p, gamma)8Be",7Li,3,4,7,p,87Li,8,4,0,0.0,0.875,1.236,0.0148,0.0101,3.0321,0.2538,2.0297e-01,0.4993,3.3425e+07,0.5,0.05,0.5,0.4975,0.5,0.491,-0.9785,0.05,-3.326,4.8,0.32
"7Li(p, gamma)8Be",7Li,3,4,7,p,87Li,8,4,0,0.0,0.875,1.236,0.0148,0.0101,3.0613,0.2526,2.0453e-01,0.4993,3.3359e+07,0.5,0.05,0.5,0.4975,0.5,0.491,-0.9785,0.05,-3.326,4.8,0.32
"7Li(p, gamma)8Be",7Li,3,4,7,p,87Li,8,4,0,0.0,0.875,1.236,0.0148,0.0101,3.0906,0.2514,2.0608e-01,0.4993,3.3293e+07,0.5,0.05,0.5,0.4975,0.5,0.491,-0.9785,0.05,-3.326,4.8,0.32
"7Li(p, gamma)8Be",7Li,3,4,7,p,87Li,8,4,0,0.0,0.875,1.236,0.0148,0.0101,3.1198,0.2502,2.0761e-01,0.4993,3.3226e+07,0.5,0.05,0.5,0.4975,0.5,0.491,-0.9785,0.05,-3.326,4.8,0.32
"7Li(p, gamma)8Be",7Li,3,4,7,p,87Li,8,4,0,0.0,0.875,1.236,0.0148,0.0101,3.1491,0.249,2.0914e-01,0.4993,3.3159e+07,0.5,0.05,0.5,0.4975,0.5,0.491,-0.9785,0.05,-3.326,4.8,0.32
"7Li(p, gamma)8Be",7Li,3,4,7,p,87Li,8,4,0,0.0,0.875,1.236,0.0148,0.0101,3.1783,0.2479,2.1065e-01,0.4993,3.3091e+07,0.5,0.05,0.5,0.4975,0.5,0.491,-0.9785,0.05,-3.326,4.8,0.32
"7Li(p, gamma)8Be",7Li,3,4,7,p,87Li,8,4,0,0.0,0.875,1.236,0.0148,0.0101,3.2076,0.2468,2.1216e-01,0.4993,3.3023e+07,0.5,0.05,0.5,0.4975,0.5,0.491,-0.9785,0.05,-3.326,4.8,0.32
"7Li(p, gamma)8Be",7Li,3,4,7,p,87Li,8,4,0,0.0,0.875,1.236,0.0148,0.0101,3.2368,0.2456,2.1365e-01,0.4993,3.2955e+07,0.5,0.05,0.5,0.4975,0.5,0.491,-0.9785,0.05,-3.326,4.8,0.32
"7Li(p, gamma)8Be",7Li,3,4,7,p,87Li,8,4,0,0.0,0.875,1.236,0.0148,0.0101,3.2661,0.2445,2.1514e-01,0.4993,3.2886e+07,0.5,0.05,0.5,0.4975,0.5,0.491,-0.9785,0.05,-3.326,4.8,0.32
"7Li(p, gamma)8Be",7Li,3,4,7,p,87Li,8,4,0,0.0,0.875,1.236,0.0148,0.0101,3.2953,0.2435,2.1661e-01,0.4993,3.2817e+07,0.5,0.05,0.5,0.4975,0.5,0.491,-0.9785,0.05,-3.326,4.8,0.32
"7Li(p, gamma)8Be",7Li,3,4,7,p,87Li,8,4,0,0.0,0.875,1.236,0.0148,0.0101,3.3245,0.2424,2.1807e-01,0.4993,3.2749e+07,0.5,0.05,0.5,0.4975,0.5,0.491,-0.9785,0.05,-3.326,4.8,0.32
"7Li(p, gamma)8Be",7Li,3,4,7,p,87Li,8,4,0,0.0,0.875,1.236,0.0148,0.0101,3.3538,0.2413,2.1953e-01,0.4992,3.2679e+07,0.5,0.05,0.5,0.4975,0.5,0.491,-0.9785,0.05,-3.326,4.8,0.32
"7Li(p, gamma)8Be",7Li,3,4,7,p,87Li,8,4,0,0.0,0.875,1.236,0.0148,0.0101,3.383,0.2403,2.2097e-01,0.4992,3.2610e+07,0.5,0.05,0.5,0.4975,0.5,0.491,-0.9785,0.05,-3.326,4.8,0.32
"7Li(p, gamma)8Be",7Li,3,4,7,p,87Li,8,4,0,0.0,0.875,1.236,0.0148,0.0101,3.4123,0.2392,2.2241e-01,0.4992,3.2540e+07,0.5,0.05,0.5,0.4975,0.5,0.491,-0.9785,0.05,-3.326,4.8,0.32
"7Li(p, gamma)8Be",7Li,3,4,7,p,87Li,8,4,0,0.0,0.875,1.236,0.0148,0.0101,3.4415,0.2382,2.2384e-01,0.4992,3.2470e+07,0.5,0.05,0.5,0.4975,0.5,0.491,-0.9785,0.05,-3.326,4.8,0.32
"7Li(p, gamma)8Be",7Li,3,4,7,p,87Li,8,4,0,0.0,0.875,1.236,0.0148,0.0101,3.4708,0.2372,2.2526e-01,0.4992,3.2400e+07,0.5,0.05,0.5,0.4975,0.5,0.491,-0.9785,0.05,-3.326,4.8,0.32
"7Li(p, gamma)8Be",7Li,3,4,7,p,87Li,8,4,0,0.0,0.875,1.236,0.0148,0.0101,3.5,0.2362,2.2667e-01,0.4992,3.2330e+07,0.5,0.05,0.5,0.4975,0.5,0.491,-0.9785,0.05,-3.326,4.8,0.32
"15N(p, gamma)16O",15N,7,8,15,p,1615N,16,8,0,0.0,0.9375,2.423,0.0266,0.0135,0.02,7.5476,2.5381e-21,35.9982,4.5684e-09,36.0,1.5,37.55,35.82,36.0,35.352,-0.5221,-0.7199,29.2423,-2.4,0.32
"15N(p, gamma)16O",15N,7,8,15,p,1615N,16,8,0,0.0,0.9375,2.423,0.0266,0.0135,0.0492,4.8122,7.3926e-14,35.9956,5.4086e-02,36.0,1.5,37.55,35.82,36.0,35.352,-0.5221,-0.7199,29.2423,-2.4,0.32
"15N(p, gamma)16O",15N,7,8,15,p,1615N,16,8,0,0.0,0.9375,2.423,0.0266,0.0135,0.0785,3.8097,4.0210e-11,35.9929,1.8437e+01,36.0,1.5,37.55,35.82,36.0,35.352,-0.5221,-0.7199,29.2423,-2.4,0.32
"15N(p, gamma)16O",15N,7,8,15,p,1615N,16,8,0,0.0,0.9375,2.423,0.0266,0.0135,0.1077,3.2525,1.3328e-09,35.9903,4.4540e+02,36.0,1.5,37.55,35.82,36.0,35.352,-0.5221,-0.7199,29.2423,-2.4,0.32
"15N(p, gamma)16O",15N,7,8,15,p,1615N,16,8,0,0.0,0.9375,2.423,0.0266,0.0135,0.137,2.8838,1.3517e-08,35.9877,3.5506e+03,36.0,1.5,37.55,35.82,36.0,35.352,-0.5221,-0.7199,29.2423,-2.4,0.32
"15N(p, gamma)16O",15N,7,8,15,p,1615N,16,8,0,0.0,0.9375,2.423,0.0266,0.0135,0.1662,2.6182,7.1698e-08,35.985,1.5524e+04,36.0,1.5,37.55,35.82,36.0,35.352,-0.5221,-0.7199,29.2423,-2.4,0.32
"15N(p, gamma)16O",15N,7,8,15,p,1615N,16,8,0,0.0,0.9375,2.423,0.0266,0.0135,0.1955,2.4141,2.5859e-07,35.9824,4.7594e+04,36.0,1.5,37.55,35.82,36.0,35.352,-0.5221,-0.7199,29.2423,-2.4,0.32
"15N(p, gamma)16O",15N,7,8,15,p,1615N,16,8,0,0.0,0.9375,2.423,0.0266,0.0135,0.2247,2.2518,7.1699e-07,35.9798,1.1481e+05,36.0,1.5,37.55,35.82,36.0,35.352,-0.5221,-0.7199,29.2423,-2.4,0.32
"15N(p, gamma)16O",15N,7,8,15,p,1615N,16,8,0,0.0,0.9375,2.423,0.0266,0.0135,0.2539,2.1183,1.6582e-06,35.9772,2.3496e+05,36.0,1.5,37.55,35.82,36.0,35.352,-0.5221,-0.7199,29.2423,-2.4,0.32
"15N(p, gamma)16O",15N,7,8,15,p,1615N,16,8,0,0.0,0.9375,2.423,0.0266,0.0135,0.2832,2.0057,3.3637e-06,35.9745,4.2728e+05,36.0,1.5,37.55,35.82,36.0,35.352,-0.5221,-0.7199,29.2423,-2.4,0.32
"15N(p, gamma)16O",15N,7,8,15,p,1615N,16,8,0,0.0,0.9375,2.423,0.0266,0.0135,0.3124,1.9097,6.1500e-06,35.9719,7.0815e+05,36.0,1.5,37.55,35.82,36.0,35.352,-0.5221,-0.7199,29.2423,-2.4,0.32
"15N(p, gamma)16O",15N,7,8,15,p,1615N,16,8,0,0.0,0.9375,2.423,0.0266,0.0135,0.3417,1.826,1.0406e-05,35.9693,1.0954e+06,36.0,1.5,37.55,35.82,36.0,35.352,-0.5221,-0.7199,29.2423,-2.4,0.32
"15N(p, gamma)16O",15N,7,8,15,p,1615N,16,8,0,0.0,0.9375,2.423,0.0266,0.0135,0.3709,1.7526,1.6499e-05,35.9666,1.5999e+06,36.0,1.5,37.55,35.82,36.0,35.352,-0.5221,-0.7199,29.2423,-2.4,0.32
"15N(p, gamma)16O",15N,7,8,15,p,1615N,16,8,0,0.0,0.9375,2.423,0.0266,0.0135,0.4002,1.6873,2.4881e-05,35.964,2.2359e+06,36.0,1.5,37.55,35.82,36.0,35.352,-0.5221,-0.7199,29.2423,-2.4,0.32
"15N(p, gamma)16O",15N,7,8,15,p,1615N,16,8,0,0.0,0.9375,2.423,0.0266,0.0135,0.4294,1.6289,3.5906e-05,35.9614,3.0070e+06,36.0,1.5,37.55,35.82,36.0,35.352,-0.5221,-0.7199,29.2423,-2.4,0.32
"15N(p, gamma)16O",15N,7,8,15,p,1615N,16,8,0,0.0,0.9375,2.423,0.0266,0.0135,0.4587,1.576,5.0057e-05,35.9587,3.9241e+06,36.0,1.5,37.55,35.82,36.0,35.352,-0.5221,-0.7199,29.2423,-2.4,0.32
"15N(p, gamma)16O",15N,7,8,15,p,1615N,16,8,0,0.0,0.9375,2.423,0.0266,0.0135,0.4879,1.5281,6.7630e-05,35.9561,4.9840e+06,36.0,1.5,37.55,35.82,36.0,35.352,-0.5221,-0.7199,29.2423,-2.4,0.32
"15N(p, gamma)16O",15N,7,8,15,p,1615N,16,8,0,0.0,0.9375,2.423,0.0266,0.0135,0.5171,1.4843,8.9039e-05,35.9535,6.1908e+06,36.0,1.5,37.55,35.82,36.0,35.352,-0.5221,-0.7199,29.2423,-2.4,0.32
"15N(p, gamma)16O",15N,7,8,15,p,1615N,16,8,0,0.0,0.9375,2.423,0.0266,0.0135,0.5464,1.444,1.1473e-04,35.9508,7.5488e+06,36.0,1.5,37.55,35.82,36.0,35.352,-0.5221,-0.7199,29.2423,-2.4,0.32
"15N(p, gamma)16O",15N,7,8,15,p,1615N,16,8,0,0.0,0.9375,2.423,0.0266,0.0135,0.5756,1.4069,1.4485e-04,35.9482,9.0465e+06,36.0,1.5,37.55,35.82,36.0,35.352,-0.5221,-0.7199,29.2423,-2.4,0.32
"15N(p, gamma)16O",15N,7,8,15,p,1615N,16,8,0,0.0,0.9375,2.423,0.0266,0.0135,0.6049,1.3724,1.7991e-04,35.9456,1.0691e+07,36.0,1.5,37.55,35.82,36.0,35.352,-0.5221,-0.7199,29.2423,-2.4,0.32
"15N(p, gamma)16O",15N,7,8,15,p,1615N,16,8,0,0.0,0.9375,2.423,0.0266,0.0135,0.6341,1.3404,2.1994e-04,35.943,1.2467e+07,36.0,1.5,37.55,35.82,36.0,35.352,-0.5221,-0.7199,29.2423,-2.4,0.32
"15N(p, gamma)16O",15N,7,8,15,p,1615N,16,8,0,0.0,0.9375,2.423,0.0266,0.0135,0.6634,1.3105,2.6545e-04,35.9403,1.4381e+07,36.0,1.5,37.55,35.82,36.0,35.352,-0.5221,-0.7199,29.2423,-2.4,0.32
"15N(p, gamma)16O",15N,7,8,15,p,1615N,16,8,0,0.0,0.9375,2.423,0.0266,0.0135,0.6926,1.2826,3.1636e-04,35.9377,1.6415e+07,36.0,1.5,37.55,35.82,36.0,35.352,-0.5221,-0.7199,29.2423,-2.4,0.32
"15N(p, gamma)16O",15N,7,8,15,p,1615N,16,8,0,0.0,0.9375,2.423,0.0266,0.0135,0.7218,1.2564,3.7299e-04,35.9351,1.8570e+07,36.0,1.5,37.55,35.82,36.0,35.352,-0.5221,-0.7199,29.2423,-2.4,0.32
"15N(p, gamma)16O",15N,7,8,15,p,1615N,16,8,0,0.0,0.9375,2.423,0.0266,0.0135,0.7511,1.2316,4.3575e-04,35.9324,2.0846e+07,36.0,1.5,37.55,35.82,36.0,35.352,-0.5221,-0.7199,29.2423,-2.4,0.32
"15N(p, gamma)16O",15N,7,8,15,p,1615N,16,8,0,0.0,0.9375,2.423,0.0266,0.0135,0.7803,1.2083,5.0433e-04,35.9298,2.3223e+07,36.0,1.5,37.55,35.82,36.0,35.352,-0.5221,-0.7199,29.2423,-2.4,0.32
"15N(p, gamma)16O",15N,7,8,15,p,1615N,16,8,0,0.0,0.9375,2.423,0.0266,0.0135,0.8096,1.1863,5.7934e-04,35.9272,2.5709e+07,36.0,1.5,37.55,35.82,36.0,35.352,-0.5221,-0.7199,29.2423,-2.4,0.32
"15N(p, gamma)16O",15N,7,8,15,p,1615N,16,8,0,0.0,0.9375,2.423,0.0266,0.0135,0.8388,1.1655,6.6035e-04,35.9246,2.8282e+07,36.0,1.5,37.55,35.82,36.0,35.352,-0.5221,-0.7199,29.2423,-2.4,0.32
"15N(p, gamma)16O",15N,7,8,15,p,1615N,16,8,0,0.0,0.9375,2.423,0.0266,0.0135,0.8681,1.1456,7.4801e-04,35.9219,3.0952e+07,36.0,1.5,37.55,35.82,36.0,35.352,-0.5221,-0.7199,29.2423,-2.4,0.32
"15N(p, gamma)16O",15N,7,8,15,p,1615N,16,8,0,0.0,0.9375,2.423,0.0266,0.0135,0.8973,1.1268,8.4176e-04,35.9193,3.3696e+07,36.0,1.5,37.55,35.82,36.0,35.352,-0.5221,-0.7199,29.2423,-2.4,0.32
"15N(p, gamma)16O",15N,7,8,15,p,1615N,16,8,0,0.0,0.9375,2.423,0.0266,0.0135,0.9266,1.1089,9.4231e-04,35.9167,3.6526e+07,36.0,1.5,37.55,35.82,36.0,35.352,-0.5221,-0.7199,29.2423,-2.4,0.32
"15N(p, gamma)16O",15N,7,8,15,p,1615N,16,8,0,0.0,0.9375,2.423,0.0266,0.0135,0.9558,1.0918,1.0490e-03,35.914,3.9416e+07,36.0,1.5,37.55,35.82,36.0,35.352,-0.5221,-0.7199,29.2423,-2.4,0.32
"15N(p, gamma)16O",15N,7,8,15,p,1615N,16,8,0,0.0,0.9375,2.423,0.0266,0.0135,0.985,1.0755,1.1622e-03,35.9114,4.2370e+07,36.0,1.5,37.55,35.82,36.0,35.352,-0.5221,-0.7199,29.2423,-2.4,0.32
"15N(p, gamma)16O",15N,7,8,15,p,1615N,16,8,0,0.0,0.9375,2.423,0.0266,0.0135,1.0143,1.0598,1.2822e-03,35.9088,4.5394e+07,36.0,1.5,37.55,35.82,36.0,35.352,-0.5221,-0.7199,29.2423,-2.4,0.32
"15N(p, gamma)16O",15N,7,8,15,p,1615N,16,8,0,0.0,0.9375,2.423,0.0266,0.0135,1.0435,1.0449,1.4084e-03,35.9062,4.8461e+07,36.0,1.5,37.55,35.82,36.0,35.352,-0.5221,-0.7199,29.2423,-2.4,0.32
"15N(p, gamma)16O",15N,7,8,15,p,1615N,16,8,0,0.0,0.9375,2.423,0.0266,0.0135,1.0728,1.0305,1.5414e-03,35.9035,5.1587e+07,36.0,1.5,37.55,35.82,36.0,35.352,-0.5221,-0.7199,29.2423,-2.4,0.32
"15N(p, gamma)16O",15N,7,8,15,p,1615N,16,8,0,0.0,0.9375,2.423,0.0266,0.0135,1.102,1.0168,1.6805e-03,35.9009,5.4746e+07,36.0,1.5,37.55,35.82,36.0,35.352,-0.5221,-0.7199,29.2423,-2.4,0.32
"15N(p, gamma)16O",15N,7,8,15,p,1615N,16,8,0,0.0,0.9375,2.423,0.0266,0.0135,1.1313,1.0035,1.8264e-03,35.8983,5.7955e+07,36.0,1.5,37.55,35.82,36.0,35.352,-0.5221,-0.7199,29.2423,-2.4,0.32
"15N(p, gamma)16O",15N,7,8,15,p,1615N,16,8,0,0.0,0.9375,2.423,0.0266,0.0135,1.1605,0.9908,1.9782e-03,35.8957,6.1187e+07,36.0,1.5,37.55,35.82,36.0,35.352,-0.5221,-0.7199,29.2423,-2.4,0.32
"15N(p, gamma)16O",15N,7,8,15,p,1615N,16,8,0,0.0,0.9375,2.423,0.0266,0.0135,1.1897,0.9786,2.1362e-03,35.893,6.4450e+07,36.0,1.5,37.55,35.82,36.0,35.352,-0.5221,-0.7199,29.2423,-2.4,0.32
"15N(p, gamma)16O",15N,7,8,15,p,1615N,16,8,0,0.0,0.9375,2.423,0.0266,0.0135,1.219,0.9668,2.3011e-03,35.8904,6.7750e+07,36.0,1.5,37.55,35.82,36.0,35.352,-0.5221,-0.7199,29.2423,-2.4,0.32
"15N(p, gamma)16O",15N,7,8,15,p,1615N,16,8,0,0.0,0.9375,2.423,0.0266,0.0135,1.2482,0.9554,2.4716e-03,35.8878,7.1062e+07,36.0,1.5,37.55,35.82,36.0,35.352,-0.5221,-0.7199,29.2423,-2.4,0.32
"15N(p, gamma)16O",15N,7,8,15,p,1615N,16,8,0,0.0,0.9375,2.423,0.0266,0.0135,1.2775,0.9444,2.6488e-03,35.8851,7.4405e+07,36.0,1.5,37.55,35.82,36.0,35.352,-0.5221,-0.7199,29.2423,-2.4,0.32
"15N(p, gamma)16O",15N,7,8,15,p,1615N,16,8,0,0.0,0.9375,2.423,0.0266,0.0135,1.3067,0.9338,2.8314e-03,35.8825,7.7752e+07,36.0,1.5,37.55,35.82,36.0,35.352,-0.5221,-0.7199,29.2423,-2.4,0.32
"15N(p, gamma)16O",15N,7,8,15,p,1615N,16,8,0,0.0,0.9375,2.423,0.0266,0.0135,1.336,0.9235,3.0206e-03,35.8799,8.1123e+07,36.0,1.5,37.55,35.82,36.0,35.352,-0.5221,-0.7199,29.2423,-2.4,0.32
"15N(p, gamma)16O",15N,7,8,15,p,1615N,16,8,0,0.0,0.9375,2.423,0.0266,0.0135,1.3652,0.9135,3.2151e-03,35.8773,8.4492e+07,36.0,1.5,37.55,35.82,36.0,35.352,-0.5221,-0.7199,29.2423,-2.4,0.32
"15N(p, gamma)16O",15N,7,8,15,p,1615N,16,8,0,0.0,0.9375,2.423,0.0266,0.0135,1.3945,0.9039,3.4160e-03,35.8746,8.7880e+07,36.0,1.5,37.55,35.82,36.0,35.352,-0.5221,-0.7199,29.2423,-2.4,0.32
"15N(p, gamma)16O",15N,7,8,15,p,1615N,16,8,0,0.0,0.9375,2.423,0.0266,0.0135,1.4237,0.8946,3.6220e-03,35.872,9.1260e+07,36.0,1.5,37.55,35.82,36.0,35.352,-0.5221,-0.7199,29.2423,-2.4,0.32
"15N(p, gamma)16O",15N,7,8,15,p,1615N,16,8,0,0.0,0.9375,2.423,0.0266,0.0135,1.4529,0.8855,3.8335e-03,35.8694,9.4643e+07,36.0,1.5,37.55,35.82,36.0,35.352,-0.5221,-0.7199,29.2423,-2.4,0.32
"15N(p, gamma)16O",15N,7,8,15,p,1615N,16,8,0,0.0,0.9375,2.423,0.0266,0.0135,1.4822,0.8767,4.0514e-03,35.8668,9.8036e+07,36.0,1.5,37.55,35.82,36.0,35.352,-0.5221,-0.7199,29.2423,-2.4,0.32
"15N(p, gamma)16O",15N,7,8,15,p,1615N,16,8,0,0.0,0.9375,2.423,0.0266,0.0135,1.5114,0.8682,4.2739e-03,35.8641,1.0142e+08,36.0,1.5,37.55,35.82,36.0,35.352,-0.5221,-0.7199,29.2423,-2.4,0.32
"15N(p, gamma)16O",15N,7,8,15,p,1615N,16,8,0,0.0,0.9375,2.423,0.0266,0.0135,1.5407,0.8599,4.5026e-03,35.8615,1.0480e+08,36.0,1.5,37.55,35.82,36.0,35.352,-0.5221,-0.7199,29.2423,-2.4,0.32
"15N(p, gamma)16O",15N,7,8,15,p,1615N,16,8,0,0.0,0.9375,2.423,0.0266,0.0135,1.5699,0.8519,4.7357e-03,35.8589,1.0817e+08,36.0,1.5,37.55,35.82,36.0,35.352,-0.5221,-0.7199,29.2423,-2.4,0.32
"15N(p, gamma)16O",15N,7,8,15,p,1615N,16,8,0,0.0,0.9375,2.423,0.0266,0.0135,1.5992,0.8441,4.9748e-03,35.8563,1.1154e+08,36.0,1.5,37.55,35.82,36.0,35.352,-0.5221,-0.7199,29.2423,-2.4,0.32
"15N(p, gamma)16O",15N,7,8,15,p,1615N,16,8,0,0.0,0.9375,2.423,0.0266,0.0135,1.6284,0.8365,5.2182e-03,35.8536,1.1489e+08,36.0,1.5,37.55,35.82,36.0,35.352,-0.5221,-0.7199,29.2423,-2.4,0.32
"15N(p, gamma)16O",15N,7,8,15,p,1615N,16,8,0,0.0,0.9375,2.423,0.0266,0.0135,1.6576,0.8291,5.4666e-03,35.851,1.1823e+08,36.0,1.5,37.55,35.82,36.0,35.352,-0.5221,-0.7199,29.2423,-2.4,0.32
"15N(p, gamma)16O",15N,7,8,15,p,1615N,16,8,0,0.0,0.9375,2.423,0.0266,0.0135,1.6869,0.8218,5.7207e-03,35.8484,1.2157e+08,36.0,1.5,37.55,35.82,36.0,35.352,-0.5221,-0.7199,29.2423,-2.4,0.32
"15N(p, gamma)16O",15N,7,8,15,p,1615N,16,8,0,0.0,0.9375,2.423,0.0266,0.0135,1.7161,0.8148,5.9787e-03,35.8458,1.2488e+08,36.0,1.5,37.55,35.82,36.0,35.352,-0.5221,-0.7199,29.2423,-2.4,0.32
"15N(p, gamma)16O",15N,7,8,15,p,1615N,16,8,0,0.0,0.9375,2.423,0.0266,0.0135,1.7454,0.8079,6.2424e-03,35.8431,1.2819e+08,36.0,1.5,37.55,35.82,36.0,35.352,-0.5221,-0.7199,29.2423,-2.4,0.32
"15N(p, gamma)16O",15N,7,8,15,p,1615N,16,8,0,0.0,0.9375,2.423,0.0266,0.0135,1.7746,0.8013,6.5097e-03,35.8405,1.3147e+08,36.0,1.5,37.55,35.82,36.0,35.352,-0.5221,-0.7199,29.2423,-2.4,0.32
"15N(p, gamma)16O",15N,7,8,15,p,1615N,16,8,0,0.0,0.9375,2.423,0.0266,0.0135,1.8039,0.7947,6.7826e-03,35.8379,1.3475e+08,36.0,1.5,37.55,35.82,36.0,35.352,-0.5221,-0.7199,29.2423,-2.4,0.32
"15N(p, gamma)16O",15N,7,8,15,p,1615N,16,8,0,0.0,0.9375,2.423,0.0266,0.0135,1.8331,0.7884,7.0589e-03,35.8353,1.3799e+08,36.0,1.5,37.55,35.82,36.0,35.352,-0.5221,-0.7199,29.2423,-2.4,0.32
"15N(p, gamma)16O",15N,7,8,15,p,1615N,16,8,0,0.0,0.9375,2.423,0.0266,0.0135,1.8624,0.7821,7.3405e-03,35.8326,1.4123e+08,36.0,1.5,37.55,35.82,36.0,35.352,-0.5221,-0.7199,29.2423,-2.4,0.32
"15N(p, gamma)16O",15N,7,8,15,p,1615N,16,8,0,0.0,0.9375,2.423,0.0266,0.0135,1.8916,0.7761,7.6254e-03,35.83,1.4444e+08,36.0,1.5,37.55,35.82,36.0,35.352,-0.5221,-0.7199,29.2423,-2.4,0.32
"15N(p, gamma)16O",15N,7,8,15,p,1615N,16,8,0,0.0,0.9375,2.423,0.0266,0.0135,1.9208,0.7702,7.9144e-03,35.8274,1.4762e+08,36.0,1.5,37.55,35.82,36.0,35.352,-0.5221,-0.7199,29.2423,-2.4,0.32
"15N(p, gamma)16O",15N,7,8,15,p,1615N,16,8,0,0.0,0.9375,2.423,0.0266,0.0135,1.9501,0.7644,8.2086e-03,35.8248,1.5080e+08,36.0,1.5,37.55,35.82,36.0,35.352,-0.5221,-0.7199,29.2423,-2.4,0.32
"15N(p, gamma)16O",15N,7,8,15,p,1615N,16,8,0,0.0,0.9375,2.423,0.0266,0.0135,1.9793,0.7587,8.5057e-03,35.8222,1.5394e+08,36.0,1.5,37.55,35.82,36.0,35.352,-0.5221,-0.7199,29.2423,-2.4,0.32
"15N(p, gamma)16O",15N,7,8,15,p,1615N,16,8,0,0.0,0.9375,2.423,0.0266,0.0135,2.0086,0.7531,8.8078e-03,35.8195,1.5707e+08,36.0,1.5,37.55,35.82,36.0,35.352,-0.5221,-0.7199,29.2423,-2.4,0.32
"15N(p, gamma)16O",15N,7,8,15,p,1615N,16,8,0,0.0,0.9375,2.423,0.0266,0.0135,2.0378,0.7477,9.1126e-03,35.8169,1.6017e+08,36.0,1.5,37.55,35.82,36.0,35.352,-0.5221,-0.7199,29.2423,-2.4,0.32
"15N(p, gamma)16O",15N,7,8,15,p,1615N,16,8,0,0.0,0.9375,2.423,0.0266,0.0135,2.0671,0.7424,9.4222e-03,35.8143,1.6325e+08,36.0,1.5,37.55,35.82,36.0,35.352,-0.5221,-0.7199,29.2423,-2.4,0.32
"15N(p, gamma)16O",15N,7,8,15,p,1615N,16,8,0,0.0,0.9375,2.423,0.0266,0.0135,2.0963,0.7372,9.7345e-03,35.8117,1.6630e+08,36.0,1.5,37.55,35.82,36.0,35.352,-0.5221,-0.7199,29.2423,-2.4,0.32
"15N(p, gamma)16O",15N,7,8,15,p,1615N,16,8,0,0.0,0.9375,2.423,0.0266,0.0135,2.1255,0.7321,1.0050e-02,35.809,1.6932e+08,36.0,1.5,37.55,35.82,36.0,35.352,-0.5221,-0.7199,29.2423,-2.4,0.32
"15N(p, gamma)16O",15N,7,8,15,p,1615N,16,8,0,0.0,0.9375,2.423,0.0266,0.0135,2.1548,0.7271,1.0371e-02,35.8064,1.7233e+08,36.0,1.5,37.55,35.82,36.0,35.352,-0.5221,-0.7199,29.2423,-2.4,0.32
"15N(p, gamma)16O",15N,7,8,15,p,1615N,16,8,0,0.0,0.9375,2.423,0.0266,0.0135,2.184,0.7223,1.0693e-02,35.8038,1.7530e+08,36.0,1.5,37.55,35.82,36.0,35.352,-0.5221,-0.7199,29.2423,-2.4,0.32
"15N(p, gamma)16O",15N,7,8,15,p,1615N,16,8,0,0.0,0.9375,2.423,0.0266,0.0135,2.2133,0.7175,1.1021e-02,35.8012,1.7826e+08,36.0,1.5,37.55,35.82,36.0,35.352,-0.5221,-0.7199,29.2423,-2.4,0.32
"15N(p, gamma)16O",15N,7,8,15,p,1615N,16,8,0,0.0,0.9375,2.423,0.0266,0.0135,2.2425,0.7128,1.1350e-02,35.7986,1.8119e+08,36.0,1.5,37.55,35.82,36.0,35.352,-0.5221,-0.7199,29.2423,-2.4,0.32
"15N(p, gamma)16O",15N,7,8,15,p,1615N,16,8,0,0.0,0.9375,2.423,0.0266,0.0135,2.2718,0.7082,1.1684e-02,35.7959,1.8409e+08,36.0,1.5,37.55,35.82,36.0,35.352,-0.5221,-0.7199,29.2423,-2.4,0.32
"15N(p, gamma)16O",15N,7,8,15,p,1615N,16,8,0,0.0,0.9375,2.423,0.0266,0.0135,2.301,0.7037,1.2019e-02,35.7933,1.8697e+08,36.0,1.5,37.55,35.82,36.0,35.352,-0.5221,-0.7199,29.2423,-2.4,0.32
"15N(p, gamma)16O",15N,7,8,15,p,1615N,16,8,0,0.0,0.9375,2.423,0.0266,0.0135,2.3303,0.6992,1.2359e-02,35.7907,1.8982e+08,36.0,1.5,37.55,35.82,36.0,35.352,-0.5221,-0.7199,29.2423,-2.4,0.32
"15N(p, gamma)16O",15N,7,8,15,p,1615N,16,8,0,0.0,0.9375,2.423,0.0266,0.0135,2.3595,0.6949,1.2701e-02,35.7881,1.9264e+08,36.0,1.5,37.55,35.82,36.0,35.352,-0.5221,-0.7199,29.2423,-2.4,0.32
"15N(p, gamma)16O",15N,7,8,15,p,1615N,16,8,0,0.0,0.9375,2.423,0.0266,0.0135,2.3887,0.6906,1.3045e-02,35.7854,1.9543e+08,36.0,1.5,37.55,35.82,36.0,35.352,-0.5221,-0.7199,29.2423,-2.4,0.32
"15N(p, gamma)16O",15N,7,8,15,p,1615N,16,8,0,0.0,0.9375,2.423,0.0266,0.0135,2.418,0.6864,1.3394e-02,35.7828,1.9821e+08,36.0,1.5,37.55,35.82,36.0,35.352,-0.5221,-0.7199,29.2423,-2.4,0.32
"15N(p, gamma)16O",15N,7,8,15,p,1615N,16,8,0,0.0,0.9375,2.423,0.0266,0.0135,2.4472,0.6823,1.3744e-02,35.7802,2.0095e+08,36.0,1.5,37.55,35.82,36.0,35.352,-0.5221,-0.7199,29.2423,-2.4,0.32
"15N(p, gamma)16O",15N,7,8,15,p,1615N,16,8,0,0.0,0.9375,2.423,0.0266,0.0135,2.4765,0.6783,1.4098e-02,35.7776,2.0367e+08,36.0,1.5,37.55,35.82,36.0,35.352,-0.5221,-0.7199,29.2423,-2.4,0.32
"15N(p, gamma)16O",15N,7,8,15,p,1615N,16,8,0,0.0,0.9375,2.423,0.0266,0.0135,2.5057,0.6743,1.4454e-02,35.775,2.0636e+08,36.0,1.5,37.55,35.82,36.0,35.352,-0.5221,-0.7199,29.2423,-2.4,0.32
"15N(p, gamma)16O",15N,7,8,15,p,1615N,16,8,0,0.0,0.9375,2.423,0.0266,0.0135,2.535,0.6704,1.4813e-02,35.7723,2.0903e+08,36.0,1.5,37.55,35.82,36.0,35.352,-0.5221,-0.7199,29.2423,-2.4,0.32
"15N(p, gamma)16O",15N,7,8,15,p,1615N,16,8,0,0.0,0.9375,2.423,0.0266,0.0135,2.5642,0.6666,1.5174e-02,35.7697,2.1167e+08,36.0,1.5,37.55,35.82,36.0,35.352,-0.5221,-0.7199,29.2423,-2.4,0.32
"15N(p, gamma)16O",15N,7,8,15,p,1615N,16,8,0,0.0,0.9375,2.423,0.0266,0.0135,2.5934,0.6628,1.5537e-02,35.7671,2.1428e+08,36.0,1.5,37.55,35.82,36.0,35.352,-0.5221,-0.7199,29.2423,-2.4,0.32
"15N(p, gamma)16O",15N,7,8,15,p,1615N,16,8,0,0.0,0.9375,2.423,0.0266,0.0135,2.6227,0.6591,1.5903e-02,35.7645,2.1687e+08,36.0,1.5,37.55,35.82,36.0,35.352,-0.5221,-0.7199,29.2423,-2.4,0.32
"15N(p, gamma)16O",15N,7,8,15,p,1615N,16,8,0,0.0,0.9375,2.423,0.0266,0.0135,2.6519,0.6555,1.6271e-02,35.7619,2.1942e+08,36.0,1.5,37.55,35.82,36.0,35.352,-0.5221,-0.7199,29.2423,-2.4,0.32
"15N(p, gamma)16O",15N,7,8,15,p,1615N,16,8,0,0.0,0.9375,2.423,0.0266,0.0135,2.6812,0.6519,1.6643e-02,35.7592,2.2196e+08,36.0,1.5,37.55,35.82,36.0,35.352,-0.5221,-0.7199,29.2423,-2.4,0.32
"15N(p, gamma)16O",15N,7,8,15,p,1615N,16,8,0,0.0,0.9375,2.423,0.0266,0.0135,2.7104,0.6483,1.7015e-02,35.7566,2.2447e+08,36.0,1.5,37.55,35.82,36.0,35.352,-0.5221,-0.7199,29.2423,-2.4,0.32
"15N(p, gamma)16O",15N,7,8,15,p,1615N,16,8,0,0.0,0.9375,2.423,0.0266,0.0135,2.7397,0.6449,1.7391e-02,35.754,2.2695e+08,36.0,1.5,37.55,35.82,36.0,35.352,-0.5221,-0.7199,29.2423,-2.4,0.32
"15N(p, gamma)16O",15N,7,8,15,p,1615N,16,8,0,0.0,0.9375,2.423,0.0266,0.0135,2.7689,0.6415,1.7767e-02,35.7514,2.2940e+08,36.0,1.5,37.55,35.82,36.0,35.352,-0.5221,-0.7199,29.2423,-2.4,0.32
"15N(p, gamma)16O",15N,7,8,15,p,1615N,16,8,0,0.0,0.9375,2.423,0.0266,0.0135,2.7982,0.6381,1.8147e-02,35.7488,2.3184e+08,36.0,1.5,37.55,35.82,36.0,35.352,-0.5221,-0.7199,29.2423,-2.4,0.32
"15N(p, gamma)16O",15N,7,8,15,p,1615N,16,8,0,0.0,0.9375,2.423,0.0266,0.0135,2.8274,0.6348,1.8528e-02,35.7461,2.3424e+08,36.0,1.5,37.55,35.82,36.0,35.352,-0.5221,-0.7199,29.2423,-2.4,0.32
"15N(p, gamma)16O",15N,7,8,15,p,1615N,16,8,0,0.0,0.9375,2.423,0.0266,0.0135,2.8566,0.6315,1.8910e-02,35.7435,2.3661e+08,36.0,1.5,37.55,35.82,36.0,35.352,-0.5221,-0.7199,29.2423,-2.4,0.32
"15N(p, gamma)16O",15N,7,8,15,p,1615N,16,8,0,0.0,0.9375,2.423,0.0266,0.0135,2.8859,0.6283,1.9296e-02,35.7409,2.3897e+08,36.0,1.5,37.55,35.82,36.0,35.352,-0.5221,-0.7199,29.2423,-2.4,0.32
"15N(p, gamma)16O",15N,7,8,15,p,1615N,16,8,0,0.0,0.9375,2.423,0.0266,0.0135,2.9151,0.6252,1.9682e-02,35.7383,2.4130e+08,36.0,1.5,37.55,35.82,36.0,35.352,-0.5221,-0.7199,29.2423,-2.4,0.32
"15N(p, gamma)16O",15N,7,8,15,p,1615N,16,8,0,0.0,0.9375,2.423,0.0266,0.0135,2.9444,0.622,2.0072e-02,35.7357,2.4361e+08,36.0,1.5,37.55,35.82,36.0,35.352,-0.5221,-0.7199,29.2423,-2.4,0.32
"15N(p, gamma)16O",15N,7,8,15,p,1615N,16,8,0,0.0,0.9375,2.423,0.0266,0.0135,2.9736,0.619,2.0461e-02,35.733,2.4588e+08,36.0,1.5,37.55,35.82,36.0,35.352,-0.5221,-0.7199,29.2423,-2.4,0.32
"15N(p, gamma)16O",15N,7,8,15,p,1615N,16,8,0,0.0,0.9375,2.423,0.0266,0.0135,3.0029,0.616,2.0854e-02,35.7304,2.4814e+08,36.0,1.5,37.55,35.82,36.0,35.352,-0.5221,-0.7199,29.2423,-2.4,0.32
"15N(p, gamma)16O",15N,7,8,15,p,1615N,16,8,0,0.0,0.9375,2.423,0.0266,0.0135,3.0321,0.613,2.1248e-02,35.7278,2.5036e+08,36.0,1.5,37.55,35.82,36.0,35.352,-0.5221,-0.7199,29.2423,-2.4,0.32
"15N(p, gamma)16O",15N,7,8,15,p,1615N,16,8,0,0.0,0.9375,2.423,0.0266,0.0135,3.0613,0.6101,2.1642e-02,35.7252,2.5257e+08,36.0,1.5,37.55,35.82,36.0,35.352,-0.5221,-0.7199,29.2423,-2.4,0.32
"15N(p, gamma)16O",15N,7,8,15,p,1615N,16,8,0,0.0,0.9375,2.423,0.0266,0.0135,3.0906,0.6072,2.2040e-02,35.7226,2.5475e+08,36.0,1.5,37.55,35.82,36.0,35.352,-0.5221,-0.7199,29.2423,-2.4,0.32
"15N(p, gamma)16O",15N,7,8,15,p,1615N,16,8,0,0.0,0.9375,2.423,0.0266,0.0135,3.1198,0.6043,2.2438e-02,35.72,2.5691e+08,36.0,1.5,37.55,35.82,36.0,35.352,-0.5221,-0.7199,29.2423,-2.4,0.32
"15N(p, gamma)16O",15N,7,8,15,p,1615N,16,8,0,0.0,0.9375,2.423,0.0266,0.0135,3.1491,0.6015,2.2839e-02,35.7173,2.5904e+08,36.0,1.5,37.55,35.82,36.0,35.352,-0.5221,-0.7199,29.2423,-2.4,0.32
"15N(p, gamma)16O",15N,7,8,15,p,1615N,16,8,0,0.0,0.9375,2.423,0.0266,0.0135,3.1783,0.5987,2.3240e-02,35.7147,2.6115e+08,36.0,1.5,37.55,35.82,36.0,35.352,-0.5221,-0.7199,29.2423,-2.4,0.32
"15N(p, gamma)16O",15N,7,8,15,p,1615N,16,8,0,0.0,0.9375,2.423,0.0266,0.0135,3.2076,0.596,2.3644e-02,35.7121,2.6324e+08,36.0,1.5,37.55,35.82,36.0,35.352,-0.5221,-0.7199,29.2423,-2.4,0.32
"15N(p, gamma)16O",15N,7,8,15,p,1615N,16,8,0,0.0,0.9375,2.423,0.0266,0.0135,3.2368,0.5933,2.4047e-02,35.7095,2.6530e+08,36.0,1.5,37.55,35.82,36.0,35.352,-0.5221,-0.7199,29.2423,-2.4,0.32
"15N(p, gamma)16O",15N,7,8,15,p,1615N,16,8,0,0.0,0.9375,2.423,0.0266,0.0135,3.2661,0.5906,2.4454e-02,35.7069,2.6734e+08,36.0,1.5,37.55,35.82,36.0,35.352,-0.5221,-0.7199,29.2423,-2.4,0.32
"15N(p, gamma)16O",15N,7,8,15,p,1615N,16,8,0,0.0,0.9375,2.423,0.0266,0.0135,3.2953,0.588,2.4860e-02,35.7042,2.6936e+08,36.0,1.5,37.55,35.82,36.0,35.352,-0.5221,-0.7199,29.2423,-2.4,0.32
"15N(p, gamma)16O",15N,7,8,15,p,1615N,16,8,0,0.0,0.9375,2.423,0.0266,0.0135,3.3245,0.5854,2.5268e-02,35.7016,2.7135e+08,36.0,1.5,37.55,35.82,36.0,35.352,-0.5221,-0.7199,29.2423,-2.4,0.32
"15N(p, gamma)16O",15N,7,8,15,p,1615N,16,8,0,0.0,0.9375,2.423,0.0266,0.0135,3.3538,0.5828,2.5678e-02,35.699,2.7332e+08,36.0,1.5,37.55,35.82,36.0,35.352,-0.5221,-0.7199,29.2423,-2.4,0.32
"15N(p, gamma)16O",15N,7,8,15,p,1615N,16,8,0,0.0,0.9375,2.423,0.0266,0.0135,3.383,0.5803,2.6088e-02,35.6964,2.7527e+08,36.0,1.5,37.55,35.82,36.0,35.352,-0.5221,-0.7199,29.2423,-2.4,0.32
"15N(p, gamma)16O",15N,7,8,15,p,1615N,16,8,0,0.0,0.9375,2.423,0.0266,0.0135,3.4123,0.5778,2.6500e-02,35.6938,2.7720e+08,36.0,1.5,37.55,35.82,36.0,35.352,-0.5221,-0.7199,29.2423,-2.4,0.32
"15N(p, gamma)16O",15N,7,8,15,p,1615N,16,8,0,0.0,0.9375,2.423,0.0266,0.0135,3.4415,0.5754,2.6912e-02,35.6912,2.7910e+08,36.0,1.5,37.55,35.82,36.0,35.352,-0.5221,-0.7199,29.2423,-2.4,0.32
"15N(p, gamma)16O",15N,7,8,15,p,1615N,16,8,0,0.0,0.9375,2.423,0.0266,0.0135,3.4708,0.5729,2.7327e-02,35.6885,2.8099e+08,36.0,1.5,37.55,35.82,36.0,35.352,-0.5221,-0.7199,29.2423,-2.4,0.32
"15N(p, gamma)16O",15N,7,8,15,p,1615N,16,8,0,0.0,0.9375,2.423,0.0266,0.0135,3.5,0.5705,2.7741e-02,35.6859,2.8285e+08,36.0,1.5,37.55,35.82,36.0,35.352,-0.5221,-0.7199,29.2423,-2.4,0.32
"12C(p, gamma)13N",12C,6,6,12,p,1312C,13,7,-1,-0.5,0.9231,2.189,0.0239,0.0128,0.02,6.4194,3.0412e-18,1.67,2.5394e-07,1.67,0.02,1.67,1.6616,1.67,1.6399,-0.7888,0.0538,11.8949,-0.6,0.32
"12C(p, gamma)13N",12C,6,6,12,p,1312C,13,7,-1,-0.5,0.9231,2.189,0.0239,0.0128,0.0492,4.0929,6.7858e-12,1.6699,2.3032e-01,1.67,0.02,1.67,1.6616,1.67,1.6399,-0.7888,0.0538,11.8949,-0.6,0.32
"12C(p, gamma)13N",12C,6,6,12,p,1312C,13,7,-1,-0.5,0.9231,2.189,0.0239,0.0128,0.0785,3.2402,1.4396e-09,1.6699,3.0623e+01,1.67,0.02,1.67,1.6616,1.67,1.6399,-0.7888,0.0538,11.8949,-0.6,0.32
"12C(p, gamma)13N",12C,6,6,12,p,1312C,13,7,-1,-0.5,0.9231,2.189,0.0239,0.0128,0.1077,2.7663,2.8276e-08,1.6698,4.3839e+02,1.67,0.02,1.67,1.6616,1.67,1.6399,-0.7888,0.0538,11.8949,-0.6,0.32
"12C(p, gamma)13N",12C,6,6,12,p,1312C,13,7,-1,-0.5,0.9231,2.189,0.0239,0.0128,0.137,2.4527,2.0282e-07,1.6697,2.4720e+03,1.67,0.02,1.67,1.6616,1.67,1.6399,-0.7888,0.0538,11.8949,-0.6,0.32
"12C(p, gamma)13N",12C,6,6,12,p,1312C,13,7,-1,-0.5,0.9231,2.189,0.0239,0.0128,0.1662,2.2269,8.3837e-07,1.6697,8.4225e+03,1.67,0.02,1.67,1.6616,1.67,1.6399,-0.7888,0.0538,11.8949,-0.6,0.32
"12C(p, gamma)13N",12C,6,6,12,p,1312C,13,7,-1,-0.5,0.9231,2.189,0.0239,0.0128,0.1955,2.0532,2.4961e-06,1.6696,2.1318e+04,1.67,0.02,1.67,1.6616,1.67,1.6399,-0.7888,0.0538,11.8949,-0.6,0.32
"12C(p, gamma)13N",12C,6,6,12,p,1312C,13,7,-1,-0.5,0.9231,2.189,0.0239,0.0128,0.2247,1.9152,5.9425e-06,1.6696,4.4154e+04,1.67,0.02,1.67,1.6616,1.67,1.6399,-0.7888,0.0538,11.8949,-0.6,0.32
"12C(p, gamma)13N",12C,6,6,12,p,1312C,13,7,-1,-0.5,0.9231,2.189,0.0239,0.0128,0.2539,1.8017,1.2124e-05,1.6695,7.9724e+04,1.67,0.02,1.67,1.6616,1.67,1.6399,-0.7888,0.0538,11.8949,-0.6,0.32
"12C(p, gamma)13N",12C,6,6,12,p,1312C,13,7,-1,-0.5,0.9231,2.189,0.0239,0.0128,0.2832,1.7059,2.2127e-05,1.6695,1.3044e+05,1.67,0.02,1.67,1.6616,1.67,1.6399,-0.7888,0.0538,11.8949,-0.6,0.32
"12C(p, gamma)13N",12C,6,6,12,p,1312C,13,7,-1,-0.5,0.9231,2.189,0.0239,0.0128,0.3124,1.6243,3.6967e-05,1.6694,1.9755e+05,1.67,0.02,1.67,1.6616,1.67,1.6399,-0.7888,0.0538,11.8949,-0.6,0.32
"12C(p, gamma)13N",12C,6,6,12,p,1312C,13,7,-1,-0.5,0.9231,2.189,0.0239,0.0128,0.3417,1.5531,5.7822e-05,1.6694,2.8249e+05,1.67,0.02,1.67,1.6616,1.67,1.6399,-0.7888,0.0538,11.8949,-0.6,0.32
"12C(p, gamma)13N",12C,6,6,12,p,1312C,13,7,-1,-0.5,0.9231,2.189,0.0239,0.0128,0.3709,1.4907,8.5573e-05,1.6693,3.8514e+05,1.67,0.02,1.67,1.6616,1.67,1.6399,-0.7888,0.0538,11.8949,-0.6,0.32
"12C(p, gamma)13N",12C,6,6,12,p,1312C,13,7,-1,-0.5,0.9231,2.189,0.0239,0.0128,0.4002,1.4351,1.2136e-04,1.6693,5.0619e+05,1.67,0.02,1.67,1.6616,1.67,1.6399,-0.7888,0.0538,11.8949,-0.6,0.32
"12C(p, gamma)13N",12C,6,6,12,p,1312C,13,7,-1,-0.5,0.9231,2.189,0.0239,0.0128,0.4294,1.3854,1.6579e-04,1.6692,6.4448e+05,1.67,0.02,1.67,1.6616,1.67,1.6399,-0.7888,0.0538,11.8949,-0.6,0.32
"12C(p, gamma)13N",12C,6,6,12,p,1312C,13,7,-1,-0.5,0.9231,2.189,0.0239,0.0128,0.4587,1.3404,2.1993e-04,1.6692,8.0031e+05,1.67,0.02,1.67,1.6616,1.67,1.6399,-0.7888,0.0538,11.8949,-0.6,0.32
"12C(p, gamma)13N",12C,6,6,12,p,1312C,13,7,-1,-0.5,0.9231,2.189,0.0239,0.0128,0.4879,1.2997,2.8408e-04,1.6691,9.7182e+05,1.67,0.02,1.67,1.6616,1.67,1.6399,-0.7888,0.0538,11.8949,-0.6,0.32
"12C(p, gamma)13N",12C,6,6,12,p,1312C,13,7,-1,-0.5,0.9231,2.189,0.0239,0.0128,0.5171,1.2625,3.5894e-04,1.6691,1.1586e+06,1.67,0.02,1.67,1.6616,1.67,1.6399,-0.7888,0.0538,11.8949,-0.6,0.32
"12C(p, gamma)13N",12C,6,6,12,p,1312C,13,7,-1,-0.5,0.9231,2.189,0.0239,0.0128,0.5464,1.2282,4.4531e-04,1.669,1.3602e+06,1.67,0.02,1.67,1.6616,1.67,1.6399,-0.7888,0.0538,11.8949,-0.6,0.32
"12C(p, gamma)13N",12C,6,6,12,p,1312C,13,7,-1,-0.5,0.9231,2.189,0.0239,0.0128,0.5756,1.1966,5.4297e-04,1.6689,1.5743e+06,1.67,0.02,1.67,1.6616,1.67,1.6399,-0.7888,0.0538,11.8949,-0.6,0.32
"12C(p, gamma)13N",12C,6,6,12,p,1312C,13,7,-1,-0.5,0.9231,2.189,0.0239,0.0128,0.6049,1.1673,6.5288e-04,1.6689,1.8013e+06,1.67,0.02,1.67,1.6616,1.67,1.6399,-0.7888,0.0538,11.8949,-0.6,0.32
"12C(p, gamma)13N",12C,6,6,12,p,1312C,13,7,-1,-0.5,0.9231,2.189,0.0239,0.0128,0.6341,1.1401,7.7453e-04,1.6688,2.0384e+06,1.67,0.02,1.67,1.6616,1.67,1.6399,-0.7888,0.0538,11.8949,-0.6,0.32
"12C(p, gamma)13N",12C,6,6,12,p,1312C,13,7,-1,-0.5,0.9231,2.189,0.0239,0.0128,0.6634,1.1146,9.0890e-04,1.6688,2.2863e+06,1.67,0.02,1.67,1.6616,1.67,1.6399,-0.7888,0.0538,11.8949,-0.6,0.32
"12C(p, gamma)13N",12C,6,6,12,p,1312C,13,7,-1,-0.5,0.9231,2.189,0.0239,0.0128,0.6926,1.0909,1.0552e-03,1.6687,2.5423e+06,1.67,0.02,1.67,1.6616,1.67,1.6399,-0.7888,0.0538,11.8949,-0.6,0.32
"12C(p, gamma)13N",12C,6,6,12,p,1312C,13,7,-1,-0.5,0.9231,2.189,0.0239,0.0128,0.7218,1.0686,1.2138e-03,1.6687,2.8061e+06,1.67,0.02,1.67,1.6616,1.67,1.6399,-0.7888,0.0538,11.8949,-0.6,0.32
"12C(p, gamma)13N",12C,6,6,12,p,1312C,13,7,-1,-0.5,0.9231,2.189,0.0239,0.0128,0.7511,1.0475,1.3854e-03,1.6686,3.0779e+06,1.67,0.02,1.67,1.6616,1.67,1.6399,-0.7888,0.0538,11.8949,-0.6,0.32
"12C(p, gamma)13N",12C,6,6,12,p,1312C,13,7,-1,-0.5,0.9231,2.189,0.0239,0.0128,0.7803,1.0277,1.5689e-03,1.6686,3.3548e+06,1.67,0.02,1.67,1.6616,1.67,1.6399,-0.7888,0.0538,11.8949,-0.6,0.32
"12C(p, gamma)13N",12C,6,6,12,p,1312C,13,7,-1,-0.5,0.9231,2.189,0.0239,0.0128,0.8096,1.009,1.7652e-03,1.6685,3.6379e+06,1.67,0.02,1.67,1.6616,1.67,1.6399,-0.7888,0.0538,11.8949,-0.6,0.32
"12C(p, gamma)13N",12C,6,6,12,p,1312C,13,7,-1,-0.5,0.9231,2.189,0.0239,0.0128,0.8388,0.9912,1.9731e-03,1.6685,3.9246e+06,1.67,0.02,1.67,1.6616,1.67,1.6399,-0.7888,0.0538,11.8949,-0.6,0.32
"12C(p, gamma)13N",12C,6,6,12,p,1312C,13,7,-1,-0.5,0.9231,2.189,0.0239,0.0128,0.8681,0.9744,2.1937e-03,1.6684,4.2161e+06,1.67,0.02,1.67,1.6616,1.67,1.6399,-0.7888,0.0538,11.8949,-0.6,0.32
"12C(p, gamma)13N",12C,6,6,12,p,1312C,13,7,-1,-0.5,0.9231,2.189,0.0239,0.0128,0.8973,0.9584,2.4255e-03,1.6684,4.5097e+06,1.67,0.02,1.67,1.6616,1.67,1.6399,-0.7888,0.0538,11.8949,-0.6,0.32
"12C(p, gamma)13N",12C,6,6,12,p,1312C,13,7,-1,-0.5,0.9231,2.189,0.0239,0.0128,0.9266,0.9431,2.6698e-03,1.6683,4.8069e+06,1.67,0.02,1.67,1.6616,1.67,1.6399,-0.7888,0.0538,11.8949,-0.6,0.32
"12C(p, gamma)13N",12C,6,6,12,p,1312C,13,7,-1,-0.5,0.9231,2.189,0.0239,0.0128,0.9558,0.9286,2.9248e-03,1.6682,5.1049e+06,1.67,0.02,1.67,1.6616,1.67,1.6399,-0.7888,0.0538,11.8949,-0.6,0.32
"12C(p, gamma)13N",12C,6,6,12,p,1312C,13,7,-1,-0.5,0.9231,2.189,0.0239,0.0128,0.985,0.9147,3.1911e-03,1.6682,5.4044e+06,1.67,0.02,1.67,1.6616,1.67,1.6399,-0.7888,0.0538,11.8949,-0.6,0.32
"12C(p, gamma)13N",12C,6,6,12,p,1312C,13,7,-1,-0.5,0.9231,2.189,0.0239,0.0128,1.0143,0.9014,3.4694e-03,1.6681,5.7058e+06,1.67,0.02,1.67,1.6616,1.67,1.6399,-0.7888,0.0538,11.8949,-0.6,0.32
"12C(p, gamma)13N",12C,6,6,12,p,1312C,13,7,-1,-0.5,0.9231,2.189,0.0239,0.0128,1.0435,0.8887,3.7576e-03,1.6681,6.0067e+06,1.67,0.02,1.67,1.6616,1.67,1.6399,-0.7888,0.0538,11.8949,-0.6,0.32
"12C(p, gamma)13N",12C,6,6,12,p,1312C,13,7,-1,-0.5,0.9231,2.189,0.0239,0.0128,1.0728,0.8765,4.0575e-03,1.668,6.3088e+06,1.67,0.02,1.67,1.6616,1.67,1.6399,-0.7888,0.0538,11.8949,-0.6,0.32
"12C(p, gamma)13N",12C,6,6,12,p,1312C,13,7,-1,-0.5,0.9231,2.189,0.0239,0.0128,1.102,0.8648,4.3668e-03,1.668,6.6095e+06,1.67,0.02,1.67,1.6616,1.67,1.6399,-0.7888,0.0538,11.8949,-0.6,0.32
"12C(p, gamma)13N",12C,6,6,12,p,1312C,13,7,-1,-0.5,0.9231,2.189,0.0239,0.0128,1.1313,0.8535,4.6873e-03,1.6679,6.9106e+06,1.67,0.02,1.67,1.6616,1.67,1.6399,-0.7888,0.0538,11.8949,-0.6,0.32
"12C(p, gamma)13N",12C,6,6,12,p,1312C,13,7,-1,-0.5,0.9231,2.189,0.0239,0.0128,1.1605,0.8427,5.0166e-03,1.6679,7.2098e+06,1.67,0.02,1.67,1.6616,1.67,1.6399,-0.7888,0.0538,11.8949,-0.6,0.32
"12C(p, gamma)13N",12C,6,6,12,p,1312C,13,7,-1,-0.5,0.9231,2.189,0.0239,0.0128,1.1897,0.8323,5.3555e-03,1.6678,7.5078e+06,1.67,0.02,1.67,1.6616,1.67,1.6399,-0.7888,0.0538,11.8949,-0.6,0.32
"12C(p, gamma)13N",12C,6,6,12,p,1312C,13,7,-1,-0.5,0.9231,2.189,0.0239,0.0128,1.219,0.8223,5.7051e-03,1.6678,7.8054e+06,1.67,0.02,1.67,1.6616,1.67,1.6399,-0.7888,0.0538,11.8949,-0.6,0.32
"12C(p, gamma)13N",12C,6,6,12,p,1312C,13,7,-1,-0.5,0.9231,2.189,0.0239,0.0128,1.2482,0.8126,6.0627e-03,1.6677,8.1003e+06,1.67,0.02,1.67,1.6616,1.67,1.6399,-0.7888,0.0538,11.8949,-0.6,0.32
"12C(p, gamma)13N",12C,6,6,12,p,1312C,13,7,-1,-0.5,0.9231,2.189,0.0239,0.0128,1.2775,0.8032,6.4304e-03,1.6677,8.3943e+06,1.67,0.02,1.67,1.6616,1.67,1.6399,-0.7888,0.0538,11.8949,-0.6,0.32
"12C(p, gamma)13N",12C,6,6,12,p,1312C,13,7,-1,-0.5,0.9231,2.189,0.0239,0.0128,1.3067,0.7942,6.8056e-03,1.6676,8.6853e+06,1.67,0.02,1.67,1.6616,1.67,1.6399,-0.7888,0.0538,11.8949,-0.6,0.32
"12C(p, gamma)13N",12C,6,6,12,p,1312C,13,7,-1,-0.5,0.9231,2.189,0.0239,0.0128,1.336,0.7854,7.1906e-03,1.6675,8.9750e+06,1.67,0.02,1.67,1.6616,1.67,1.6399,-0.7888,0.0538,11.8949,-0.6,0.32
"12C(p, gamma)13N",12C,6,6,12,p,1312C,13,7,-1,-0.5,0.9231,2.189,0.0239,0.0128,1.3652,0.777,7.5824e-03,1.6675,9.2614e+06,1.67,0.02,1.67,1.6616,1.67,1.6399,-0.7888,0.0538,11.8949,-0.6,0.32
"12C(p, gamma)13N",12C,6,6,12,p,1312C,13,7,-1,-0.5,0.9231,2.189,0.0239,0.0128,1.3945,0.7688,7.9836e-03,1.6674,9.5462e+06,1.67,0.02,1.67,1.6616,1.67,1.6399,-0.7888,0.0538,11.8949,-0.6,0.32
"12C(p, gamma)13N",12C,6,6,12,p,1312C,13,7,-1,-0.5,0.9231,2.189,0.0239,0.0128,1.4237,0.7609,8.3912e-03,1.6674,9.8275e+06,1.67,0.02,1.67,1.6616,1.67,1.6399,-0.7888,0.0538,11.8949,-0.6,0.32
"12C(p, gamma)13N",12C,6,6,12,p,1312C,13,7,-1,-0.5,0.9231,2.189,0.0239,0.0128,1.4529,0.7532,8.8063e-03,1.6673,1.0106e+07,1.67,0.02,1.67,1.6616,1.67,1.6399,-0.7888,0.0538,11.8949,-0.6,0.32
"12C(p, gamma)13N",12C,6,6,12,p,1312C,13,7,-1,-0.5,0.9231,2.189,0.0239,0.0128,1.4822,0.7457,9.2301e-03,1.6673,1.0383e+07,1.67,0.02,1.67,1.6616,1.67,1.6399,-0.7888,0.0538,11.8949,-0.6,0.32
"12C(p, gamma)13N",12C,6,6,12,p,1312C,13,7,-1,-0.5,0.9231,2.189,0.0239,0.0128,1.5114,0.7384,9.6596e-03,1.6672,1.0656e+07,1.67,0.02,1.67,1.6616,1.67,1.6399,-0.7888,0.0538,11.8949,-0.6,0.32
"12C(p, gamma)13N",12C,6,6,12,p,1312C,13,7,-1,-0.5,0.9231,2.189,0.0239,0.0128,1.5407,0.7314,1.0097e-02,1.6672,1.0926e+07,1.67,0.02,1.67,1.6616,1.67,1.6399,-0.7888,0.0538,11.8949,-0.6,0.32
"12C(p, gamma)13N",12C,6,6,12,p,1312C,13,7,-1,-0.5,0.9231,2.189,0.0239,0.0128,1.5699,0.7246,1.0540e-02,1.6671,1.1193e+07,1.67,0.02,1.67,1.6616,1.67,1.6399,-0.7888,0.0538,11.8949,-0.6,0.32
"12C(p, gamma)13N",12C,6,6,12,p,1312C,13,7,-1,-0.5,0.9231,2.189,0.0239,0.0128,1.5992,0.7179,1.0991e-02,1.6671,1.1458e+07,1.67,0.02,1.67,1.6616,1.67,1.6399,-0.7888,0.0538,11.8949,-0.6,0.32
"12C(p, gamma)13N",12C,6,6,12,p,1312C,13,7,-1,-0.5,0.9231,2.189,0.0239,0.0128,1.6284,0.7114,1.1447e-02,1.667,1.1719e+07,1.67,0.02,1.67,1.6616,1.67,1.6399,-0.7888,0.0538,11.8949,-0.6,0.32
"12C(p, gamma)13N",12C,6,6,12,p,1312C,13,7,-1,-0.5,0.9231,2.189,0.0239,0.0128,1.6576,0.7051,1.1909e-02,1.667,1.1976e+07,1.67,0.02,1.67,1.6616,1.67,1.6399,-0.7888,0.0538,11.8949,-0.6,0.32
"12C(p, gamma)13N",12C,6,6,12,p,1312C,13,7,-1,-0.5,0.9231,2.189,0.0239,0.0128,1.6869,0.699,1.2378e-02,1.6669,1.2231e+07,1.67,0.02,1.67,1.6616,1.67,1.6399,-0.7888,0.0538,11.8949,-0.6,0.32
"12C(p, gamma)13N",12C,6,6,12,p,1312C,13,7,-1,-0.5,0.9231,2.189,0.0239,0.0128,1.7161,0.693,1.2851e-02,1.6669,1.2483e+07,1.67,0.02,1.67,1.6616,1.67,1.6399,-0.7888,0.0538,11.8949,-0.6,0.32
"12C(p, gamma)13N",12C,6,6,12,p,1312C,13,7,-1,-0.5,0.9231,2.189,0.0239,0.0128,1.7454,0.6872,1.3332e-02,1.6668,1.2732e+07,1.67,0.02,1.67,1.6616,1.67,1.6399,-0.7888,0.0538,11.8949,-0.6,0.32
"12C(p, gamma)13N",12C,6,6,12,p,1312C,13,7,-1,-0.5,0.9231,2.189,0.0239,0.0128,1.7746,0.6815,1.3816e-02,1.6667,1.2976e+07,1.67,0.02,1.67,1.6616,1.67,1.6399,-0.7888,0.0538,11.8949,-0.6,0.32
"12C(p, gamma)13N",12C,6,6,12,p,1312C,13,7,-1,-0.5,0.9231,2.189,0.0239,0.0128,1.8039,0.6759,1.4307e-02,1.6667,1.3219e+07,1.67,0.02,1.67,1.6616,1.67,1.6399,-0.7888,0.0538,11.8949,-0.6,0.32
"12C(p, gamma)13N",12C,6,6,12,p,1312C,13,7,-1,-0.5,0.9231,2.189,0.0239,0.0128,1.8331,0.6705,1.4801e-02,1.6666,1.3457e+07,1.67,0.02,1.67,1.6616,1.67,1.6399,-0.7888,0.0538,11.8949,-0.6,0.32
"12C(p, gamma)13N",12C,6,6,12,p,1312C,13,7,-1,-0.5,0.9231,2.189,0.0239,0.0128,1.8624,0.6652,1.5302e-02,1.6666,1.3693e+07,1.67,0.02,1.67,1.6616,1.67,1.6399,-0.7888,0.0538,11.8949,-0.6,0.32
"12C(p, gamma)13N",12C,6,6,12,p,1312C,13,7,-1,-0.5,0.9231,2.189,0.0239,0.0128,1.8916,0.6601,1.5806e-02,1.6665,1.3925e+07,1.67,0.02,1.67,1.6616,1.67,1.6399,-0.7888,0.0538,11.8949,-0.6,0.32
"12C(p, gamma)13N",12C,6,6,12,p,1312C,13,7,-1,-0.5,0.9231,2.189,0.0239,0.0128,1.9208,0.655,1.6314e-02,1.6665,1.4154e+07,1.67,0.02,1.67,1.6616,1.67,1.6399,-0.7888,0.0538,11.8949,-0.6,0.32
"12C(p, gamma)13N",12C,6,6,12,p,1312C,13,7,-1,-0.5,0.9231,2.189,0.0239,0.0128,1.9501,0.6501,1.6828e-02,1.6664,1.4380e+07,1.67,0.02,1.67,1.6616,1.67,1.6399,-0.7888,0.0538,11.8949,-0.6,0.32
"12C(p, gamma)13N",12C,6,6,12,p,1312C,13,7,-1,-0.5,0.9231,2.189,0.0239,0.0128,1.9793,0.6453,1.7345e-02,1.6664,1.4603e+07,1.67,0.02,1.67,1.6616,1.67,1.6399,-0.7888,0.0538,11.8949,-0.6,0.32
"12C(p, gamma)13N",12C,6,6,12,p,1312C,13,7,-1,-0.5,0.9231,2.189,0.0239,0.0128,2.0086,0.6406,1.7867e-02,1.6663,1.4823e+07,1.67,0.02,1.67,1.6616,1.67,1.6399,-0.7888,0.0538,11.8949,-0.6,0.32
"12C(p, gamma)13N",12C,6,6,12,p,1312C,13,7,-1,-0.5,0.9231,2.189,0.0239,0.0128,2.0378,0.636,1.8392e-02,1.6663,1.5039e+07,1.67,0.02,1.67,1.6616,1.67,1.6399,-0.7888,0.0538,11.8949,-0.6,0.32
"12C(p, gamma)13N",12C,6,6,12,p,1312C,13,7,-1,-0.5,0.9231,2.189,0.0239,0.0128,2.0671,0.6314,1.8922e-02,1.6662,1.5252e+07,1.67,0.02,1.67,1.6616,1.67,1.6399,-0.7888,0.0538,11.8949,-0.6,0.32
"12C(p, gamma)13N",12C,6,6,12,p,1312C,13,7,-1,-0.5,0.9231,2.189,0.0239,0.0128,2.0963,0.627,1.9454e-02,1.6662,1.5462e+07,1.67,0.02,1.67,1.6616,1.67,1.6399,-0.7888,0.0538,11.8949,-0.6,0.32
"12C(p, gamma)13N",12C,6,6,12,p,1312C,13,7,-1,-0.5,0.9231,2.189,0.0239,0.0128,2.1255,0.6227,1.9990e-02,1.6661,1.5669e+07,1.67,0.02,1.67,1.6616,1.67,1.6399,-0.7888,0.0538,11.8949,-0.6,0.32
"12C(p, gamma)13N",12C,6,6,12,p,1312C,13,7,-1,-0.5,0.9231,2.189,0.0239,0.0128,2.1548,0.6185,2.0530e-02,1.666,1.5874e+07,1.67,0.02,1.67,1.6616,1.67,1.6399,-0.7888,0.0538,11.8949,-0.6,0.32
"12C(p, gamma)13N",12C,6,6,12,p,1312C,13,7,-1,-0.5,0.9231,2.189,0.0239,0.0128,2.184,0.6143,2.1073e-02,1.666,1.6075e+07,1.67,0.02,1.67,1.6616,1.67,1.6399,-0.7888,0.0538,11.8949,-0.6,0.32
"12C(p, gamma)13N",12C,6,6,12,p,1312C,13,7,-1,-0.5,0.9231,2.189,0.0239,0.0128,2.2133,0.6102,2.1620e-02,1.6659,1.6273e+07,1.67,0.02,1.67,1.6616,1.67,1.6399,-0.7888,0.0538,11.8949,-0.6,0.32
"12C(p, gamma)13N",12C,6,6,12,p,1312C,13,7,-1,-0.5,0.9231,2.189,0.0239,0.0128,2.2425,0.6062,2.2168e-02,1.6659,1.6468e+07,1.67,0.02,1.67,1.6616,1.67,1.6399,-0.7888,0.0538,11.8949,-0.6,0.32
"12C(p, gamma)13N",12C,6,6,12,p,1312C,13,7,-1,-0.5,0.9231,2.189,0.0239,0.0128,2.2718,0.6023,2.2721e-02,1.6658,1.6661e+07,1.67,0.02,1.67,1.6616,1.67,1.6399,-0.7888,0.0538,11.8949,-0.6,0.32
"12C(p, gamma)13N",12C,6,6,12,p,1312C,13,7,-1,-0.5,0.9231,2.189,0.0239,0.0128,2.301,0.5985,2.3275e-02,1.6658,1.6850e+07,1.67,0.02,1.67,1.6616,1.67,1.6399,-0.7888,0.0538,11.8949,-0.6,0.32
"12C(p, gamma)13N",12C,6,6,12,p,1312C,13,7,-1,-0.5,0.9231,2.189,0.0239,0.0128,2.3303,0.5947,2.3834e-02,1.6657,1.7037e+07,1.67,0.02,1.67,1.6616,1.67,1.6399,-0.7888,0.0538,11.8949,-0.6,0.32
"12C(p, gamma)13N",12C,6,6,12,p,1312C,13,7,-1,-0.5,0.9231,2.189,0.0239,0.0128,2.3595,0.591,2.4393e-02,1.6657,1.7220e+07,1.67,0.02,1.67,1.6616,1.67,1.6399,-0.7888,0.0538,11.8949,-0.6,0.32
"12C(p, gamma)13N",12C,6,6,12,p,1312C,13,7,-1,-0.5,0.9231,2.189,0.0239,0.0128,2.3887,0.5874,2.4955e-02,1.6656,1.7401e+07,1.67,0.02,1.67,1.6616,1.67,1.6399,-0.7888,0.0538,11.8949,-0.6,0.32
"12C(p, gamma)13N",12C,6,6,12,p,1312C,13,7,-1,-0.5,0.9231,2.189,0.0239,0.0128,2.418,0.5838,2.5521e-02,1.6656,1.7579e+07,1.67,0.02,1.67,1.6616,1.67,1.6399,-0.7888,0.0538,11.8949,-0.6,0.32
"12C(p, gamma)13N",12C,6,6,12,p,1312C,13,7,-1,-0.5,0.9231,2.189,0.0239,0.0128,2.4472,0.5803,2.6087e-02,1.6655,1.7754e+07,1.67,0.02,1.67,1.6616,1.67,1.6399,-0.7888,0.0538,11.8949,-0.6,0.32
"12C(p, gamma)13N",12C,6,6,12,p,1312C,13,7,-1,-0.5,0.9231,2.189,0.0239,0.0128,2.4765,0.5769,2.6658e-02,1.6655,1.7927e+07,1.67,0.02,1.67,1.6616,1.67,1.6399,-0.7888,0.0538,11.8949,-0.6,0.32
"12C(p, gamma)13N",12C,6,6,12,p,1312C,13,7,-1,-0.5,0.9231,2.189,0.0239,0.0128,2.5057,0.5735,2.7228e-02,1.6654,1.8097e+07,1.67,0.02,1.67,1.6616,1.67,1.6399,-0.7888,0.0538,11.8949,-0.6,0.32
"12C(p, gamma)13N",12C,6,6,12,p,1312C,13,7,-1,-0.5,0.9231,2.189,0.0239,0.0128,2.535,0.5702,2.7803e-02,1.6654,1.8265e+07,1.67,0.02,1.67,1.6616,1.67,1.6399,-0.7888,0.0538,11.8949,-0.6,0.32
"12C(p, gamma)13N",12C,6,6,12,p,1312C,13,7,-1,-0.5,0.9231,2.189,0.0239,0.0128,2.5642,0.5669,2.8377e-02,1.6653,1.8430e+07,1.67,0.02,1.67,1.6616,1.67,1.6399,-0.7888,0.0538,11.8949,-0.6,0.32
"12C(p, gamma)13N",12C,6,6,12,p,1312C,13,7,-1,-0.5,0.9231,2.189,0.0239,0.0128,2.5934,0.5637,2.8954e-02,1.6652,1.8592e+07,1.67,0.02,1.67,1.6616,1.67,1.6399,-0.7888,0.0538,11.8949,-0.6,0.32
"12C(p, gamma)13N",12C,6,6,12,p,1312C,13,7,-1,-0.5,0.9231,2.189,0.0239,0.0128,2.6227,0.5606,2.9534e-02,1.6652,1.8752e+07,1.67,0.02,1.67,1.6616,1.67,1.6399,-0.7888,0.0538,11.8949,-0.6,0.32
"12C(p, gamma)13N",12C,6,6,12,p,1312C,13,7,-1,-0.5,0.9231,2.189,0.0239,0.0128,2.6519,0.5575,3.0114e-02,1.6651,1.8909e+07,1.67,0.02,1.67,1.6616,1.67,1.6399,-0.7888,0.0538,11.8949,-0.6,0.32
"12C(p, gamma)13N",12C,6,6,12,p,1312C,13,7,-1,-0.5,0.9231,2.189,0.0239,0.0128,2.6812,0.5544,3.0698e-02,1.6651,1.9064e+07,1.67,0.02,1.67,1.6616,1.67,1.6399,-0.7888,0.0538,11.8949,-0.6,0.32
"12C(p, gamma)13N",12C,6,6,12,p,1312C,13,7,-1,-0.5,0.9231,2.189,0.0239,0.0128,2.7104,0.5514,3.1281e-02,1.665,1.9216e+07,1.67,0.02,1.67,1.6616,1.67,1.6399,-0.7888,0.0538,11.8949,-0.6,0.32
"12C(p, gamma)13N",12C,6,6,12,p,1312C,13,7,-1,-0.5,0.9231,2.189,0.0239,0.0128,2.7397,0.5485,3.1867e-02,1.665,1.9366e+07,1.67,0.02,1.67,1.6616,1.67,1.6399,-0.7888,0.0538,11.8949,-0.6,0.32
"12C(p, gamma)13N",12C,6,6,12,p,1312C,13,7,-1,-0.5,0.9231,2.189,0.0239,0.0128,2.7689,0.5456,3.2453e-02,1.6649,1.9514e+07,1.67,0.02,1.67,1.6616,1.67,1.6399,-0.7888,0.0538,11.8949,-0.6,0.32
"12C(p, gamma)13N",12C,6,6,12,p,1312C,13,7,-1,-0.5,0.9231,2.189,0.0239,0.0128,2.7982,0.5427,3.3042e-02,1.6649,1.9660e+07,1.67,0.02,1.67,1.6616,1.67,1.6399,-0.7888,0.0538,11.8949,-0.6,0.32
"12C(p, gamma)13N",12C,6,6,12,p,1312C,13,7,-1,-0.5,0.9231,2.189,0.0239,0.0128,2.8274,0.5399,3.3631e-02,1.6648,1.9802e+07,1.67,0.02,1.67,1.6616,1.67,1.6399,-0.7888,0.0538,11.8949,-0.6,0.32
"12C(p, gamma)13N",12C,6,6,12,p,1312C,13,7,-1,-0.5,0.9231,2.189,0.0239,0.0128,2.8566,0.5371,3.4221e-02,1.6648,1.9943e+07,1.67,0.02,1.67,1.6616,1.67,1.6399,-0.7888,0.0538,11.8949,-0.6,0.32
"12C(p, gamma)13N",12C,6,6,12,p,1312C,13,7,-1,-0.5,0.9231,2.189,0.0239,0.0128,2.8859,0.5344,3.4813e-02,1.6647,2.0082e+07,1.67,0.02,1.67,1.6616,1.67,1.6399,-0.7888,0.0538,11.8949,-0.6,0.32
"12C(p, gamma)13N",12C,6,6,12,p,1312C,13,7,-1,-0.5,0.9231,2.189,0.0239,0.0128,2.9151,0.5317,3.5405e-02,1.6647,2.0218e+07,1.67,0.02,1.67,1.6616,1.67,1.6399,-0.7888,0.0538,11.8949,-0.6,0.32
"12C(p, gamma)13N",12C,6,6,12,p,1312C,13,7,-1,-0.5,0.9231,2.189,0.0239,0.0128,2.9444,0.5291,3.6000e-02,1.6646,2.0353e+07,1.67,0.02,1.67,1.6616,1.67,1.6399,-0.7888,0.0538,11.8949,-0.6,0.32
"12C(p, gamma)13N",12C,6,6,12,p,1312C,13,7,-1,-0.5,0.9231,2.189,0.0239,0.0128,2.9736,0.5265,3.6594e-02,1.6646,2.0485e+07,1.67,0.02,1.67,1.6616,1.67,1.6399,-0.7888,0.0538,11.8949,-0.6,0.32
"12C(p, gamma)13N",12C,6,6,12,p,1312C,13,7,-1,-0.5,0.9231,2.189,0.0239,0.0128,3.0029,0.5239,3.7191e-02,1.6645,2.0615e+07,1.67,0.02,1.67,1.6616,1.67,1.6399,-0.7888,0.0538,11.8949,-0.6,0.32
"12C(p, gamma)13N",12C,6,6,12,p,1312C,13,7,-1,-0.5,0.9231,2.189,0.0239,0.0128,3.0321,0.5214,3.7787e-02,1.6644,2.0743e+07,1.67,0.02,1.67,1.6616,1.67,1.6399,-0.7888,0.0538,11.8949,-0.6,0.32
"12C(p, gamma)13N",12C,6,6,12,p,1312C,13,7,-1,-0.5,0.9231,2.189,0.0239,0.0128,3.0613,0.5189,3.8383e-02,1.6644,2.0868e+07,1.67,0.02,1.67,1.6616,1.67,1.6399,-0.7888,0.0538,11.8949,-0.6,0.32
"12C(p, gamma)13N",12C,6,6,12,p,1312C,13,7,-1,-0.5,0.9231,2.189,0.0239,0.0128,3.0906,0.5164,3.8982e-02,1.6643,2.0993e+07,1.67,0.02,1.67,1.6616,1.67,1.6399,-0.7888,0.0538,11.8949,-0.6,0.32
"12C(p, gamma)13N",12C,6,6,12,p,1312C,13,7,-1,-0.5,0.9231,2.189,0.0239,0.0128,3.1198,0.514,3.9580e-02,1.6643,2.1114e+07,1.67,0.02,1.67,1.6616,1.67,1.6399,-0.7888,0.0538,11.8949,-0.6,0.32
"12C(p, gamma)13N",12C,6,6,12,p,1312C,13,7,-1,-0.5,0.9231,2.189,0.0239,0.0128,3.1491,0.5116,4.0181e-02,1.6642,2.1235e+07,1.67,0.02,1.67,1.6616,1.67,1.6399,-0.7888,0.0538,11.8949,-0.6,0.32
"12C(p, gamma)13N",12C,6,6,12,p,1312C,13,7,-1,-0.5,0.9231,2.189,0.0239,0.0128,3.1783,0.5092,4.0780e-02,1.6642,2.1352e+07,1.67,0.02,1.67,1.6616,1.67,1.6399,-0.7888,0.0538,11.8949,-0.6,0.32
"12C(p, gamma)13N",12C,6,6,12,p,1312C,13,7,-1,-0.5,0.9231,2.189,0.0239,0.0128,3.2076,0.5069,4.1381e-02,1.6641,2.1469e+07,1.67,0.02,1.67,1.6616,1.67,1.6399,-0.7888,0.0538,11.8949,-0.6,0.32
"12C(p, gamma)13N",12C,6,6,12,p,1312C,13,7,-1,-0.5,0.9231,2.189,0.0239,0.0128,3.2368,0.5046,4.1982e-02,1.6641,2.1583e+07,1.67,0.02,1.67,1.6616,1.67,1.6399,-0.7888,0.0538,11.8949,-0.6,0.32
"12C(p, gamma)13N",12C,6,6,12,p,1312C,13,7,-1,-0.5,0.9231,2.189,0.0239,0.0128,3.2661,0.5023,4.2584e-02,1.664,2.1696e+07,1.67,0.02,1.67,1.6616,1.67,1.6399,-0.7888,0.0538,11.8949,-0.6,0.32
"12C(p, gamma)13N",12C,6,6,12,p,1312C,13,7,-1,-0.5,0.9231,2.189,0.0239,0.0128,3.2953,0.5001,4.3185e-02,1.664,2.1806e+07,1.67,0.02,1.67,1.6616,1.67,1.6399,-0.7888,0.0538,11.8949,-0.6,0.32
"12C(p, gamma)13N",12C,6,6,12,p,1312C,13,7,-1,-0.5,0.9231,2.189,0.0239,0.0128,3.3245,0.4979,4.3787e-02,1.6639,2.1915e+07,1.67,0.02,1.67,1.6616,1.67,1.6399,-0.7888,0.0538,11.8949,-0.6,0.32
"12C(p, gamma)13N",12C,6,6,12,p,1312C,13,7,-1,-0.5,0.9231,2.189,0.0239,0.0128,3.3538,0.4957,4.4390e-02,1.6639,2.2023e+07,1.67,0.02,1.67,1.6616,1.67,1.6399,-0.7888,0.0538,11.8949,-0.6,0.32
"12C(p, gamma)13N",12C,6,6,12,p,1312C,13,7,-1,-0.5,0.9231,2.189,0.0239,0.0128,3.383,0.4936,4.4992e-02,1.6638,2.2128e+07,1.67,0.02,1.67,1.6616,1.67,1.6399,-0.7888,0.0538,11.8949,-0.6,0.32
"12C(p, gamma)13N",12C,6,6,12,p,1312C,13,7,-1,-0.5,0.9231,2.189,0.0239,0.0128,3.4123,0.4915,4.5597e-02,1.6637,2.2232e+07,1.67,0.02,1.67,1.6616,1.67,1.6399,-0.7888,0.0538,11.8949,-0.6,0.32
"12C(p, gamma)13N",12C,6,6,12,p,1312C,13,7,-1,-0.5,0.9231,2.189,0.0239,0.0128,3.4415,0.4894,4.6199e-02,1.6637,2.2334e+07,1.67,0.02,1.67,1.6616,1.67,1.6399,-0.7888,0.0538,11.8949,-0.6,0.32
"12C(p, gamma)13N",12C,6,6,12,p,1312C,13,7,-1,-0.5,0.9231,2.189,0.0239,0.0128,3.4708,0.4873,4.6804e-02,1.6636,2.2434e+07,1.67,0.02,1.67,1.6616,1.67,1.6399,-0.7888,0.0538,11.8949,-0.6,0.32
"12C(p, gamma)13N",12C,6,6,12,p,1312C,13,7,-1,-0.5,0.9231,2.189,0.0239,0.0128,3.5,0.4853,4.7407e-02,1.6636,2.2533e+07,1.67,0.02,1.67,1.6616,1.67,1.6399,-0.7888,0.0538,11.8949,-0.6,0.32
"14N(p, gamma)15O",14N,7,7,14,p,1514N,15,8,-1,-0.5,0.9333,2.463,0.0265,0.0135,0.02,7.5308,2.8205e-21,1.66,2.3410e-10,1.66,0.02,1.66,1.6517,1.66,1.6301,-0.7448,0.0533,16.2739,-2.4,0.32
"14N(p, gamma)15O",14N,7,7,14,p,1514N,15,8,-1,-0.5,0.9333,2.463,0.0265,0.0135,0.0492,4.8015,7.9070e-14,1.6599,2.6677e-03,1.66,0.02,1.66,1.6517,1.66,1.6301,-0.7448,0.0533,16.2739,-2.4,0.32
"14N(p, gamma)15O",14N,7,7,14,p,1514N,15,8,-1,-0.5,0.9333,2.463,0.0265,0.0135,0.0785,3.8012,4.2410e-11,1.6599,8.9673e-01,1.66,0.02,1.66,1.6517,1.66,1.6301,-0.7448,0.0533,16.2739,-2.4,0.32
"14N(p, gamma)15O",14N,7,7,14,p,1514N,15,8,-1,-0.5,0.9333,2.463,0.0265,0.0135,0.1077,3.2452,1.3948e-09,1.6598,2.1496e+01,1.66,0.02,1.66,1.6517,1.66,1.6301,-0.7448,0.0533,16.2739,-2.4,0.32
"14N(p, gamma)15O",14N,7,7,14,p,1514N,15,8,-1,-0.5,0.9333,2.463,0.0265,0.0135,0.137,2.8774,1.4073e-08,1.6597,1.7049e+02,1.66,0.02,1.66,1.6517,1.66,1.6301,-0.7448,0.0533,16.2739,-2.4,0.32
"14N(p, gamma)15O",14N,7,7,14,p,1514N,15,8,-1,-0.5,0.9333,2.463,0.0265,0.0135,0.1662,2.6124,7.4370e-08,1.6597,7.4267e+02,1.66,0.02,1.66,1.6517,1.66,1.6301,-0.7448,0.0533,16.2739,-2.4,0.32
"14N(p, gamma)15O",14N,7,7,14,p,1514N,15,8,-1,-0.5,0.9333,2.463,0.0265,0.0135,0.1955,2.4087,2.6746e-07,1.6596,2.2705e+03,1.66,0.02,1.66,1.6517,1.66,1.6301,-0.7448,0.0533,16.2739,-2.4,0.32
"14N(p, gamma)15O",14N,7,7,14,p,1514N,15,8,-1,-0.5,0.9333,2.463,0.0265,0.0135,0.2247,2.2467,7.3992e-07,1.6596,5.4649e+03,1.66,0.02,1.66,1.6517,1.66,1.6301,-0.7448,0.0533,16.2739,-2.4,0.32
"14N(p, gamma)15O",14N,7,7,14,p,1514N,15,8,-1,-0.5,0.9333,2.463,0.0265,0.0135,0.2539,2.1136,1.7080e-06,1.6595,1.1164e+04,1.66,0.02,1.66,1.6517,1.66,1.6301,-0.7448,0.0533,16.2739,-2.4,0.32
"14N(p, gamma)15O",14N,7,7,14,p,1514N,15,8,-1,-0.5,0.9333,2.463,0.0265,0.0135,0.2832,2.0013,3.4593e-06,1.6595,2.0271e+04,1.66,0.02,1.66,1.6517,1.66,1.6301,-0.7448,0.0533,16.2739,-2.4,0.32
"14N(p, gamma)15O",14N,7,7,14,p,1514N,15,8,-1,-0.5,0.9333,2.463,0.0265,0.0135,0.3124,1.9055,6.3164e-06,1.6594,3.3552e+04,1.66,0.02,1.66,1.6517,1.66,1.6301,-0.7448,0.0533,16.2739,-2.4,0.32
"14N(p, gamma)15O",14N,7,7,14,p,1514N,15,8,-1,-0.5,0.9333,2.463,0.0265,0.0135,0.3417,1.8219,1.0675e-05,1.6594,5.1842e+04,1.66,0.02,1.66,1.6517,1.66,1.6301,-0.7448,0.0533,16.2739,-2.4,0.32
"14N(p, gamma)15O",14N,7,7,14,p,1514N,15,8,-1,-0.5,0.9333,2.463,0.0265,0.0135,0.3709,1.7487,1.6908e-05,1.6593,7.5643e+04,1.66,0.02,1.66,1.6517,1.66,1.6301,-0.7448,0.0533,16.2739,-2.4,0.32
"14N(p, gamma)15O",14N,7,7,14,p,1514N,15,8,-1,-0.5,0.9333,2.463,0.0265,0.0135,0.4002,1.6835,2.5474e-05,1.6593,1.0562e+05,1.66,0.02,1.66,1.6517,1.66,1.6301,-0.7448,0.0533,16.2739,-2.4,0.32
"14N(p, gamma)15O",14N,7,7,14,p,1514N,15,8,-1,-0.5,0.9333,2.463,0.0265,0.0135,0.4294,1.6253,3.6732e-05,1.6592,1.4193e+05,1.66,0.02,1.66,1.6517,1.66,1.6301,-0.7448,0.0533,16.2739,-2.4,0.32
"14N(p, gamma)15O",14N,7,7,14,p,1514N,15,8,-1,-0.5,0.9333,2.463,0.0265,0.0135,0.4587,1.5725,5.1172e-05,1.6591,1.8509e+05,1.66,0.02,1.66,1.6517,1.66,1.6301,-0.7448,0.0533,16.2739,-2.4,0.32
"14N(p, gamma)15O",14N,7,7,14,p,1514N,15,8,-1,-0.5,0.9333,2.463,0.0265,0.0135,0.4879,1.5247,6.9090e-05,1.6591,2.3494e+05,1.66,0.02,1.66,1.6517,1.66,1.6301,-0.7448,0.0533,16.2739,-2.4,0.32
"14N(p, gamma)15O",14N,7,7,14,p,1514N,15,8,-1,-0.5,0.9333,2.463,0.0265,0.0135,0.5171,1.481,9.0906e-05,1.659,2.9166e+05,1.66,0.02,1.66,1.6517,1.66,1.6301,-0.7448,0.0533,16.2739,-2.4,0.32
"14N(p, gamma)15O",14N,7,7,14,p,1514N,15,8,-1,-0.5,0.9333,2.463,0.0265,0.0135,0.5464,1.4408,1.1707e-04,1.659,3.5545e+05,1.66,0.02,1.66,1.6517,1.66,1.6301,-0.7448,0.0533,16.2739,-2.4,0.32
"14N(p, gamma)15O",14N,7,7,14,p,1514N,15,8,-1,-0.5,0.9333,2.463,0.0265,0.0135,0.5756,1.4038,1.4773e-04,1.6589,4.2577e+05,1.66,0.02,1.66,1.6517,1.66,1.6301,-0.7448,0.0533,16.2739,-2.4,0.32
"14N(p, gamma)15O",14N,7,7,14,p,1514N,15,8,-1,-0.5,0.9333,2.463,0.0265,0.0135,0.6049,1.3693,1.8340e-04,1.6589,5.0294e+05,1.66,0.02,1.66,1.6517,1.66,1.6301,-0.7448,0.0533,16.2739,-2.4,0.32
"14N(p, gamma)15O",14N,7,7,14,p,1514N,15,8,-1,-0.5,0.9333,2.463,0.0265,0.0135,0.6341,1.3374,2.2410e-04,1.6588,5.8624e+05,1.66,0.02,1.66,1.6517,1.66,1.6301,-0.7448,0.0533,16.2739,-2.4,0.32
"14N(p, gamma)15O",14N,7,7,14,p,1514N,15,8,-1,-0.5,0.9333,2.463,0.0265,0.0135,0.6634,1.3076,2.7036e-04,1.6588,6.7601e+05,1.66,0.02,1.66,1.6517,1.66,1.6301,-0.7448,0.0533,16.2739,-2.4,0.32
"14N(p, gamma)15O",14N,7,7,14,p,1514N,15,8,-1,-0.5,0.9333,2.463,0.0265,0.0135,0.6926,1.2797,3.2208e-04,1.6587,7.7135e+05,1.66,0.02,1.66,1.6517,1.66,1.6301,-0.7448,0.0533,16.2739,-2.4,0.32
"14N(p, gamma)15O",14N,7,7,14,p,1514N,15,8,-1,-0.5,0.9333,2.463,0.0265,0.0135,0.7218,1.2536,3.7960e-04,1.6587,8.7231e+05,1.66,0.02,1.66,1.6517,1.66,1.6301,-0.7448,0.0533,16.2739,-2.4,0.32
"14N(p, gamma)15O",14N,7,7,14,p,1514N,15,8,-1,-0.5,0.9333,2.463,0.0265,0.0135,0.7511,1.2289,4.4331e-04,1.6586,9.7894e+05,1.66,0.02,1.66,1.6517,1.66,1.6301,-0.7448,0.0533,16.2739,-2.4,0.32
"14N(p, gamma)15O",14N,7,7,14,p,1514N,15,8,-1,-0.5,0.9333,2.463,0.0265,0.0135,0.7803,1.2057,5.1292e-04,1.6586,1.0902e+06,1.66,0.02,1.66,1.6517,1.66,1.6301,-0.7448,0.0533,16.2739,-2.4,0.32
"14N(p, gamma)15O",14N,7,7,14,p,1514N,15,8,-1,-0.5,0.9333,2.463,0.0265,0.0135,0.8096,1.1836,5.8902e-04,1.6585,1.2066e+06,1.66,0.02,1.66,1.6517,1.66,1.6301,-0.7448,0.0533,16.2739,-2.4,0.32
"14N(p, gamma)15O",14N,7,7,14,p,1514N,15,8,-1,-0.5,0.9333,2.463,0.0265,0.0135,0.8388,1.1629,6.7120e-04,1.6584,1.3271e+06,1.66,0.02,1.66,1.6517,1.66,1.6301,-0.7448,0.0533,16.2739,-2.4,0.32
"14N(p, gamma)15O",14N,7,7,14,p,1514N,15,8,-1,-0.5,0.9333,2.463,0.0265,0.0135,0.8681,1.1431,7.6008e-04,1.6584,1.4520e+06,1.66,0.02,1.66,1.6517,1.66,1.6301,-0.7448,0.0533,16.2739,-2.4,0.32
"14N(p, gamma)15O",14N,7,7,14,p,1514N,15,8,-1,-0.5,0.9333,2.463,0.0265,0.0135,0.8973,1.1243,8.5513e-04,1.6583,1.5804e+06,1.66,0.02,1.66,1.6517,1.66,1.6301,-0.7448,0.0533,16.2739,-2.4,0.32
"14N(p, gamma)15O",14N,7,7,14,p,1514N,15,8,-1,-0.5,0.9333,2.463,0.0265,0.0135,0.9266,1.1064,9.5703e-04,1.6583,1.7127e+06,1.66,0.02,1.66,1.6517,1.66,1.6301,-0.7448,0.0533,16.2739,-2.4,0.32
"14N(p, gamma)15O",14N,7,7,14,p,1514N,15,8,-1,-0.5,0.9333,2.463,0.0265,0.0135,0.9558,1.0894,1.0651e-03,1.6582,1.8479e+06,1.66,0.02,1.66,1.6517,1.66,1.6301,-0.7448,0.0533,16.2739,-2.4,0.32
"14N(p, gamma)15O",14N,7,7,14,p,1514N,15,8,-1,-0.5,0.9333,2.463,0.0265,0.0135,0.985,1.0731,1.1798e-03,1.6582,1.9860e+06,1.66,0.02,1.66,1.6517,1.66,1.6301,-0.7448,0.0533,16.2739,-2.4,0.32
"14N(p, gamma)15O",14N,7,7,14,p,1514N,15,8,-1,-0.5,0.9333,2.463,0.0265,0.0135,1.0143,1.0575,1.3014e-03,1.6581,2.1274e+06,1.66,0.02,1.66,1.6517,1.66,1.6301,-0.7448,0.0533,16.2739,-2.4,0.32
"14N(p, gamma)15O",14N,7,7,14,p,1514N,15,8,-1,-0.5,0.9333,2.463,0.0265,0.0135,1.0435,1.0426,1.4291e-03,1.6581,2.2707e+06,1.66,0.02,1.66,1.6517,1.66,1.6301,-0.7448,0.0533,16.2739,-2.4,0.32
"14N(p, gamma)15O",14N,7,7,14,p,1514N,15,8,-1,-0.5,0.9333,2.463,0.0265,0.0135,1.0728,1.0282,1.5638e-03,1.658,2.4168e+06,1.66,0.02,1.66,1.6517,1.66,1.6301,-0.7448,0.0533,16.2739,-2.4,0.32
"14N(p, gamma)15O",14N,7,7,14,p,1514N,15,8,-1,-0.5,0.9333,2.463,0.0265,0.0135,1.102,1.0145,1.7045e-03,1.658,2.5644e+06,1.66,0.02,1.66,1.6517,1.66,1.6301,-0.7448,0.0533,16.2739,-2.4,0.32
"14N(p, gamma)15O",14N,7,7,14,p,1514N,15,8,-1,-0.5,0.9333,2.463,0.0265,0.0135,1.1313,1.0013,1.8522e-03,1.6579,2.7143e+06,1.66,0.02,1.66,1.6517,1.66,1.6301,-0.7448,0.0533,16.2739,-2.4,0.32
"14N(p, gamma)15O",14N,7,7,14,p,1514N,15,8,-1,-0.5,0.9333,2.463,0.0265,0.0135,1.1605,0.9886,2.0058e-03,1.6578,2.8653e+06,1.66,0.02,1.66,1.6517,1.66,1.6301,-0.7448,0.0533,16.2739,-2.4,0.32
"14N(p, gamma)15O",14N,7,7,14,p,1514N,15,8,-1,-0.5,0.9333,2.463,0.0265,0.0135,1.1897,0.9764,2.1657e-03,1.6578,3.0177e+06,1.66,0.02,1.66,1.6517,1.66,1.6301,-0.7448,0.0533,16.2739,-2.4,0.32
"14N(p, gamma)15O",14N,7,7,14,p,1514N,15,8,-1,-0.5,0.9333,2.463,0.0265,0.0135,1.219,0.9646,2.3324e-03,1.6577,3.1719e+06,1.66,0.02,1.66,1.6517,1.66,1.6301,-0.7448,0.0533,16.2739,-2.4,0.32
"14N(p, gamma)15O",14N,7,7,14,p,1514N,15,8,-1,-0.5,0.9333,2.463,0.0265,0.0135,1.2482,0.9533,2.5048e-03,1.6577,3.3265e+06,1.66,0.02,1.66,1.6517,1.66,1.6301,-0.7448,0.0533,16.2739,-2.4,0.32
"14N(p, gamma)15O",14N,7,7,14,p,1514N,15,8,-1,-0.5,0.9333,2.463,0.0265,0.0135,1.2775,0.9423,2.6840e-03,1.6576,3.4826e+06,1.66,0.02,1.66,1.6517,1.66,1.6301,-0.7448,0.0533,16.2739,-2.4,0.32
"14N(p, gamma)15O",14N,7,7,14,p,1514N,15,8,-1,-0.5,0.9333,2.463,0.0265,0.0135,1.3067,0.9317,2.8686e-03,1.6576,3.6389e+06,1.66,0.02,1.66,1.6517,1.66,1.6301,-0.7448,0.0533,16.2739,-2.4,0.32
"14N(p, gamma)15O",14N,7,7,14,p,1514N,15,8,-1,-0.5,0.9333,2.463,0.0265,0.0135,1.336,0.9214,3.0599e-03,1.6575,3.7963e+06,1.66,0.02,1.66,1.6517,1.66,1.6301,-0.7448,0.0533,16.2739,-2.4,0.32
"14N(p, gamma)15O",14N,7,7,14,p,1514N,15,8,-1,-0.5,0.9333,2.463,0.0265,0.0135,1.3652,0.9115,3.2564e-03,1.6575,3.9535e+06,1.66,0.02,1.66,1.6517,1.66,1.6301,-0.7448,0.0533,16.2739,-2.4,0.32
"14N(p, gamma)15O",14N,7,7,14,p,1514N,15,8,-1,-0.5,0.9333,2.463,0.0265,0.0135,1.3945,0.9019,3.4594e-03,1.6574,4.1117e+06,1.66,0.02,1.66,1.6517,1.66,1.6301,-0.7448,0.0533,16.2739,-2.4,0.32
"14N(p, gamma)15O",14N,7,7,14,p,1514N,15,8,-1,-0.5,0.9333,2.463,0.0265,0.0135,1.4237,0.8926,3.6675e-03,1.6574,4.2694e+06,1.66,0.02,1.66,1.6517,1.66,1.6301,-0.7448,0.0533,16.2739,-2.4,0.32
"14N(p, gamma)15O",14N,7,7,14,p,1514N,15,8,-1,-0.5,0.9333,2.463,0.0265,0.0135,1.4529,0.8836,3.8813e-03,1.6573,4.4273e+06,1.66,0.02,1.66,1.6517,1.66,1.6301,-0.7448,0.0533,16.2739,-2.4,0.32
"14N(p, gamma)15O",14N,7,7,14,p,1514N,15,8,-1,-0.5,0.9333,2.463,0.0265,0.0135,1.4822,0.8748,4.1013e-03,1.6572,4.5857e+06,1.66,0.02,1.66,1.6517,1.66,1.6301,-0.7448,0.0533,16.2739,-2.4,0.32
"14N(p, gamma)15O",14N,7,7,14,p,1514N,15,8,-1,-0.5,0.9333,2.463,0.0265,0.0135,1.5114,0.8663,4.3261e-03,1.6572,4.7434e+06,1.66,0.02,1.66,1.6517,1.66,1.6301,-0.7448,0.0533,16.2739,-2.4,0.32
"14N(p, gamma)15O",14N,7,7,14,p,1514N,15,8,-1,-0.5,0.9333,2.463,0.0265,0.0135,1.5407,0.858,4.5570e-03,1.6571,4.9014e+06,1.66,0.02,1.66,1.6517,1.66,1.6301,-0.7448,0.0533,16.2739,-2.4,0.32
"14N(p, gamma)15O",14N,7,7,14,p,1514N,15,8,-1,-0.5,0.9333,2.463,0.0265,0.0135,1.5699,0.85,4.7924e-03,1.6571,5.0586e+06,1.66,0.02,1.66,1.6517,1.66,1.6301,-0.7448,0.0533,16.2739,-2.4,0.32
"14N(p, gamma)15O",14N,7,7,14,p,1514N,15,8,-1,-0.5,0.9333,2.463,0.0265,0.0135,1.5992,0.8422,5.0339e-03,1.657,5.2159e+06,1.66,0.02,1.66,1.6517,1.66,1.6301,-0.7448,0.0533,16.2739,-2.4,0.32
"14N(p, gamma)15O",14N,7,7,14,p,1514N,15,8,-1,-0.5,0.9333,2.463,0.0265,0.0135,1.6284,0.8346,5.2796e-03,1.657,5.3722e+06,1.66,0.02,1.66,1.6517,1.66,1.6301,-0.7448,0.0533,16.2739,-2.4,0.32
"14N(p, gamma)15O",14N,7,7,14,p,1514N,15,8,-1,-0.5,0.9333,2.463,0.0265,0.0135,1.6576,0.8272,5.5303e-03,1.6569,5.5280e+06,1.66,0.02,1.66,1.6517,1.66,1.6301,-0.7448,0.0533,16.2739,-2.4,0.32
"14N(p, gamma)15O",14N,7,7,14,p,1514N,15,8,-1,-0.5,0.9333,2.463,0.0265,0.0135,1.6869,0.82,5.7868e-03,1.6569,5.6838e+06,1.66,0.02,1.66,1.6517,1.66,1.6301,-0.7448,0.0533,16.2739,-2.4,0.32
"14N(p, gamma)15O",14N,7,7,14,p,1514N,15,8,-1,-0.5,0.9333,2.463,0.0265,0.0135,1.7161,0.813,6.0472e-03,1.6568,5.8383e+06,1.66,0.02,1.66,1.6517,1.66,1.6301,-0.7448,0.0533,16.2739,-2.4,0.32
"14N(p, gamma)15O",14N,7,7,14,p,1514N,15,8,-1,-0.5,0.9333,2.463,0.0265,0.0135,1.7454,0.8061,6.3133e-03,1.6568,5.9927e+06,1.66,0.02,1.66,1.6517,1.66,1.6301,-0.7448,0.0533,16.2739,-2.4,0.32
"14N(p, gamma)15O",14N,7,7,14,p,1514N,15,8,-1,-0.5,0.9333,2.463,0.0265,0.0135,1.7746,0.7995,6.5831e-03,1.6567,6.1457e+06,1.66,0.02,1.66,1.6517,1.66,1.6301,-0.7448,0.0533,16.2739,-2.4,0.32
"14N(p, gamma)15O",14N,7,7,14,p,1514N,15,8,-1,-0.5,0.9333,2.463,0.0265,0.0135,1.8039,0.793,6.8583e-03,1.6567,6.2985e+06,1.66,0.02,1.66,1.6517,1.66,1.6301,-0.7448,0.0533,16.2739,-2.4,0.32
"14N(p, gamma)15O",14N,7,7,14,p,1514N,15,8,-1,-0.5,0.9333,2.463,0.0265,0.0135,1.8331,0.7866,7.1371e-03,1.6566,6.4499e+06,1.66,0.02,1.66,1.6517,1.66,1.6301,-0.7448,0.0533,16.2739,-2.4,0.32
"14N(p, gamma)15O",14N,7,7,14,p,1514N,15,8,-1,-0.5,0.9333,2.463,0.0265,0.0135,1.8624,0.7804,7.4212e-03,1.6565,6.6009e+06,1.66,0.02,1.66,1.6517,1.66,1.6301,-0.7448,0.0533,16.2739,-2.4,0.32
"14N(p, gamma)15O",14N,7,7,14,p,1514N,15,8,-1,-0.5,0.9333,2.463,0.0265,0.0135,1.8916,0.7744,7.7085e-03,1.6565,6.7504e+06,1.66,0.02,1.66,1.6517,1.66,1.6301,-0.7448,0.0533,16.2739,-2.4,0.32
"14N(p, gamma)15O",14N,7,7,14,p,1514N,15,8,-1,-0.5,0.9333,2.463,0.0265,0.0135,1.9208,0.7684,8.0001e-03,1.6564,6.8990e+06,1.66,0.02,1.66,1.6517,1.66,1.6301,-0.7448,0.0533,16.2739,-2.4,0.32
"14N(p, gamma)15O",14N,7,7,14,p,1514N,15,8,-1,-0.5,0.9333,2.463,0.0265,0.0135,1.9501,0.7627,8.2967e-03,1.6564,7.0471e+06,1.66,0.02,1.66,1.6517,1.66,1.6301,-0.7448,0.0533,16.2739,-2.4,0.32
"14N(p, gamma)15O",14N,7,7,14,p,1514N,15,8,-1,-0.5,0.9333,2.463,0.0265,0.0135,1.9793,0.757,8.5964e-03,1.6563,7.1937e+06,1.66,0.02,1.66,1.6517,1.66,1.6301,-0.7448,0.0533,16.2739,-2.4,0.32
"14N(p, gamma)15O",14N,7,7,14,p,1514N,15,8,-1,-0.5,0.9333,2.463,0.0265,0.0135,2.0086,0.7515,8.9010e-03,1.6563,7.3397e+06,1.66,0.02,1.66,1.6517,1.66,1.6301,-0.7448,0.0533,16.2739,-2.4,0.32
"14N(p, gamma)15O",14N,7,7,14,p,1514N,15,8,-1,-0.5,0.9333,2.463,0.0265,0.0135,2.0378,0.7461,9.2083e-03,1.6562,7.4841e+06,1.66,0.02,1.66,1.6517,1.66,1.6301,-0.7448,0.0533,16.2739,-2.4,0.32
"14N(p, gamma)15O",14N,7,7,14,p,1514N,15,8,-1,-0.5,0.9333,2.463,0.0265,0.0135,2.0671,0.7408,9.5205e-03,1.6562,7.6279e+06,1.66,0.02,1.66,1.6517,1.66,1.6301,-0.7448,0.0533,16.2739,-2.4,0.32
"14N(p, gamma)15O",14N,7,7,14,p,1514N,15,8,-1,-0.5,0.9333,2.463,0.0265,0.0135,2.0963,0.7356,9.8353e-03,1.6561,7.7701e+06,1.66,0.02,1.66,1.6517,1.66,1.6301,-0.7448,0.0533,16.2739,-2.4,0.32
"14N(p, gamma)15O",14N,7,7,14,p,1514N,15,8,-1,-0.5,0.9333,2.463,0.0265,0.0135,2.1255,0.7305,1.0154e-02,1.6561,7.9111e+06,1.66,0.02,1.66,1.6517,1.66,1.6301,-0.7448,0.0533,16.2739,-2.4,0.32
"14N(p, gamma)15O",14N,7,7,14,p,1514N,15,8,-1,-0.5,0.9333,2.463,0.0265,0.0135,2.1548,0.7255,1.0477e-02,1.656,8.0515e+06,1.66,0.02,1.66,1.6517,1.66,1.6301,-0.7448,0.0533,16.2739,-2.4,0.32
"14N(p, gamma)15O",14N,7,7,14,p,1514N,15,8,-1,-0.5,0.9333,2.463,0.0265,0.0135,2.184,0.7207,1.0802e-02,1.6559,8.1902e+06,1.66,0.02,1.66,1.6517,1.66,1.6301,-0.7448,0.0533,16.2739,-2.4,0.32
"14N(p, gamma)15O",14N,7,7,14,p,1514N,15,8,-1,-0.5,0.9333,2.463,0.0265,0.0135,2.2133,0.7159,1.1132e-02,1.6559,8.3282e+06,1.66,0.02,1.66,1.6517,1.66,1.6301,-0.7448,0.0533,16.2739,-2.4,0.32
"14N(p, gamma)15O",14N,7,7,14,p,1514N,15,8,-1,-0.5,0.9333,2.463,0.0265,0.0135,2.2425,0.7112,1.1464e-02,1.6558,8.4646e+06,1.66,0.02,1.66,1.6517,1.66,1.6301,-0.7448,0.0533,16.2739,-2.4,0.32
"14N(p, gamma)15O",14N,7,7,14,p,1514N,15,8,-1,-0.5,0.9333,2.463,0.0265,0.0135,2.2718,0.7066,1.1800e-02,1.6558,8.6002e+06,1.66,0.02,1.66,1.6517,1.66,1.6301,-0.7448,0.0533,16.2739,-2.4,0.32
"14N(p, gamma)15O",14N,7,7,14,p,1514N,15,8,-1,-0.5,0.9333,2.463,0.0265,0.0135,2.301,0.7021,1.2138e-02,1.6557,8.7342e+06,1.66,0.02,1.66,1.6517,1.66,1.6301,-0.7448,0.0533,16.2739,-2.4,0.32
"14N(p, gamma)15O",14N,7,7,14,p,1514N,15,8,-1,-0.5,0.9333,2.463,0.0265,0.0135,2.3303,0.6977,1.2481e-02,1.6557,8.8674e+06,1.66,0.02,1.66,1.6517,1.66,1.6301,-0.7448,0.0533,16.2739,-2.4,0.32
"14N(p, gamma)15O",14N,7,7,14,p,1514N,15,8,-1,-0.5,0.9333,2.463,0.0265,0.0135,2.3595,0.6933,1.2825e-02,1.6556,8.9989e+06,1.66,0.02,1.66,1.6517,1.66,1.6301,-0.7448,0.0533,16.2739,-2.4,0.32
"14N(p, gamma)15O",14N,7,7,14,p,1514N,15,8,-1,-0.5,0.9333,2.463,0.0265,0.0135,2.3887,0.6891,1.3172e-02,1.6556,9.1292e+06,1.66,0.02,1.66,1.6517,1.66,1.6301,-0.7448,0.0533,16.2739,-2.4,0.32
"14N(p, gamma)15O",14N,7,7,14,p,1514N,15,8,-1,-0.5,0.9333,2.463,0.0265,0.0135,2.418,0.6849,1.3523e-02,1.6555,9.2587e+06,1.66,0.02,1.66,1.6517,1.66,1.6301,-0.7448,0.0533,16.2739,-2.4,0.32
"14N(p, gamma)15O",14N,7,7,14,p,1514N,15,8,-1,-0.5,0.9333,2.463,0.0265,0.0135,2.4472,0.6808,1.3876e-02,1.6555,9.3866e+06,1.66,0.02,1.66,1.6517,1.66,1.6301,-0.7448,0.0533,16.2739,-2.4,0.32
"14N(p, gamma)15O",14N,7,7,14,p,1514N,15,8,-1,-0.5,0.9333,2.463,0.0265,0.0135,2.4765,0.6768,1.4233e-02,1.6554,9.5137e+06,1.66,0.02,1.66,1.6517,1.66,1.6301,-0.7448,0.0533,16.2739,-2.4,0.32
"14N(p, gamma)15O",14N,7,7,14,p,1514N,15,8,-1,-0.5,0.9333,2.463,0.0265,0.0135,2.5057,0.6728,1.4591e-02,1.6554,9.6391e+06,1.66,0.02,1.66,1.6517,1.66,1.6301,-0.7448,0.0533,16.2739,-2.4,0.32
"14N(p, gamma)15O",14N,7,7,14,p,1514N,15,8,-1,-0.5,0.9333,2.463,0.0265,0.0135,2.535,0.6689,1.4953e-02,1.6553,9.7637e+06,1.66,0.02,1.66,1.6517,1.66,1.6301,-0.7448,0.0533,16.2739,-2.4,0.32
"14N(p, gamma)15O",14N,7,7,14,p,1514N,15,8,-1,-0.5,0.9333,2.463,0.0265,0.0135,2.5642,0.6651,1.5316e-02,1.6552,9.8866e+06,1.66,0.02,1.66,1.6517,1.66,1.6301,-0.7448,0.0533,16.2739,-2.4,0.32
"14N(p, gamma)15O",14N,7,7,14,p,1514N,15,8,-1,-0.5,0.9333,2.463,0.0265,0.0135,2.5934,0.6613,1.5681e-02,1.6552,1.0008e+07,1.66,0.02,1.66,1.6517,1.66,1.6301,-0.7448,0.0533,16.2739,-2.4,0.32
"14N(p, gamma)15O",14N,7,7,14,p,1514N,15,8,-1,-0.5,0.9333,2.463,0.0265,0.0135,2.6227,0.6576,1.6051e-02,1.6551,1.0129e+07,1.66,0.02,1.66,1.6517,1.66,1.6301,-0.7448,0.0533,16.2739,-2.4,0.32
"14N(p, gamma)15O",14N,7,7,14,p,1514N,15,8,-1,-0.5,0.9333,2.463,0.0265,0.0135,2.6519,0.654,1.6421e-02,1.6551,1.0249e+07,1.66,0.02,1.66,1.6517,1.66,1.6301,-0.7448,0.0533,16.2739,-2.4,0.32
"14N(p, gamma)15O",14N,7,7,14,p,1514N,15,8,-1,-0.5,0.9333,2.463,0.0265,0.0135,2.6812,0.6504,1.6795e-02,1.655,1.0367e+07,1.66,0.02,1.66,1.6517,1.66,1.6301,-0.7448,0.0533,16.2739,-2.4,0.32
"14N(p, gamma)15O",14N,7,7,14,p,1514N,15,8,-1,-0.5,0.9333,2.463,0.0265,0.0135,2.7104,0.6469,1.7170e-02,1.655,1.0484e+07,1.66,0.02,1.66,1.6517,1.66,1.6301,-0.7448,0.0533,16.2739,-2.4,0.32
"14N(p, gamma)15O",14N,7,7,14,p,1514N,15,8,-1,-0.5,0.9333,2.463,0.0265,0.0135,2.7397,0.6434,1.7548e-02,1.6549,1.0600e+07,1.66,0.02,1.66,1.6517,1.66,1.6301,-0.7448,0.0533,16.2739,-2.4,0.32
"14N(p, gamma)15O",14N,7,7,14,p,1514N,15,8,-1,-0.5,0.9333,2.463,0.0265,0.0135,2.7689,0.64,1.7927e-02,1.6549,1.0714e+07,1.66,0.02,1.66,1.6517,1.66,1.6301,-0.7448,0.0533,16.2739,-2.4,0.32
"14N(p, gamma)15O",14N,7,7,14,p,1514N,15,8,-1,-0.5,0.9333,2.463,0.0265,0.0135,2.7982,0.6367,1.8310e-02,1.6548,1.0828e+07,1.66,0.02,1.66,1.6517,1.66,1.6301,-0.7448,0.0533,16.2739,-2.4,0.32
"14N(p, gamma)15O",14N,7,7,14,p,1514N,15,8,-1,-0.5,0.9333,2.463,0.0265,0.0135,2.8274,0.6334,1.8693e-02,1.6548,1.0940e+07,1.66,0.02,1.66,1.6517,1.66,1.6301,-0.7448,0.0533,16.2739,-2.4,0.32
"14N(p, gamma)15O",14N,7,7,14,p,1514N,15,8,-1,-0.5,0.9333,2.463,0.0265,0.0135,2.8566,0.6301,1.9078e-02,1.6547,1.1051e+07,1.66,0.02,1.66,1.6517,1.66,1.6301,-0.7448,0.0533,16.2739,-2.4,0.32
"14N(p, gamma)15O",14N,7,7,14,p,1514N,15,8,-1,-0.5,0.9333,2.463,0.0265,0.0135,2.8859,0.6269,1.9466e-02,1.6546,1.1161e+07,1.66,0.02,1.66,1.6517,1.66,1.6301,-0.7448,0.0533,16.2739,-2.4,0.32
"14N(p, gamma)15O",14N,7,7,14,p,1514N,15,8,-1,-0.5,0.9333,2.463,0.0265,0.0135,2.9151,0.6238,1.9855e-02,1.6546,1.1270e+07,1.66,0.02,1.66,1.6517,1.66,1.6301,-0.7448,0.0533,16.2739,-2.4,0.32
"14N(p, gamma)15O",14N,7,7,14,p,1514N,15,8,-1,-0.5,0.9333,2.463,0.0265,0.0135,2.9444,0.6207,2.0247e-02,1.6545,1.1377e+07,1.66,0.02,1.66,1.6517,1.66,1.6301,-0.7448,0.0533,16.2739,-2.4,0.32
"14N(p, gamma)15O",14N,7,7,14,p,1514N,15,8,-1,-0.5,0.9333,2.463,0.0265,0.0135,2.9736,0.6176,2.0639e-02,1.6545,1.1484e+07,1.66,0.02,1.66,1.6517,1.66,1.6301,-0.7448,0.0533,16.2739,-2.4,0.32
"14N(p, gamma)15O",14N,7,7,14,p,1514N,15,8,-1,-0.5,0.9333,2.463,0.0265,0.0135,3.0029,0.6146,2.1035e-02,1.6544,1.1589e+07,1.66,0.02,1.66,1.6517,1.66,1.6301,-0.7448,0.0533,16.2739,-2.4,0.32
"14N(p, gamma)15O",14N,7,7,14,p,1514N,15,8,-1,-0.5,0.9333,2.463,0.0265,0.0135,3.0321,0.6116,2.1430e-02,1.6544,1.1693e+07,1.66,0.02,1.66,1.6517,1.66,1.6301,-0.7448,0.0533,16.2739,-2.4,0.32
"14N(p, gamma)15O",14N,7,7,14,p,1514N,15,8,-1,-0.5,0.9333,2.463,0.0265,0.0135,3.0613,0.6087,2.1828e-02,1.6543,1.1796e+07,1.66,0.02,1.66,1.6517,1.66,1.6301,-0.7448,0.0533,16.2739,-2.4,0.32
"14N(p, gamma)15O",14N,7,7,14,p,1514N,15,8,-1,-0.5,0.9333,2.463,0.0265,0.0135,3.0906,0.6058,2.2228e-02,1.6543,1.1898e+07,1.66,0.02,1.66,1.6517,1.66,1.6301,-0.7448,0.0533,16.2739,-2.4,0.32
"14N(p, gamma)15O",14N,7,7,14,p,1514N,15,8,-1,-0.5,0.9333,2.463,0.0265,0.0135,3.1198,0.603,2.2629e-02,1.6542,1.1998e+07,1.66,0.02,1.66,1.6517,1.66,1.6301,-0.7448,0.0533,16.2739,-2.4,0.32
"14N(p, gamma)15O",14N,7,7,14,p,1514N,15,8,-1,-0.5,0.9333,2.463,0.0265,0.0135,3.1491,0.6002,2.3032e-02,1.6542,1.2098e+07,1.66,0.02,1.66,1.6517,1.66,1.6301,-0.7448,0.0533,16.2739,-2.4,0.32
"14N(p, gamma)15O",14N,7,7,14,p,1514N,15,8,-1,-0.5,0.9333,2.463,0.0265,0.0135,3.1783,0.5974,2.3435e-02,1.6541,1.2197e+07,1.66,0.02,1.66,1.6517,1.66,1.6301,-0.7448,0.0533,16.2739,-2.4,0.32
"14N(p, gamma)15O",14N,7,7,14,p,1514N,15,8,-1,-0.5,0.9333,2.463,0.0265,0.0135,3.2076,0.5947,2.3841e-02,1.6541,1.2294e+07,1.66,0.02,1.66,1.6517,1.66,1.6301,-0.7448,0.0533,16.2739,-2.4,0.32
"14N(p, gamma)15O",14N,7,7,14,p,1514N,15,8,-1,-0.5,0.9333,2.463,0.0265,0.0135,3.2368,0.592,2.4248e-02,1.654,1.2390e+07,1.66,0.02,1.66,1.6517,1.66,1.6301,-0.7448,0.0533,16.2739,-2.4,0.32
"14N(p, gamma)15O",14N,7,7,14,p,1514N,15,8,-1,-0.5,0.9333,2.463,0.0265,0.0135,3.2661,0.5893,2.4656e-02,1.6539,1.2486e+07,1.66,0.02,1.66,1.6517,1.66,1.6301,-0.7448,0.0533,16.2739,-2.4,0.32
"14N(p, gamma)15O",14N,7,7,14,p,1514N,15,8,-1,-0.5,0.9333,2.463,0.0265,0.0135,3.2953,0.5867,2.5065e-02,1.6539,1.2580e+07,1.66,0.02,1.66,1.6517,1.66,1.6301,-0.7448,0.0533,16.2739,-2.4,0.32
"14N(p, gamma)15O",14N,7,7,14,p,1514N,15,8,-1,-0.5,0.9333,2.463,0.0265,0.0135,3.3245,0.5841,2.5475e-02,1.6538,1.2673e+07,1.66,0.02,1.66,1.6517,1.66,1.6301,-0.7448,0.0533,16.2739,-2.4,0.32
"14N(p, gamma)15O",14N,7,7,14,p,1514N,15,8,-1,-0.5,0.9333,2.463,0.0265,0.0135,3.3538,0.5815,2.5888e-02,1.6538,1.2765e+07,1.66,0.02,1.66,1.6517,1.66,1.6301,-0.7448,0.0533,16.2739,-2.4,0.32
"14N(p, gamma)15O",14N,7,7,14,p,1514N,15,8,-1,-0.5,0.9333,2.463,0.0265,0.0135,3.383,0.579,2.6300e-02,1.6537,1.2856e+07,1.66,0.02,1.66,1.6517,1.66,1.6301,-0.7448,0.0533,16.2739,-2.4,0.32
"14N(p, gamma)15O",14N,7,7,14,p,1514N,15,8,-1,-0.5,0.9333,2.463,0.0265,0.0135,3.4123,0.5765,2.6715e-02,1.6537,1.2947e+07,1.66,0.02,1.66,1.6517,1.66,1.6301,-0.7448,0.0533,16.2739,-2.4,0.32
"14N(p, gamma)15O",14N,7,7,14,p,1514N,15,8,-1,-0.5,0.9333,2.463,0.0265,0.0135,3.4415,0.5741,2.7130e-02,1.6536,1.3036e+07,1.66,0.02,1.66,1.6517,1.66,1.6301,-0.7448,0.0533,16.2739,-2.4,0.32
"14N(p, gamma)15O",14N,7,7,14,p,1514N,15,8,-1,-0.5,0.9333,2.463,0.0265,0.0135,3.4708,0.5717,2.7547e-02,1.6536,1.3124e+07,1.66,0.02,1.66,1.6517,1.66,1.6301,-0.7448,0.0533,16.2739,-2.4,0.32
"14N(p, gamma)15O",14N,7,7,14,p,1514N,15,8,-1,-0.5,0.9333,2.463,0.0265,0.0135,3.5,0.5693,2.7963e-02,1.6535,1.3211e+07,1.66,0.02,1.66,1.6517,1.66,1.6301,-0.7448,0.0533,16.2739,-2.4,0.32
"16O(p, gamma)17F",16O,8,8,16,p,1716O,17,9,-1,-0.5,0.9412,2.727,0.0291,0.0141,0.02,8.6427,2.6073e-24,0.65,8.4736e-14,0.65,0.02,0.65,0.3445,0.65,0.3406,-0.7614,0.0529,12.85,-4.5,0.769
"16O(p, gamma)17F",16O,8,8,16,p,1716O,17,9,-1,-0.5,0.9412,2.727,0.0291,0.0141,0.0492,5.5104,9.1942e-16,0.65,1.2146e-05,0.65,0.02,0.65,0.3445,0.65,0.3406,-0.7614,0.0529,12.85,-4.5,0.769
"16O(p, gamma)17F",16O,8,8,16,p,1716O,17,9,-1,-0.5,0.9412,2.727,0.0291,0.0141,0.0785,4.3624,1.2473e-12,0.65,1.0327e-02,0.65,0.02,0.65,0.3445,0.65,0.3406,-0.7614,0.0529,12.85,-4.5,0.769
"16O(p, gamma)17F",16O,8,8,16,p,1716O,17,9,-1,-0.5,0.9412,2.727,0.0291,0.0141,0.1077,3.7244,6.8710e-11,0.6499,4.1465e-01,0.65,0.02,0.65,0.3445,0.65,0.3406,-0.7614,0.0529,12.85,-4.5,0.769
"16O(p, gamma)17F",16O,8,8,16,p,1716O,17,9,-1,-0.5,0.9412,2.727,0.0291,0.0141,0.137,3.3022,9.7519e-10,0.6499,4.6263e+00,0.65,0.02,0.65,0.3445,0.65,0.3406,-0.7614,0.0529,12.85,-4.5,0.769
"16O(p, gamma)17F",16O,8,8,16,p,1716O,17,9,-1,-0.5,0.9412,2.727,0.0291,0.0141,0.1662,2.9981,6.5897e-09,0.6499,2.5769e+01,0.65,0.02,0.65,0.3445,0.65,0.3406,-0.7614,0.0529,12.85,-4.5,0.769
"16O(p, gamma)17F",16O,8,8,16,p,1716O,17,9,-1,-0.5,0.9412,2.727,0.0291,0.0141,0.1955,2.7643,2.8629e-08,0.6499,9.5169e+01,0.65,0.02,0.65,0.3445,0.65,0.3406,-0.7614,0.0529,12.85,-4.5,0.769
"16O(p, gamma)17F",16O,8,8,16,p,1716O,17,9,-1,-0.5,0.9412,2.727,0.0291,0.0141,0.2247,2.5785,9.2040e-08,0.6499,2.6620e+02,0.65,0.02,0.65,0.3445,0.65,0.3406,-0.7614,0.0529,12.85,-4.5,0.769
"16O(p, gamma)17F",16O,8,8,16,p,1716O,17,9,-1,-0.5,0.9412,2.727,0.0291,0.0141,0.2539,2.4257,2.4039e-07,0.6499,6.1529e+02,0.65,0.02,0.65,0.3445,0.65,0.3406,-0.7614,0.0529,12.85,-4.5,0.769
"16O(p, gamma)17F",16O,8,8,16,p,1716O,17,9,-1,-0.5,0.9412,2.727,0.0291,0.0141,0.2832,2.2968,5.4035e-07,0.6498,1.2399e+03,0.65,0.02,0.65,0.3445,0.65,0.3406,-0.7614,0.0529,12.85,-4.5,0.769
"16O(p, gamma)17F",16O,8,8,16,p,1716O,17,9,-1,-0.5,0.9412,2.727,0.0291,0.0141,0.3124,2.1868,1.0784e-06,0.6498,2.2431e+03,0.65,0.02,0.65,0.3445,0.65,0.3406,-0.7614,0.0529,12.85,-4.5,0.769
"16O(p, gamma)17F",16O,8,8,16,p,1716O,17,9,-1,-0.5,0.9412,2.727,0.0291,0.0141,0.3417,2.0909,1.9694e-06,0.6498,3.7452e+03,0.65,0.02,0.65,0.3445,0.65,0.3406,-0.7614,0.0529,12.85,-4.5,0.769
"16O(p, gamma)17F",16O,8,8,16,p,1716O,17,9,-1,-0.5,0.9412,2.727,0.0291,0.0141,0.3709,2.0069,3.3384e-06,0.6498,5.8486e+03,0.65,0.02,0.65,0.3445,0.65,0.3406,-0.7614,0.0529,12.85,-4.5,0.769
"16O(p, gamma)17F",16O,8,8,16,p,1716O,17,9,-1,-0.5,0.9412,2.727,0.0291,0.0141,0.4002,1.9321,5.3434e-06,0.6498,8.6758e+03,0.65,0.02,0.65,0.3445,0.65,0.3406,-0.7614,0.0529,12.85,-4.5,0.769
"16O(p, gamma)17F",16O,8,8,16,p,1716O,17,9,-1,-0.5,0.9412,2.727,0.0291,0.0141,0.4294,1.8652,8.1327e-06,0.6498,1.2306e+04,0.65,0.02,0.65,0.3445,0.65,0.3406,-0.7614,0.0529,12.85,-4.5,0.769
"16O(p, gamma)17F",16O,8,8,16,p,1716O,17,9,-1,-0.5,0.9412,2.727,0.0291,0.0141,0.4587,1.8047,1.1898e-05,0.6497,1.6853e+04,0.65,0.02,0.65,0.3445,0.65,0.3406,-0.7614,0.0529,12.85,-4.5,0.769
"16O(p, gamma)17F",16O,8,8,16,p,1716O,17,9,-1,-0.5,0.9412,2.727,0.0291,0.0141,0.4879,1.7498,1.6792e-05,0.6497,2.2362e+04,0.65,0.02,0.65,0.3445,0.65,0.3406,-0.7614,0.0529,12.85,-4.5,0.769
"16O(p, gamma)17F",16O,8,8,16,p,1716O,17,9,-1,-0.5,0.9412,2.727,0.0291,0.0141,0.5171,1.6997,2.3008e-05,0.6497,2.8909e+04,0.65,0.02,0.65,0.3445,0.65,0.3406,-0.7614,0.0529,12.85,-4.5,0.769
"16O(p, gamma)17F",16O,8,8,16,p,1716O,17,9,-1,-0.5,0.9412,2.727,0.0291,0.0141,0.5464,1.6535,3.0758e-05,0.6497,3.6573e+04,0.65,0.02,0.65,0.3445,0.65,0.3406,-0.7614,0.0529,12.85,-4.5,0.769
"16O(p, gamma)17F",16O,8,8,16,p,1716O,17,9,-1,-0.5,0.9412,2.727,0.0291,0.0141,0.5756,1.611,4.0169e-05,0.6497,4.5339e+04,0.65,0.02,0.65,0.3445,0.65,0.3406,-0.7614,0.0529,12.85,-4.5,0.769
"16O(p, gamma)17F",16O,8,8,16,p,1716O,17,9,-1,-0.5,0.9412,2.727,0.0291,0.0141,0.6049,1.5715,5.1485e-05,0.6497,5.5295e+04,0.65,0.02,0.65,0.3445,0.65,0.3406,-0.7614,0.0529,12.85,-4.5,0.769
"16O(p, gamma)17F",16O,8,8,16,p,1716O,17,9,-1,-0.5,0.9412,2.727,0.0291,0.0141,0.6341,1.5349,6.4801e-05,0.6496,6.6390e+04,0.65,0.02,0.65,0.3445,0.65,0.3406,-0.7614,0.0529,12.85,-4.5,0.769
"16O(p, gamma)17F",16O,8,8,16,p,1716O,17,9,-1,-0.5,0.9412,2.727,0.0291,0.0141,0.6634,1.5006,8.0375e-05,0.6496,7.8707e+04,0.65,0.02,0.65,0.3445,0.65,0.3406,-0.7614,0.0529,12.85,-4.5,0.769
"16O(p, gamma)17F",16O,8,8,16,p,1716O,17,9,-1,-0.5,0.9412,2.727,0.0291,0.0141,0.6926,1.4687,9.8258e-05,0.6496,9.2161e+04,0.65,0.02,0.65,0.3445,0.65,0.3406,-0.7614,0.0529,12.85,-4.5,0.769
"16O(p, gamma)17F",16O,8,8,16,p,1716O,17,9,-1,-0.5,0.9412,2.727,0.0291,0.0141,0.7218,1.4387,1.1865e-04,0.6496,1.0678e+05,0.65,0.02,0.65,0.3445,0.65,0.3406,-0.7614,0.0529,12.85,-4.5,0.769
"16O(p, gamma)17F",16O,8,8,16,p,1716O,17,9,-1,-0.5,0.9412,2.727,0.0291,0.0141,0.7511,1.4103,1.4178e-04,0.6496,1.2261e+05,0.65,0.02,0.65,0.3445,0.65,0.3406,-0.7614,0.0529,12.85,-4.5,0.769
"16O(p, gamma)17F",16O,8,8,16,p,1716O,17,9,-1,-0.5,0.9412,2.727,0.0291,0.0141,0.7803,1.3837,1.6761e-04,0.6496,1.3953e+05,0.65,0.02,0.65,0.3445,0.65,0.3406,-0.7614,0.0529,12.85,-4.5,0.769
"16O(p, gamma)17F",16O,8,8,16,p,1716O,17,9,-1,-0.5,0.9412,2.727,0.0291,0.0141,0.8096,1.3584,1.9645e-04,0.6496,1.5761e+05,0.65,0.02,0.65,0.3445,0.65,0.3406,-0.7614,0.0529,12.85,-4.5,0.769
"16O(p, gamma)17F",16O,8,8,16,p,1716O,17,9,-1,-0.5,0.9412,2.727,0.0291,0.0141,0.8388,1.3346,2.2821e-04,0.6495,1.7672e+05,0.65,0.02,0.65,0.3445,0.65,0.3406,-0.7614,0.0529,12.85,-4.5,0.769
"16O(p, gamma)17F",16O,8,8,16,p,1716O,17,9,-1,-0.5,0.9412,2.727,0.0291,0.0141,0.8681,1.3118,2.6322e-04,0.6495,1.9694e+05,0.65,0.02,0.65,0.3445,0.65,0.3406,-0.7614,0.0529,12.85,-4.5,0.769
"16O(p, gamma)17F",16O,8,8,16,p,1716O,17,9,-1,-0.5,0.9412,2.727,0.0291,0.0141,0.8973,1.2903,3.0133e-04,0.6495,2.1812e+05,0.65,0.02,0.65,0.3445,0.65,0.3406,-0.7614,0.0529,12.85,-4.5,0.769
"16O(p, gamma)17F",16O,8,8,16,p,1716O,17,9,-1,-0.5,0.9412,2.727,0.0291,0.0141,0.9266,1.2698,3.4290e-04,0.6495,2.4035e+05,0.65,0.02,0.65,0.3445,0.65,0.3406,-0.7614,0.0529,12.85,-4.5,0.769
"16O(p, gamma)17F",16O,8,8,16,p,1716O,17,9,-1,-0.5,0.9412,2.727,0.0291,0.0141,0.9558,1.2502,3.8770e-04,0.6495,2.6345e+05,0.65,0.02,0.65,0.3445,0.65,0.3406,-0.7614,0.0529,12.85,-4.5,0.769
"16O(p, gamma)17F",16O,8,8,16,p,1716O,17,9,-1,-0.5,0.9412,2.727,0.0291,0.0141,0.985,1.2315,4.3596e-04,0.6495,2.8745e+05,0.65,0.02,0.65,0.3445,0.65,0.3406,-0.7614,0.0529,12.85,-4.5,0.769
"16O(p, gamma)17F",16O,8,8,16,p,1716O,17,9,-1,-0.5,0.9412,2.727,0.0291,0.0141,1.0143,1.2136,4.8791e-04,0.6494,3.1240e+05,0.65,0.02,0.65,0.3445,0.65,0.3406,-0.7614,0.0529,12.85,-4.5,0.769
"16O(p, gamma)17F",16O,8,8,16,p,1716O,17,9,-1,-0.5,0.9412,2.727,0.0291,0.0141,1.0435,1.1965,5.4326e-04,0.6494,3.3810e+05,0.65,0.02,0.65,0.3445,0.65,0.3406,-0.7614,0.0529,12.85,-4.5,0.769
"16O(p, gamma)17F",16O,8,8,16,p,1716O,17,9,-1,-0.5,0.9412,2.727,0.0291,0.0141,1.0728,1.1801,6.0242e-04,0.6494,3.6467e+05,0.65,0.02,0.65,0.3445,0.65,0.3406,-0.7614,0.0529,12.85,-4.5,0.769
"16O(p, gamma)17F",16O,8,8,16,p,1716O,17,9,-1,-0.5,0.9412,2.727,0.0291,0.0141,1.102,1.1643,6.6504e-04,0.6494,3.9190e+05,0.65,0.02,0.65,0.3445,0.65,0.3406,-0.7614,0.0529,12.85,-4.5,0.769
"16O(p, gamma)17F",16O,8,8,16,p,1716O,17,9,-1,-0.5,0.9412,2.727,0.0291,0.0141,1.1313,1.1491,7.3158e-04,0.6494,4.1993e+05,0.65,0.02,0.65,0.3445,0.65,0.3406,-0.7614,0.0529,12.85,-4.5,0.769
"16O(p, gamma)17F",16O,8,8,16,p,1716O,17,9,-1,-0.5,0.9412,2.727,0.0291,0.0141,1.1605,1.1346,8.0161e-04,0.6494,4.4854e+05,0.65,0.02,0.65,0.3445,0.65,0.3406,-0.7614,0.0529,12.85,-4.5,0.769
"16O(p, gamma)17F",16O,8,8,16,p,1716O,17,9,-1,-0.5,0.9412,2.727,0.0291,0.0141,1.1897,1.1206,8.7537e-04,0.6493,4.7778e+05,0.65,0.02,0.65,0.3445,0.65,0.3406,-0.7614,0.0529,12.85,-4.5,0.769
"16O(p, gamma)17F",16O,8,8,16,p,1716O,17,9,-1,-0.5,0.9412,2.727,0.0291,0.0141,1.219,1.107,9.5316e-04,0.6493,5.0772e+05,0.65,0.02,0.65,0.3445,0.65,0.3406,-0.7614,0.0529,12.85,-4.5,0.769
"16O(p, gamma)17F",16O,8,8,16,p,1716O,17,9,-1,-0.5,0.9412,2.727,0.0291,0.0141,1.2482,1.094,1.0344e-03,0.6493,5.3812e+05,0.65,0.02,0.65,0.3445,0.65,0.3406,-0.7614,0.0529,12.85,-4.5,0.769
"16O(p, gamma)17F",16O,8,8,16,p,1716O,17,9,-1,-0.5,0.9412,2.727,0.0291,0.0141,1.2775,1.0814,1.1198e-03,0.6493,5.6914e+05,0.65,0.02,0.65,0.3445,0.65,0.3406,-0.7614,0.0529,12.85,-4.5,0.769
"16O(p, gamma)17F",16O,8,8,16,p,1716O,17,9,-1,-0.5,0.9412,2.727,0.0291,0.0141,1.3067,1.0692,1.2086e-03,0.6493,6.0056e+05,0.65,0.02,0.65,0.3445,0.65,0.3406,-0.7614,0.0529,12.85,-4.5,0.769
"16O(p, gamma)17F",16O,8,8,16,p,1716O,17,9,-1,-0.5,0.9412,2.727,0.0291,0.0141,1.336,1.0575,1.3016e-03,0.6493,6.3253e+05,0.65,0.02,0.65,0.3445,0.65,0.3406,-0.7614,0.0529,12.85,-4.5,0.769
"16O(p, gamma)17F",16O,8,8,16,p,1716O,17,9,-1,-0.5,0.9412,2.727,0.0291,0.0141,1.3652,1.0461,1.3980e-03,0.6492,6.6483e+05,0.65,0.02,0.65,0.3445,0.65,0.3406,-0.7614,0.0529,12.85,-4.5,0.769
"16O(p, gamma)17F",16O,8,8,16,p,1716O,17,9,-1,-0.5,0.9412,2.727,0.0291,0.0141,1.3945,1.035,1.4985e-03,0.6492,6.9763e+05,0.65,0.02,0.65,0.3445,0.65,0.3406,-0.7614,0.0529,12.85,-4.5,0.769
"16O(p, gamma)17F",16O,8,8,16,p,1716O,17,9,-1,-0.5,0.9412,2.727,0.0291,0.0141,1.4237,1.0244,1.6023e-03,0.6492,7.3068e+05,0.65,0.02,0.65,0.3445,0.65,0.3406,-0.7614,0.0529,12.85,-4.5,0.769
"16O(p, gamma)17F",16O,8,8,16,p,1716O,17,9,-1,-0.5,0.9412,2.727,0.0291,0.0141,1.4529,1.014,1.7100e-03,0.6492,7.6406e+05,0.65,0.02,0.65,0.3445,0.65,0.3406,-0.7614,0.0529,12.85,-4.5,0.769
"16O(p, gamma)17F",16O,8,8,16,p,1716O,17,9,-1,-0.5,0.9412,2.727,0.0291,0.0141,1.4822,1.0039,1.8217e-03,0.6492,7.9787e+05,0.65,0.02,0.65,0.3445,0.65,0.3406,-0.7614,0.0529,12.85,-4.5,0.769
"16O(p, gamma)17F",16O,8,8,16,p,1716O,17,9,-1,-0.5,0.9412,2.727,0.0291,0.0141,1.5114,0.9942,1.9367e-03,0.6492,8.3184e+05,0.65,0.02,0.65,0.3445,0.65,0.3406,-0.7614,0.0529,12.85,-4.5,0.769
"16O(p, gamma)17F",16O,8,8,16,p,1716O,17,9,-1,-0.5,0.9412,2.727,0.0291,0.0141,1.5407,0.9847,2.0558e-03,0.6491,8.6619e+05,0.65,0.02,0.65,0.3445,0.65,0.3406,-0.7614,0.0529,12.85,-4.5,0.769
"16O(p, gamma)17F",16O,8,8,16,p,1716O,17,9,-1,-0.5,0.9412,2.727,0.0291,0.0141,1.5699,0.9755,2.1782e-03,0.6491,9.0065e+05,0.65,0.02,0.65,0.3445,0.65,0.3406,-0.7614,0.0529,12.85,-4.5,0.769
"16O(p, gamma)17F",16O,8,8,16,p,1716O,17,9,-1,-0.5,0.9412,2.727,0.0291,0.0141,1.5992,0.9665,2.3046e-03,0.6491,9.3543e+05,0.65,0.02,0.65,0.3445,0.65,0.3406,-0.7614,0.0529,12.85,-4.5,0.769
"16O(p, gamma)17F",16O,8,8,16,p,1716O,17,9,-1,-0.5,0.9412,2.727,0.0291,0.0141,1.6284,0.9578,2.4341e-03,0.6491,9.7028e+05,0.65,0.02,0.65,0.3445,0.65,0.3406,-0.7614,0.0529,12.85,-4.5,0.769
"16O(p, gamma)17F",16O,8,8,16,p,1716O,17,9,-1,-0.5,0.9412,2.727,0.0291,0.0141,1.6576,0.9493,2.5672e-03,0.6491,1.0053e+06,0.65,0.02,0.65,0.3445,0.65,0.3406,-0.7614,0.0529,12.85,-4.5,0.769
"16O(p, gamma)17F",16O,8,8,16,p,1716O,17,9,-1,-0.5,0.9412,2.727,0.0291,0.0141,1.6869,0.9411,2.7044e-03,0.6491,1.0406e+06,0.65,0.02,0.65,0.3445,0.65,0.3406,-0.7614,0.0529,12.85,-4.5,0.769
"16O(p, gamma)17F",16O,8,8,16,p,1716O,17,9,-1,-0.5,0.9412,2.727,0.0291,0.0141,1.7161,0.933,2.8445e-03,0.6491,1.0758e+06,0.65,0.02,0.65,0.3445,0.65,0.3406,-0.7614,0.0529,12.85,-4.5,0.769
"16O(p, gamma)17F",16O,8,8,16,p,1716O,17,9,-1,-0.5,0.9412,2.727,0.0291,0.0141,1.7454,0.9252,2.9886e-03,0.649,1.1113e+06,0.65,0.02,0.65,0.3445,0.65,0.3406,-0.7614,0.0529,12.85,-4.5,0.769
"16O(p, gamma)17F",16O,8,8,16,p,1716O,17,9,-1,-0.5,0.9412,2.727,0.0291,0.0141,1.7746,0.9175,3.1356e-03,0.649,1.1468e+06,0.65,0.02,0.65,0.3445,0.65,0.3406,-0.7614,0.0529,12.85,-4.5,0.769
"16O(p, gamma)17F",16O,8,8,16,p,1716O,17,9,-1,-0.5,0.9412,2.727,0.0291,0.0141,1.8039,0.91,3.2865e-03,0.649,1.1824e+06,0.65,0.02,0.65,0.3445,0.65,0.3406,-0.7614,0.0529,12.85,-4.5,0.769
"16O(p, gamma)17F",16O,8,8,16,p,1716O,17,9,-1,-0.5,0.9412,2.727,0.0291,0.0141,1.8331,0.9028,3.4403e-03,0.649,1.2180e+06,0.65,0.02,0.65,0.3445,0.65,0.3406,-0.7614,0.0529,12.85,-4.5,0.769
"16O(p, gamma)17F",16O,8,8,16,p,1716O,17,9,-1,-0.5,0.9412,2.727,0.0291,0.0141,1.8624,0.8956,3.5979e-03,0.649,1.2537e+06,0.65,0.02,0.65,0.3445,0.65,0.3406,-0.7614,0.0529,12.85,-4.5,0.769
"16O(p, gamma)17F",16O,8,8,16,p,1716O,17,9,-1,-0.5,0.9412,2.727,0.0291,0.0141,1.8916,0.8887,3.7583e-03,0.649,1.2894e+06,0.65,0.02,0.65,0.3445,0.65,0.3406,-0.7614,0.0529,12.85,-4.5,0.769
"16O(p, gamma)17F",16O,8,8,16,p,1716O,17,9,-1,-0.5,0.9412,2.727,0.0291,0.0141,1.9208,0.8819,3.9218e-03,0.6489,1.3250e+06,0.65,0.02,0.65,0.3445,0.65,0.3406,-0.7614,0.0529,12.85,-4.5,0.769
"16O(p, gamma)17F",16O,8,8,16,p,1716O,17,9,-1,-0.5,0.9412,2.727,0.0291,0.0141,1.9501,0.8753,4.0892e-03,0.6489,1.3607e+06,0.65,0.02,0.65,0.3445,0.65,0.3406,-0.7614,0.0529,12.85,-4.5,0.769
"16O(p, gamma)17F",16O,8,8,16,p,1716O,17,9,-1,-0.5,0.9412,2.727,0.0291,0.0141,1.9793,0.8688,4.2591e-03,0.6489,1.3963e+06,0.65,0.02,0.65,0.3445,0.65,0.3406,-0.7614,0.0529,12.85,-4.5,0.769
"16O(p, gamma)17F",16O,8,8,16,p,1716O,17,9,-1,-0.5,0.9412,2.727,0.0291,0.0141,2.0086,0.8624,4.4328e-03,0.6489,1.4320e+06,0.65,0.02,0.65,0.3445,0.65,0.3406,-0.7614,0.0529,12.85,-4.5,0.769
"16O(p, gamma)17F",16O,8,8,16,p,1716O,17,9,-1,-0.5,0.9412,2.727,0.0291,0.0141,2.0378,0.8562,4.6089e-03,0.6489,1.4676e+06,0.65,0.02,0.65,0.3445,0.65,0.3406,-0.7614,0.0529,12.85,-4.5,0.769
"16O(p, gamma)17F",16O,8,8,16,p,1716O,17,9,-1,-0.5,0.9412,2.727,0.0291,0.0141,2.0671,0.8501,4.7886e-03,0.6489,1.5031e+06,0.65,0.02,0.65,0.3445,0.65,0.3406,-0.7614,0.0529,12.85,-4.5,0.769
"16O(p, gamma)17F",16O,8,8,16,p,1716O,17,9,-1,-0.5,0.9412,2.727,0.0291,0.0141,2.0963,0.8442,4.9708e-03,0.6488,1.5386e+06,0.65,0.02,0.65,0.3445,0.65,0.3406,-0.7614,0.0529,12.85,-4.5,0.769
"16O(p, gamma)17F",16O,8,8,16,p,1716O,17,9,-1,-0.5,0.9412,2.727,0.0291,0.0141,2.1255,0.8384,5.1559e-03,0.6488,1.5739e+06,0.65,0.02,0.65,0.3445,0.65,0.3406,-0.7614,0.0529,12.85,-4.5,0.769
"16O(p, gamma)17F",16O,8,8,16,p,1716O,17,9,-1,-0.5,0.9412,2.727,0.0291,0.0141,2.1548,0.8326,5.3445e-03,0.6488,1.6092e+06,0.65,0.02,0.65,0.3445,0.65,0.3406,-0.7614,0.0529,12.85,-4.5,0.769
"16O(p, gamma)17F",16O,8,8,16,p,1716O,17,9,-1,-0.5,0.9412,2.727,0.0291,0.0141,2.184,0.8271,5.5354e-03,0.6488,1.6444e+06,0.65,0.02,0.65,0.3445,0.65,0.3406,-0.7614,0.0529,12.85,-4.5,0.769
"16O(p, gamma)17F",16O,8,8,16,p,1716O,17,9,-1,-0.5,0.9412,2.727,0.0291,0.0141,2.2133,0.8216,5.7298e-03,0.6488,1.6796e+06,0.65,0.02,0.65,0.3445,0.65,0.3406,-0.7614,0.0529,12.85,-4.5,0.769
"16O(p, gamma)17F",16O,8,8,16,p,1716O,17,9,-1,-0.5,0.9412,2.727,0.0291,0.0141,2.2425,0.8162,5.9263e-03,0.6488,1.7145e+06,0.65,0.02,0.65,0.3445,0.65,0.3406,-0.7614,0.0529,12.85,-4.5,0.769
"16O(p, gamma)17F",16O,8,8,16,p,1716O,17,9,-1,-0.5,0.9412,2.727,0.0291,0.0141,2.2718,0.8109,6.1262e-03,0.6487,1.7494e+06,0.65,0.02,0.65,0.3445,0.65,0.3406,-0.7614,0.0529,12.85,-4.5,0.769
"16O(p, gamma)17F",16O,8,8,16,p,1716O,17,9,-1,-0.5,0.9412,2.727,0.0291,0.0141,2.301,0.8058,6.3281e-03,0.6487,1.7841e+06,0.65,0.02,0.65,0.3445,0.65,0.3406,-0.7614,0.0529,12.85,-4.5,0.769
"16O(p, gamma)17F",16O,8,8,16,p,1716O,17,9,-1,-0.5,0.9412,2.727,0.0291,0.0141,2.3303,0.8007,6.5335e-03,0.6487,1.8188e+06,0.65,0.02,0.65,0.3445,0.65,0.3406,-0.7614,0.0529,12.85,-4.5,0.769
"16O(p, gamma)17F",16O,8,8,16,p,1716O,17,9,-1,-0.5,0.9412,2.727,0.0291,0.0141,2.3595,0.7957,6.7407e-03,0.6487,1.8532e+06,0.65,0.02,0.65,0.3445,0.65,0.3406,-0.7614,0.0529,12.85,-4.5,0.769
"16O(p, gamma)17F",16O,8,8,16,p,1716O,17,9,-1,-0.5,0.9412,2.727,0.0291,0.0141,2.3887,0.7908,6.9505e-03,0.6487,1.8875e+06,0.65,0.02,0.65,0.3445,0.65,0.3406,-0.7614,0.0529,12.85,-4.5,0.769
"16O(p, gamma)17F",16O,8,8,16,p,1716O,17,9,-1,-0.5,0.9412,2.727,0.0291,0.0141,2.418,0.786,7.1636e-03,0.6487,1.9217e+06,0.65,0.02,0.65,0.3445,0.65,0.3406,-0.7614,0.0529,12.85,-4.5,0.769
"16O(p, gamma)17F",16O,8,8,16,p,1716O,17,9,-1,-0.5,0.9412,2.727,0.0291,0.0141,2.4472,0.7813,7.3785e-03,0.6486,1.9557e+06,0.65,0.02,0.65,0.3445,0.65,0.3406,-0.7614,0.0529,12.85,-4.5,0.769
"16O(p, gamma)17F",16O,8,8,16,p,1716O,17,9,-1,-0.5,0.9412,2.727,0.0291,0.0141,2.4765,0.7767,7.5965e-03,0.6486,1.9897e+06,0.65,0.02,0.65,0.3445,0.65,0.3406,-0.7614,0.0529,12.85,-4.5,0.769
"16O(p, gamma)17F",16O,8,8,16,p,1716O,17,9,-1,-0.5,0.9412,2.727,0.0291,0.0141,2.5057,0.7721,7.8163e-03,0.6486,2.0233e+06,0.65,0.02,0.65,0.3445,0.65,0.3406,-0.7614,0.0529,12.85,-4.5,0.769
"16O(p, gamma)17F",16O,8,8,16,p,1716O,17,9,-1,-0.5,0.9412,2.727,0.0291,0.0141,2.535,0.7677,8.0392e-03,0.6486,2.0569e+06,0.65,0.02,0.65,0.3445,0.65,0.3406,-0.7614,0.0529,12.85,-4.5,0.769
"16O(p, gamma)17F",16O,8,8,16,p,1716O,17,9,-1,-0.5,0.9412,2.727,0.0291,0.0141,2.5642,0.7633,8.2637e-03,0.6486,2.0902e+06,0.65,0.02,0.65,0.3445,0.65,0.3406,-0.7614,0.0529,12.85,-4.5,0.769
"16O(p, gamma)17F",16O,8,8,16,p,1716O,17,9,-1,-0.5,0.9412,2.727,0.0291,0.0141,2.5934,0.759,8.4905e-03,0.6486,2.1233e+06,0.65,0.02,0.65,0.3445,0.65,0.3406,-0.7614,0.0529,12.85,-4.5,0.769
"16O(p, gamma)17F",16O,8,8,16,p,1716O,17,9,-1,-0.5,0.9412,2.727,0.0291,0.0141,2.6227,0.7547,8.7204e-03,0.6486,2.1564e+06,0.65,0.02,0.65,0.3445,0.65,0.3406,-0.7614,0.0529,12.85,-4.5,0.769
"16O(p, gamma)17F",16O,8,8,16,p,1716O,17,9,-1,-0.5,0.9412,2.727,0.0291,0.0141,2.6519,0.7506,8.9517e-03,0.6485,2.1892e+06,0.65,0.02,0.65,0.3445,0.65,0.3406,-0.7614,0.0529,12.85,-4.5,0.769
"16O(p, gamma)17F",16O,8,8,16,p,1716O,17,9,-1,-0.5,0.9412,2.727,0.0291,0.0141,2.6812,0.7464,9.1860e-03,0.6485,2.2219e+06,0.65,0.02,0.65,0.3445,0.65,0.3406,-0.7614,0.0529,12.85,-4.5,0.769
"16O(p, gamma)17F",16O,8,8,16,p,1716O,17,9,-1,-0.5,0.9412,2.727,0.0291,0.0141,2.7104,0.7424,9.4217e-03,0.6485,2.2543e+06,0.65,0.02,0.65,0.3445,0.65,0.3406,-0.7614,0.0529,12.85,-4.5,0.769
"16O(p, gamma)17F",16O,8,8,16,p,1716O,17,9,-1,-0.5,0.9412,2.727,0.0291,0.0141,2.7397,0.7384,9.6603e-03,0.6485,2.2866e+06,0.65,0.02,0.65,0.3445,0.65,0.3406,-0.7614,0.0529,12.85,-4.5,0.769
"16O(p, gamma)17F",16O,8,8,16,p,1716O,17,9,-1,-0.5,0.9412,2.727,0.0291,0.0141,2.7689,0.7345,9.9002e-03,0.6485,2.3186e+06,0.65,0.02,0.65,0.3445,0.65,0.3406,-0.7614,0.0529,12.85,-4.5,0.769
"16O(p, gamma)17F",16O,8,8,16,p,1716O,17,9,-1,-0.5,0.9412,2.727,0.0291,0.0141,2.7982,0.7307,1.0143e-02,0.6485,2.3505e+06,0.65,0.02,0.65,0.3445,0.65,0.3406,-0.7614,0.0529,12.85,-4.5,0.769
"16O(p, gamma)17F",16O,8,8,16,p,1716O,17,9,-1,-0.5,0.9412,2.727,0.0291,0.0141,2.8274,0.7269,1.0387e-02,0.6484,2.3821e+06,0.65,0.02,0.65,0.3445,0.65,0.3406,-0.7614,0.0529,12.85,-4.5,0.769
"16O(p, gamma)17F",16O,8,8,16,p,1716O,17,9,-1,-0.5,0.9412,2.727,0.0291,0.0141,2.8566,0.7232,1.0633e-02,0.6484,2.4136e+06,0.65,0.02,0.65,0.3445,0.65,0.3406,-0.7614,0.0529,12.85,-4.5,0.769
"16O(p, gamma)17F",16O,8,8,16,p,1716O,17,9,-1,-0.5,0.9412,2.727,0.0291,0.0141,2.8859,0.7195,1.0882e-02,0.6484,2.4449e+06,0.65,0.02,0.65,0.3445,0.65,0.3406,-0.7614,0.0529,12.85,-4.5,0.769
"16O(p, gamma)17F",16O,8,8,16,p,1716O,17,9,-1,-0.5,0.9412,2.727,0.0291,0.0141,2.9151,0.7159,1.1131e-02,0.6484,2.4759e+06,0.65,0.02,0.65,0.3445,0.65,0.3406,-0.7614,0.0529,12.85,-4.5,0.769
"16O(p, gamma)17F",16O,8,8,16,p,1716O,17,9,-1,-0.5,0.9412,2.727,0.0291,0.0141,2.9444,0.7123,1.1384e-02,0.6484,2.5068e+06,0.65,0.02,0.65,0.3445,0.65,0.3406,-0.7614,0.0529,12.85,-4.5,0.769
"16O(p, gamma)17F",16O,8,8,16,p,1716O,17,9,-1,-0.5,0.9412,2.727,0.0291,0.0141,2.9736,0.7088,1.1638e-02,0.6484,2.5374e+06,0.65,0.02,0.65,0.3445,0.65,0.3406,-0.7614,0.0529,12.85,-4.5,0.769
"16O(p, gamma)17F",16O,8,8,16,p,1716O,17,9,-1,-0.5,0.9412,2.727,0.0291,0.0141,3.0029,0.7053,1.1894e-02,0.6483,2.5679e+06,0.65,0.02,0.65,0.3445,0.65,0.3406,-0.7614,0.0529,12.85,-4.5,0.769
"16O(p, gamma)17F",16O,8,8,16,p,1716O,17,9,-1,-0.5,0.9412,2.727,0.0291,0.0141,3.0321,0.7019,1.2151e-02,0.6483,2.5981e+06,0.65,0.02,0.65,0.3445,0.65,0.3406,-0.7614,0.0529,12.85,-4.5,0.769
"16O(p, gamma)17F",16O,8,8,16,p,1716O,17,9,-1,-0.5,0.9412,2.727,0.0291,0.0141,3.0613,0.6986,1.2410e-02,0.6483,2.6281e+06,0.65,0.02,0.65,0.3445,0.65,0.3406,-0.7614,0.0529,12.85,-4.5,0.769
"16O(p, gamma)17F",16O,8,8,16,p,1716O,17,9,-1,-0.5,0.9412,2.727,0.0291,0.0141,3.0906,0.6953,1.2671e-02,0.6483,2.6580e+06,0.65,0.02,0.65,0.3445,0.65,0.3406,-0.7614,0.0529,12.85,-4.5,0.769
"16O(p, gamma)17F",16O,8,8,16,p,1716O,17,9,-1,-0.5,0.9412,2.727,0.0291,0.0141,3.1198,0.692,1.2934e-02,0.6483,2.6876e+06,0.65,0.02,0.65,0.3445,0.65,0.3406,-0.7614,0.0529,12.85,-4.5,0.769
"16O(p, gamma)17F",16O,8,8,16,p,1716O,17,9,-1,-0.5,0.9412,2.727,0.0291,0.0141,3.1491,0.6888,1.3199e-02,0.6483,2.7170e+06,0.65,0.02,0.65,0.3445,0.65,0.3406,-0.7614,0.0529,12.85,-4.5,0.769
"16O(p, gamma)17F",16O,8,8,16,p,1716O,17,9,-1,-0.5,0.9412,2.727,0.0291,0.0141,3.1783,0.6856,1.3464e-02,0.6482,2.7462e+06,0.65,0.02,0.65,0.3445,0.65,0.3406,-0.7614,0.0529,12.85,-4.5,0.769
"16O(p, gamma)17F",16O,8,8,16,p,1716O,17,9,-1,-0.5,0.9412,2.727,0.0291,0.0141,3.2076,0.6825,1.3732e-02,0.6482,2.7752e+06,0.65,0.02,0.65,0.3445,0.65,0.3406,-0.7614,0.0529,12.85,-4.5,0.769
"16O(p, gamma)17F",16O,8,8,16,p,1716O,17,9,-1,-0.5,0.9412,2.727,0.0291,0.0141,3.2368,0.6794,1.4001e-02,0.6482,2.8039e+06,0.65,0.02,0.65,0.3445,0.65,0.3406,-0.7614,0.0529,12.85,-4.5,0.769
"16O(p, gamma)17F",16O,8,8,16,p,1716O,17,9,-1,-0.5,0.9412,2.727,0.0291,0.0141,3.2661,0.6763,1.4272e-02,0.6482,2.8326e+06,0.65,0.02,0.65,0.3445,0.65,0.3406,-0.7614,0.0529,12.85,-4.5,0.769
"16O(p, gamma)17F",16O,8,8,16,p,1716O,17,9,-1,-0.5,0.9412,2.727,0.0291,0.0141,3.2953,0.6733,1.4544e-02,0.6482,2.8609e+06,0.65,0.02,0.65,0.3445,0.65,0.3406,-0.7614,0.0529,12.85,-4.5,0.769
"16O(p, gamma)17F",16O,8,8,16,p,1716O,17,9,-1,-0.5,0.9412,2.727,0.0291,0.0141,3.3245,0.6703,1.4818e-02,0.6482,2.8890e+06,0.65,0.02,0.65,0.3445,0.65,0.3406,-0.7614,0.0529,12.85,-4.5,0.769
"16O(p, gamma)17F",16O,8,8,16,p,1716O,17,9,-1,-0.5,0.9412,2.727,0.0291,0.0141,3.3538,0.6674,1.5093e-02,0.6482,2.9169e+06,0.65,0.02,0.65,0.3445,0.65,0.3406,-0.7614,0.0529,12.85,-4.5,0.769
"16O(p, gamma)17F",16O,8,8,16,p,1716O,17,9,-1,-0.5,0.9412,2.727,0.0291,0.0141,3.383,0.6645,1.5370e-02,0.6481,2.9446e+06,0.65,0.02,0.65,0.3445,0.65,0.3406,-0.7614,0.0529,12.85,-4.5,0.769
"16O(p, gamma)17F",16O,8,8,16,p,1716O,17,9,-1,-0.5,0.9412,2.727,0.0291,0.0141,3.4123,0.6617,1.5648e-02,0.6481,2.9722e+06,0.65,0.02,0.65,0.3445,0.65,0.3406,-0.7614,0.0529,12.85,-4.5,0.769
"16O(p, gamma)17F",16O,8,8,16,p,1716O,17,9,-1,-0.5,0.9412,2.727,0.0291,0.0141,3.4415,0.6589,1.5927e-02,0.6481,2.9994e+06,0.65,0.02,0.65,0.3445,0.65,0.3406,-0.7614,0.0529,12.85,-4.5,0.769
"16O(p, gamma)17F",16O,8,8,16,p,1716O,17,9,-1,-0.5,0.9412,2.727,0.0291,0.0141,3.4708,0.6561,1.6209e-02,0.6481,3.0266e+06,0.65,0.02,0.65,0.3445,0.65,0.3406,-0.7614,0.0529,12.85,-4.5,0.769
"16O(p, gamma)17F",16O,8,8,16,p,1716O,17,9,-1,-0.5,0.9412,2.727,0.0291,0.0141,3.5,0.6533,1.6490e-02,0.6481,3.0534e+06,0.65,0.02,0.65,0.3445,0.65,0.3406,-0.7614,0.0529,12.85,-4.5,0.769
"20Ne(p, gamma)21Na",20Ne,10,10,20,p,2120Ne,21,11,-1,-0.5,0.9524,3.231,0.0339,0.0152,0.02,10.8675,2.2146e-30,0.45,4.9827e-20,0.45,0.02,0.45,0.2606,0.45,0.2599,-0.6965,0.0524,14.65,-4.5,0.783
"20Ne(p, gamma)21Na",20Ne,10,10,20,p,2120Ne,21,11,-1,-0.5,0.9524,3.231,0.0339,0.0152,0.0492,6.9289,1.2384e-19,0.45,1.1326e-09,0.45,0.02,0.45,0.2606,0.45,0.2599,-0.6965,0.0524,14.65,-4.5,0.783
"20Ne(p, gamma)21Na",20Ne,10,10,20,p,2120Ne,21,11,-1,-0.5,0.9524,3.231,0.0339,0.0152,0.0785,5.4854,1.0756e-15,0.45,6.1655e-06,0.45,0.02,0.45,0.2606,0.45,0.2599,-0.6965,0.0524,14.65,-4.5,0.783
"20Ne(p, gamma)21Na",20Ne,10,10,20,p,2120Ne,21,11,-1,-0.5,0.9524,3.231,0.0339,0.0152,0.1077,4.6831,1.6630e-13,0.45,6.9478e-04,0.45,0.02,0.45,0.2606,0.45,0.2599,-0.6965,0.0524,14.65,-4.5,0.783
"20Ne(p, gamma)21Na",20Ne,10,10,20,p,2120Ne,21,11,-1,-0.5,0.9524,3.231,0.0339,0.0152,0.137,4.1523,4.6721e-12,0.45,1.5345e-02,0.45,0.02,0.45,0.2606,0.45,0.2599,-0.6965,0.0524,14.65,-4.5,0.783
"20Ne(p, gamma)21Na",20Ne,10,10,20,p,2120Ne,21,11,-1,-0.5,0.9524,3.231,0.0339,0.0152,0.1662,3.7699,5.1629e-11,0.4499,1.3977e-01,0.45,0.02,0.45,0.2606,0.45,0.2599,-0.6965,0.0524,14.65,-4.5,0.783
"20Ne(p, gamma)21Na",20Ne,10,10,20,p,2120Ne,21,11,-1,-0.5,0.9524,3.231,0.0339,0.0152,0.1955,3.4759,3.2737e-10,0.4499,7.5344e-01,0.45,0.02,0.45,0.2606,0.45,0.2599,-0.6965,0.0524,14.65,-4.5,0.783
"20Ne(p, gamma)21Na",20Ne,10,10,20,p,2120Ne,21,11,-1,-0.5,0.9524,3.231,0.0339,0.0152,0.2247,3.2422,1.4216e-09,0.4499,2.8465e+00,0.45,0.02,0.45,0.2606,0.45,0.2599,-0.6965,0.0524,14.65,-4.5,0.783
"20Ne(p, gamma)21Na",20Ne,10,10,20,p,2120Ne,21,11,-1,-0.5,0.9524,3.231,0.0339,0.0152,0.2539,3.0501,4.7539e-09,0.4499,8.4240e+00,0.45,0.02,0.45,0.2606,0.45,0.2599,-0.6965,0.0524,14.65,-4.5,0.783
"20Ne(p, gamma)21Na",20Ne,10,10,20,p,2120Ne,21,11,-1,-0.5,0.9524,3.231,0.0339,0.0152,0.2832,2.888,1.3163e-08,0.4499,2.0911e+01,0.45,0.02,0.45,0.2606,0.45,0.2599,-0.6965,0.0524,14.65,-4.5,0.783
"20Ne(p, gamma)21Na",20Ne,10,10,20,p,2120Ne,21,11,-1,-0.5,0.9524,3.231,0.0339,0.0152,0.3124,2.7497,3.1382e-08,0.4499,4.5195e+01,0.45,0.02,0.45,0.2606,0.45,0.2599,-0.6965,0.0524,14.65,-4.5,0.783
"20Ne(p, gamma)21Na",20Ne,10,10,20,p,2120Ne,21,11,-1,-0.5,0.9524,3.231,0.0339,0.0152,0.3417,2.6292,6.6925e-08,0.4499,8.8115e+01,0.45,0.02,0.45,0.2606,0.45,0.2599,-0.6965,0.0524,14.65,-4.5,0.783
"20Ne(p, gamma)21Na",20Ne,10,10,20,p,2120Ne,21,11,-1,-0.5,0.9524,3.231,0.0339,0.0152,0.3709,2.5236,1.2995e-07,0.4499,1.5763e+02,0.45,0.02,0.45,0.2606,0.45,0.2599,-0.6965,0.0524,14.65,-4.5,0.783
"20Ne(p, gamma)21Na",20Ne,10,10,20,p,2120Ne,21,11,-1,-0.5,0.9524,3.231,0.0339,0.0152,0.4002,2.4294,2.3478e-07,0.4499,2.6392e+02,0.45,0.02,0.45,0.2606,0.45,0.2599,-0.6965,0.0524,14.65,-4.5,0.783
"20Ne(p, gamma)21Na",20Ne,10,10,20,p,2120Ne,21,11,-1,-0.5,0.9524,3.231,0.0339,0.0152,0.4294,2.3454,3.9814e-07,0.4499,4.1711e+02,0.45,0.02,0.45,0.2606,0.45,0.2599,-0.6965,0.0524,14.65,-4.5,0.783
"20Ne(p, gamma)21Na",20Ne,10,10,20,p,2120Ne,21,11,-1,-0.5,0.9524,3.231,0.0339,0.0152,0.4587,2.2692,6.4240e-07,0.4499,6.3001e+02,0.45,0.02,0.45,0.2606,0.45,0.2599,-0.6965,0.0524,14.65,-4.5,0.783
"20Ne(p, gamma)21Na",20Ne,10,10,20,p,2120Ne,21,11,-1,-0.5,0.9524,3.231,0.0339,0.0152,0.4879,2.2003,9.9075e-07,0.4498,9.1347e+02,0.45,0.02,0.45,0.2606,0.45,0.2599,-0.6965,0.0524,14.65,-4.5,0.783
"20Ne(p, gamma)21Na",20Ne,10,10,20,p,2120Ne,21,11,-1,-0.5,0.9524,3.231,0.0339,0.0152,0.5171,2.1373,1.4721e-06,0.4498,1.2806e+03,0.45,0.02,0.45,0.2606,0.45,0.2599,-0.6965,0.0524,14.65,-4.5,0.783
"20Ne(p, gamma)21Na",20Ne,10,10,20,p,2120Ne,21,11,-1,-0.5,0.9524,3.231,0.0339,0.0152,0.5464,2.0792,2.1207e-06,0.4498,1.7458e+03,0.45,0.02,0.45,0.2606,0.45,0.2599,-0.6965,0.0524,14.65,-4.5,0.783
"20Ne(p, gamma)21Na",20Ne,10,10,20,p,2120Ne,21,11,-1,-0.5,0.9524,3.231,0.0339,0.0152,0.5756,2.0257,2.9665e-06,0.4498,2.3183e+03,0.45,0.02,0.45,0.2606,0.45,0.2599,-0.6965,0.0524,14.65,-4.5,0.783
"20Ne(p, gamma)21Na",20Ne,10,10,20,p,2120Ne,21,11,-1,-0.5,0.9524,3.231,0.0339,0.0152,0.6049,1.9761,4.0531e-06,0.4498,3.0139e+03,0.45,0.02,0.45,0.2606,0.45,0.2599,-0.6965,0.0524,14.65,-4.5,0.783
"20Ne(p, gamma)21Na",20Ne,10,10,20,p,2120Ne,21,11,-1,-0.5,0.9524,3.231,0.0339,0.0152,0.6341,1.93,5.4126e-06,0.4498,3.8394e+03,0.45,0.02,0.45,0.2606,0.45,0.2599,-0.6965,0.0524,14.65,-4.5,0.783
"20Ne(p, gamma)21Na",20Ne,10,10,20,p,2120Ne,21,11,-1,-0.5,0.9524,3.231,0.0339,0.0152,0.6634,1.8869,7.0961e-06,0.4498,4.8112e+03,0.45,0.02,0.45,0.2606,0.45,0.2599,-0.6965,0.0524,14.65,-4.5,0.783
"20Ne(p, gamma)21Na",20Ne,10,10,20,p,2120Ne,21,11,-1,-0.5,0.9524,3.231,0.0339,0.0152,0.6926,1.8467,9.1355e-06,0.4498,5.9326e+03,0.45,0.02,0.45,0.2606,0.45,0.2599,-0.6965,0.0524,14.65,-4.5,0.783
"20Ne(p, gamma)21Na",20Ne,10,10,20,p,2120Ne,21,11,-1,-0.5,0.9524,3.231,0.0339,0.0152,0.7218,1.809,1.1580e-05,0.4498,7.2158e+03,0.45,0.02,0.45,0.2606,0.45,0.2599,-0.6965,0.0524,14.65,-4.5,0.783
"20Ne(p, gamma)21Na",20Ne,10,10,20,p,2120Ne,21,11,-1,-0.5,0.9524,3.231,0.0339,0.0152,0.7511,1.7734,1.4486e-05,0.4498,8.6743e+03,0.45,0.02,0.45,0.2606,0.45,0.2599,-0.6965,0.0524,14.65,-4.5,0.783
"20Ne(p, gamma)21Na",20Ne,10,10,20,p,2120Ne,21,11,-1,-0.5,0.9524,3.231,0.0339,0.0152,0.7803,1.7399,1.7880e-05,0.4497,1.0305e+04,0.45,0.02,0.45,0.2606,0.45,0.2599,-0.6965,0.0524,14.65,-4.5,0.783
"20Ne(p, gamma)21Na",20Ne,10,10,20,p,2120Ne,21,11,-1,-0.5,0.9524,3.231,0.0339,0.0152,0.8096,1.7081,2.1830e-05,0.4497,1.2127e+04,0.45,0.02,0.45,0.2606,0.45,0.2599,-0.6965,0.0524,14.65,-4.5,0.783
"20Ne(p, gamma)21Na",20Ne,10,10,20,p,2120Ne,21,11,-1,-0.5,0.9524,3.231,0.0339,0.0152,0.8388,1.6781,2.6358e-05,0.4497,1.4132e+04,0.45,0.02,0.45,0.2606,0.45,0.2599,-0.6965,0.0524,14.65,-4.5,0.783
"20Ne(p, gamma)21Na",20Ne,10,10,20,p,2120Ne,21,11,-1,-0.5,0.9524,3.231,0.0339,0.0152,0.8681,1.6495,3.1539e-05,0.4497,1.6339e+04,0.45,0.02,0.45,0.2606,0.45,0.2599,-0.6965,0.0524,14.65,-4.5,0.783
"20Ne(p, gamma)21Na",20Ne,10,10,20,p,2120Ne,21,11,-1,-0.5,0.9524,3.231,0.0339,0.0152,0.8973,1.6225,3.7384e-05,0.4497,1.8736e+04,0.45,0.02,0.45,0.2606,0.45,0.2599,-0.6965,0.0524,14.65,-4.5,0.783
"20Ne(p, gamma)21Na",20Ne,10,10,20,p,2120Ne,21,11,-1,-0.5,0.9524,3.231,0.0339,0.0152,0.9266,1.5966,4.3980e-05,0.4497,2.1344e+04,0.45,0.02,0.45,0.2606,0.45,0.2599,-0.6965,0.0524,14.65,-4.5,0.783
"20Ne(p, gamma)21Na",20Ne,10,10,20,p,2120Ne,21,11,-1,-0.5,0.9524,3.231,0.0339,0.0152,0.9558,1.572,5.1324e-05,0.4497,2.4147e+04,0.45,0.02,0.45,0.2606,0.45,0.2599,-0.6965,0.0524,14.65,-4.5,0.783
"20Ne(p, gamma)21Na",20Ne,10,10,20,p,2120Ne,21,11,-1,-0.5,0.9524,3.231,0.0339,0.0152,0.985,1.5486,5.9481e-05,0.4497,2.7155e+04,0.45,0.02,0.45,0.2606,0.45,0.2599,-0.6965,0.0524,14.65,-4.5,0.783
"20Ne(p, gamma)21Na",20Ne,10,10,20,p,2120Ne,21,11,-1,-0.5,0.9524,3.231,0.0339,0.0152,1.0143,1.526,6.8526e-05,0.4497,3.0380e+04,0.45,0.02,0.45,0.2606,0.45,0.2599,-0.6965,0.0524,14.65,-4.5,0.783
"20Ne(p, gamma)21Na",20Ne,10,10,20,p,2120Ne,21,11,-1,-0.5,0.9524,3.231,0.0339,0.0152,1.0435,1.5045,7.8439e-05,0.4497,3.3801e+04,0.45,0.02,0.45,0.2606,0.45,0.2599,-0.6965,0.0524,14.65,-4.5,0.783
"20Ne(p, gamma)21Na",20Ne,10,10,20,p,2120Ne,21,11,-1,-0.5,0.9524,3.231,0.0339,0.0152,1.0728,1.4838,8.9328e-05,0.4497,3.7441e+04,0.45,0.02,0.45,0.2606,0.45,0.2599,-0.6965,0.0524,14.65,-4.5,0.783
"20Ne(p, gamma)21Na",20Ne,10,10,20,p,2120Ne,21,11,-1,-0.5,0.9524,3.231,0.0339,0.0152,1.102,1.464,1.0116e-04,0.4496,4.1274e+04,0.45,0.02,0.45,0.2606,0.45,0.2599,-0.6965,0.0524,14.65,-4.5,0.783
"20Ne(p, gamma)21Na",20Ne,10,10,20,p,2120Ne,21,11,-1,-0.5,0.9524,3.231,0.0339,0.0152,1.1313,1.445,1.1404e-04,0.4496,4.5326e+04,0.45,0.02,0.45,0.2606,0.45,0.2599,-0.6965,0.0524,14.65,-4.5,0.783
"20Ne(p, gamma)21Na",20Ne,10,10,20,p,2120Ne,21,11,-1,-0.5,0.9524,3.231,0.0339,0.0152,1.1605,1.4267,1.2793e-04,0.4496,4.9567e+04,0.45,0.02,0.45,0.2606,0.45,0.2599,-0.6965,0.0524,14.65,-4.5,0.783
"20Ne(p, gamma)21Na",20Ne,10,10,20,p,2120Ne,21,11,-1,-0.5,0.9524,3.231,0.0339,0.0152,1.1897,1.409,1.4291e-04,0.4496,5.4008e+04,0.45,0.02,0.45,0.2606,0.45,0.2599,-0.6965,0.0524,14.65,-4.5,0.783
"20Ne(p, gamma)21Na",20Ne,10,10,20,p,2120Ne,21,11,-1,-0.5,0.9524,3.231,0.0339,0.0152,1.219,1.392,1.5905e-04,0.4496,5.8664e+04,0.45,0.02,0.45,0.2606,0.45,0.2599,-0.6965,0.0524,14.65,-4.5,0.783
"20Ne(p, gamma)21Na",20Ne,10,10,20,p,2120Ne,21,11,-1,-0.5,0.9524,3.231,0.0339,0.0152,1.2482,1.3756,1.7629e-04,0.4496,6.3500e+04,0.45,0.02,0.45,0.2606,0.45,0.2599,-0.6965,0.0524,14.65,-4.5,0.783
"20Ne(p, gamma)21Na",20Ne,10,10,20,p,2120Ne,21,11,-1,-0.5,0.9524,3.231,0.0339,0.0152,1.2775,1.3598,1.9478e-04,0.4496,6.8547e+04,0.45,0.02,0.45,0.2606,0.45,0.2599,-0.6965,0.0524,14.65,-4.5,0.783
"20Ne(p, gamma)21Na",20Ne,10,10,20,p,2120Ne,21,11,-1,-0.5,0.9524,3.231,0.0339,0.0152,1.3067,1.3445,2.1440e-04,0.4496,7.3766e+04,0.45,0.02,0.45,0.2606,0.45,0.2599,-0.6965,0.0524,14.65,-4.5,0.783
"20Ne(p, gamma)21Na",20Ne,10,10,20,p,2120Ne,21,11,-1,-0.5,0.9524,3.231,0.0339,0.0152,1.336,1.3297,2.3533e-04,0.4496,7.9190e+04,0.45,0.02,0.45,0.2606,0.45,0.2599,-0.6965,0.0524,14.65,-4.5,0.783
"20Ne(p, gamma)21Na",20Ne,10,10,20,p,2120Ne,21,11,-1,-0.5,0.9524,3.231,0.0339,0.0152,1.3652,1.3154,2.5745e-04,0.4496,8.4778e+04,0.45,0.02,0.45,0.2606,0.45,0.2599,-0.6965,0.0524,14.65,-4.5,0.783
"20Ne(p, gamma)21Na",20Ne,10,10,20,p,2120Ne,21,11,-1,-0.5,0.9524,3.231,0.0339,0.0152,1.3945,1.3015,2.8093e-04,0.4495,9.0565e+04,0.45,0.02,0.45,0.2606,0.45,0.2599,-0.6965,0.0524,14.65,-4.5,0.783
"20Ne(p, gamma)21Na",20Ne,10,10,20,p,2120Ne,21,11,-1,-0.5,0.9524,3.231,0.0339,0.0152,1.4237,1.2881,3.0564e-04,0.4495,9.6507e+04,0.45,0.02,0.45,0.2606,0.45,0.2599,-0.6965,0.0524,14.65,-4.5,0.783
"20Ne(p, gamma)21Na",20Ne,10,10,20,p,2120Ne,21,11,-1,-0.5,0.9524,3.231,0.0339,0.0152,1.4529,1.275,3.3167e-04,0.4495,1.0262e+05,0.45,0.02,0.45,0.2606,0.45,0.2599,-0.6965,0.0524,14.65,-4.5,0.783
"20Ne(p, gamma)21Na",20Ne,10,10,20,p,2120Ne,21,11,-1,-0.5,0.9524,3.231,0.0339,0.0152,1.4822,1.2624,3.5914e-04,0.4495,1.0892e+05,0.45,0.02,0.45,0.2606,0.45,0.2599,-0.6965,0.0524,14.65,-4.5,0.783
"20Ne(p, gamma)21Na",20Ne,10,10,20,p,2120Ne,21,11,-1,-0.5,0.9524,3.231,0.0339,0.0152,1.5114,1.2501,3.8789e-04,0.4495,1.1536e+05,0.45,0.02,0.45,0.2606,0.45,0.2599,-0.6965,0.0524,14.65,-4.5,0.783
"20Ne(p, gamma)21Na",20Ne,10,10,20,p,2120Ne,21,11,-1,-0.5,0.9524,3.231,0.0339,0.0152,1.5407,1.2382,4.1812e-04,0.4495,1.2199e+05,0.45,0.02,0.45,0.2606,0.45,0.2599,-0.6965,0.0524,14.65,-4.5,0.783
"20Ne(p, gamma)21Na",20Ne,10,10,20,p,2120Ne,21,11,-1,-0.5,0.9524,3.231,0.0339,0.0152,1.5699,1.2266,4.4964e-04,0.4495,1.2874e+05,0.45,0.02,0.45,0.2606,0.45,0.2599,-0.6965,0.0524,14.65,-4.5,0.783
"20Ne(p, gamma)21Na",20Ne,10,10,20,p,2120Ne,21,11,-1,-0.5,0.9524,3.231,0.0339,0.0152,1.5992,1.2153,4.8270e-04,0.4495,1.3567e+05,0.45,0.02,0.45,0.2606,0.45,0.2599,-0.6965,0.0524,14.65,-4.5,0.783
"20Ne(p, gamma)21Na",20Ne,10,10,20,p,2120Ne,21,11,-1,-0.5,0.9524,3.231,0.0339,0.0152,1.6284,1.2044,5.1706e-04,0.4495,1.4272e+05,0.45,0.02,0.45,0.2606,0.45,0.2599,-0.6965,0.0524,14.65,-4.5,0.783
"20Ne(p, gamma)21Na",20Ne,10,10,20,p,2120Ne,21,11,-1,-0.5,0.9524,3.231,0.0339,0.0152,1.6576,1.1937,5.5286e-04,0.4495,1.4991e+05,0.45,0.02,0.45,0.2606,0.45,0.2599,-0.6965,0.0524,14.65,-4.5,0.783
"20Ne(p, gamma)21Na",20Ne,10,10,20,p,2120Ne,21,11,-1,-0.5,0.9524,3.231,0.0339,0.0152,1.6869,1.1833,5.9024e-04,0.4495,1.5726e+05,0.45,0.02,0.45,0.2606,0.45,0.2599,-0.6965,0.0524,14.65,-4.5,0.783
"20Ne(p, gamma)21Na",20Ne,10,10,20,p,2120Ne,21,11,-1,-0.5,0.9524,3.231,0.0339,0.0152,1.7161,1.1732,6.2895e-04,0.4494,1.6472e+05,0.45,0.02,0.45,0.2606,0.45,0.2599,-0.6965,0.0524,14.65,-4.5,0.783
"20Ne(p, gamma)21Na",20Ne,10,10,20,p,2120Ne,21,11,-1,-0.5,0.9524,3.231,0.0339,0.0152,1.7454,1.1633,6.6927e-04,0.4494,1.7234e+05,0.45,0.02,0.45,0.2606,0.45,0.2599,-0.6965,0.0524,14.65,-4.5,0.783
"20Ne(p, gamma)21Na",20Ne,10,10,20,p,2120Ne,21,11,-1,-0.5,0.9524,3.231,0.0339,0.0152,1.7746,1.1537,7.1093e-04,0.4494,1.8005e+05,0.45,0.02,0.45,0.2606,0.45,0.2599,-0.6965,0.0524,14.65,-4.5,0.783
"20Ne(p, gamma)21Na",20Ne,10,10,20,p,2120Ne,21,11,-1,-0.5,0.9524,3.231,0.0339,0.0152,1.8039,1.1443,7.5422e-04,0.4494,1.8790e+05,0.45,0.02,0.45,0.2606,0.45,0.2599,-0.6965,0.0524,14.65,-4.5,0.783
"20Ne(p, gamma)21Na",20Ne,10,10,20,p,2120Ne,21,11,-1,-0.5,0.9524,3.231,0.0339,0.0152,1.8331,1.1351,7.9886e-04,0.4494,1.9585e+05,0.45,0.02,0.45,0.2606,0.45,0.2599,-0.6965,0.0524,14.65,-4.5,0.783
"20Ne(p, gamma)21Na",20Ne,10,10,20,p,2120Ne,21,11,-1,-0.5,0.9524,3.231,0.0339,0.0152,1.8624,1.1262,8.4515e-04,0.4494,2.0393e+05,0.45,0.02,0.45,0.2606,0.45,0.2599,-0.6965,0.0524,14.65,-4.5,0.783
"20Ne(p, gamma)21Na",20Ne,10,10,20,p,2120Ne,21,11,-1,-0.5,0.9524,3.231,0.0339,0.0152,1.8916,1.1175,8.9278e-04,0.4494,2.1210e+05,0.45,0.02,0.45,0.2606,0.45,0.2599,-0.6965,0.0524,14.65,-4.5,0.783
"20Ne(p, gamma)21Na",20Ne,10,10,20,p,2120Ne,21,11,-1,-0.5,0.9524,3.231,0.0339,0.0152,1.9208,1.1089,9.4191e-04,0.4494,2.2036e+05,0.45,0.02,0.45,0.2606,0.45,0.2599,-0.6965,0.0524,14.65,-4.5,0.783
"20Ne(p, gamma)21Na",20Ne,10,10,20,p,2120Ne,21,11,-1,-0.5,0.9524,3.231,0.0339,0.0152,1.9501,1.1006,9.9272e-04,0.4494,2.2876e+05,0.45,0.02,0.45,0.2606,0.45,0.2599,-0.6965,0.0524,14.65,-4.5,0.783
"20Ne(p, gamma)21Na",20Ne,10,10,20,p,2120Ne,21,11,-1,-0.5,0.9524,3.231,0.0339,0.0152,1.9793,1.0924,1.0449e-03,0.4494,2.3722e+05,0.45,0.02,0.45,0.2606,0.45,0.2599,-0.6965,0.0524,14.65,-4.5,0.783
"20Ne(p, gamma)21Na",20Ne,10,10,20,p,2120Ne,21,11,-1,-0.5,0.9524,3.231,0.0339,0.0152,2.0086,1.0844,1.0987e-03,0.4493,2.4580e+05,0.45,0.02,0.45,0.2606,0.45,0.2599,-0.6965,0.0524,14.65,-4.5,0.783
"20Ne(p, gamma)21Na",20Ne,10,10,20,p,2120Ne,21,11,-1,-0.5,0.9524,3.231,0.0339,0.0152,2.0378,1.0766,1.1539e-03,0.4493,2.5443e+05,0.45,0.02,0.45,0.2606,0.45,0.2599,-0.6965,0.0524,14.65,-4.5,0.783
"20Ne(p, gamma)21Na",20Ne,10,10,20,p,2120Ne,21,11,-1,-0.5,0.9524,3.231,0.0339,0.0152,2.0671,1.069,1.2108e-03,0.4493,2.6319e+05,0.45,0.02,0.45,0.2606,0.45,0.2599,-0.6965,0.0524,14.65,-4.5,0.783
"20Ne(p, gamma)21Na",20Ne,10,10,20,p,2120Ne,21,11,-1,-0.5,0.9524,3.231,0.0339,0.0152,2.0963,1.0615,1.2689e-03,0.4493,2.7199e+05,0.45,0.02,0.45,0.2606,0.45,0.2599,-0.6965,0.0524,14.65,-4.5,0.783
"20Ne(p, gamma)21Na",20Ne,10,10,20,p,2120Ne,21,11,-1,-0.5,0.9524,3.231,0.0339,0.0152,2.1255,1.0542,1.3286e-03,0.4493,2.8086e+05,0.45,0.02,0.45,0.2606,0.45,0.2599,-0.6965,0.0524,14.65,-4.5,0.783
"20Ne(p, gamma)21Na",20Ne,10,10,20,p,2120Ne,21,11,-1,-0.5,0.9524,3.231,0.0339,0.0152,2.1548,1.047,1.3901e-03,0.4493,2.8984e+05,0.45,0.02,0.45,0.2606,0.45,0.2599,-0.6965,0.0524,14.65,-4.5,0.783
"20Ne(p, gamma)21Na",20Ne,10,10,20,p,2120Ne,21,11,-1,-0.5,0.9524,3.231,0.0339,0.0152,2.184,1.04,1.4528e-03,0.4493,2.9886e+05,0.45,0.02,0.45,0.2606,0.45,0.2599,-0.6965,0.0524,14.65,-4.5,0.783
"20Ne(p, gamma)21Na",20Ne,10,10,20,p,2120Ne,21,11,-1,-0.5,0.9524,3.231,0.0339,0.0152,2.2133,1.0331,1.5172e-03,0.4493,3.0798e+05,0.45,0.02,0.45,0.2606,0.45,0.2599,-0.6965,0.0524,14.65,-4.5,0.783
"20Ne(p, gamma)21Na",20Ne,10,10,20,p,2120Ne,21,11,-1,-0.5,0.9524,3.231,0.0339,0.0152,2.2425,1.0263,1.5829e-03,0.4493,3.1713e+05,0.45,0.02,0.45,0.2606,0.45,0.2599,-0.6965,0.0524,14.65,-4.5,0.783
"20Ne(p, gamma)21Na",20Ne,10,10,20,p,2120Ne,21,11,-1,-0.5,0.9524,3.231,0.0339,0.0152,2.2718,1.0197,1.6503e-03,0.4493,3.2637e+05,0.45,0.02,0.45,0.2606,0.45,0.2599,-0.6965,0.0524,14.65,-4.5,0.783
"20Ne(p, gamma)21Na",20Ne,10,10,20,p,2120Ne,21,11,-1,-0.5,0.9524,3.231,0.0339,0.0152,2.301,1.0132,1.7190e-03,0.4493,3.3563e+05,0.45,0.02,0.45,0.2606,0.45,0.2599,-0.6965,0.0524,14.65,-4.5,0.783
"20Ne(p, gamma)21Na",20Ne,10,10,20,p,2120Ne,21,11,-1,-0.5,0.9524,3.231,0.0339,0.0152,2.3303,1.0068,1.7895e-03,0.4492,3.4498e+05,0.45,0.02,0.45,0.2606,0.45,0.2599,-0.6965,0.0524,14.65,-4.5,0.783
"20Ne(p, gamma)21Na",20Ne,10,10,20,p,2120Ne,21,11,-1,-0.5,0.9524,3.231,0.0339,0.0152,2.3595,1.0005,1.8611e-03,0.4492,3.5435e+05,0.45,0.02,0.45,0.2606,0.45,0.2599,-0.6965,0.0524,14.65,-4.5,0.783
"20Ne(p, gamma)21Na",20Ne,10,10,20,p,2120Ne,21,11,-1,-0.5,0.9524,3.231,0.0339,0.0152,2.3887,0.9944,1.9342e-03,0.4492,3.6376e+05,0.45,0.02,0.45,0.2606,0.45,0.2599,-0.6965,0.0524,14.65,-4.5,0.783
"20Ne(p, gamma)21Na",20Ne,10,10,20,p,2120Ne,21,11,-1,-0.5,0.9524,3.231,0.0339,0.0152,2.418,0.9884,2.0091e-03,0.4492,3.7325e+05,0.45,0.02,0.45,0.2606,0.45,0.2599,-0.6965,0.0524,14.65,-4.5,0.783
"20Ne(p, gamma)21Na",20Ne,10,10,20,p,2120Ne,21,11,-1,-0.5,0.9524,3.231,0.0339,0.0152,2.4472,0.9824,2.0852e-03,0.4492,3.8275e+05,0.45,0.02,0.45,0.2606,0.45,0.2599,-0.6965,0.0524,14.65,-4.5,0.783
"20Ne(p, gamma)21Na",20Ne,10,10,20,p,2120Ne,21,11,-1,-0.5,0.9524,3.231,0.0339,0.0152,2.4765,0.9766,2.1630e-03,0.4492,3.9233e+05,0.45,0.02,0.45,0.2606,0.45,0.2599,-0.6965,0.0524,14.65,-4.5,0.783
"20Ne(p, gamma)21Na",20Ne,10,10,20,p,2120Ne,21,11,-1,-0.5,0.9524,3.231,0.0339,0.0152,2.5057,0.9709,2.2419e-03,0.4492,4.0190e+05,0.45,0.02,0.45,0.2606,0.45,0.2599,-0.6965,0.0524,14.65,-4.5,0.783
"20Ne(p, gamma)21Na",20Ne,10,10,20,p,2120Ne,21,11,-1,-0.5,0.9524,3.231,0.0339,0.0152,2.535,0.9653,2.3226e-03,0.4492,4.1155e+05,0.45,0.02,0.45,0.2606,0.45,0.2599,-0.6965,0.0524,14.65,-4.5,0.783
"20Ne(p, gamma)21Na",20Ne,10,10,20,p,2120Ne,21,11,-1,-0.5,0.9524,3.231,0.0339,0.0152,2.5642,0.9598,2.4045e-03,0.4492,4.2119e+05,0.45,0.02,0.45,0.2606,0.45,0.2599,-0.6965,0.0524,14.65,-4.5,0.783
"20Ne(p, gamma)21Na",20Ne,10,10,20,p,2120Ne,21,11,-1,-0.5,0.9524,3.231,0.0339,0.0152,2.5934,0.9544,2.4877e-03,0.4492,4.3086e+05,0.45,0.02,0.45,0.2606,0.45,0.2599,-0.6965,0.0524,14.65,-4.5,0.783
"20Ne(p, gamma)21Na",20Ne,10,10,20,p,2120Ne,21,11,-1,-0.5,0.9524,3.231,0.0339,0.0152,2.6227,0.949,2.5727e-03,0.4492,4.4059e+05,0.45,0.02,0.45,0.2606,0.45,0.2599,-0.6965,0.0524,14.65,-4.5,0.783
"20Ne(p, gamma)21Na",20Ne,10,10,20,p,2120Ne,21,11,-1,-0.5,0.9524,3.231,0.0339,0.0152,2.6519,0.9438,2.6588e-03,0.4491,4.5031e+05,0.45,0.02,0.45,0.2606,0.45,0.2599,-0.6965,0.0524,14.65,-4.5,0.783
"20Ne(p, gamma)21Na",20Ne,10,10,20,p,2120Ne,21,11,-1,-0.5,0.9524,3.231,0.0339,0.0152,2.6812,0.9386,2.7466e-03,0.4491,4.6009e+05,0.45,0.02,0.45,0.2606,0.45,0.2599,-0.6965,0.0524,14.65,-4.5,0.783
"20Ne(p, gamma)21Na",20Ne,10,10,20,p,2120Ne,21,11,-1,-0.5,0.9524,3.231,0.0339,0.0152,2.7104,0.9335,2.8355e-03,0.4491,4.6985e+05,0.45,0.02,0.45,0.2606,0.45,0.2599,-0.6965,0.0524,14.65,-4.5,0.783
"20Ne(p, gamma)21Na",20Ne,10,10,20,p,2120Ne,21,11,-1,-0.5,0.9524,3.231,0.0339,0.0152,2.7397,0.9285,2.9261e-03,0.4491,4.7967e+05,0.45,0.02,0.45,0.2606,0.45,0.2599,-0.6965,0.0524,14.65,-4.5,0.783
"20Ne(p, gamma)21Na",20Ne,10,10,20,p,2120Ne,21,11,-1,-0.5,0.9524,3.231,0.0339,0.0152,2.7689,0.9236,3.0178e-03,0.4491,4.8947e+05,0.45,0.02,0.45,0.2606,0.45,0.2599,-0.6965,0.0524,14.65,-4.5,0.783
"20Ne(p, gamma)21Na",20Ne,10,10,20,p,2120Ne,21,11,-1,-0.5,0.9524,3.231,0.0339,0.0152,2.7982,0.9188,3.1111e-03,0.4491,4.9931e+05,0.45,0.02,0.45,0.2606,0.45,0.2599,-0.6965,0.0524,14.65,-4.5,0.783
"20Ne(p, gamma)21Na",20Ne,10,10,20,p,2120Ne,21,11,-1,-0.5,0.9524,3.231,0.0339,0.0152,2.8274,0.914,3.2055e-03,0.4491,5.0914e+05,0.45,0.02,0.45,0.2606,0.45,0.2599,-0.6965,0.0524,14.65,-4.5,0.783
"20Ne(p, gamma)21Na",20Ne,10,10,20,p,2120Ne,21,11,-1,-0.5,0.9524,3.231,0.0339,0.0152,2.8566,0.9093,3.3012e-03,0.4491,5.1897e+05,0.45,0.02,0.45,0.2606,0.45,0.2599,-0.6965,0.0524,14.65,-4.5,0.783
"20Ne(p, gamma)21Na",20Ne,10,10,20,p,2120Ne,21,11,-1,-0.5,0.9524,3.231,0.0339,0.0152,2.8859,0.9047,3.3986e-03,0.4491,5.2885e+05,0.45,0.02,0.45,0.2606,0.45,0.2599,-0.6965,0.0524,14.65,-4.5,0.783
"20Ne(p, gamma)21Na",20Ne,10,10,20,p,2120Ne,21,11,-1,-0.5,0.9524,3.231,0.0339,0.0152,2.9151,0.9002,3.4970e-03,0.4491,5.3870e+05,0.45,0.02,0.45,0.2606,0.45,0.2599,-0.6965,0.0524,14.65,-4.5,0.783
"20Ne(p, gamma)21Na",20Ne,10,10,20,p,2120Ne,21,11,-1,-0.5,0.9524,3.231,0.0339,0.0152,2.9444,0.8957,3.5971e-03,0.449,5.4859e+05,0.45,0.02,0.45,0.2606,0.45,0.2599,-0.6965,0.0524,14.65,-4.5,0.783
"20Ne(p, gamma)21Na",20Ne,10,10,20,p,2120Ne,21,11,-1,-0.5,0.9524,3.231,0.0339,0.0152,2.9736,0.8913,3.6981e-03,0.449,5.5844e+05,0.45,0.02,0.45,0.2606,0.45,0.2599,-0.6965,0.0524,14.65,-4.5,0.783
"20Ne(p, gamma)21Na",20Ne,10,10,20,p,2120Ne,21,11,-1,-0.5,0.9524,3.231,0.0339,0.0152,3.0029,0.8869,3.8008e-03,0.449,5.6834e+05,0.45,0.02,0.45,0.2606,0.45,0.2599,-0.6965,0.0524,14.65,-4.5,0.783
"20Ne(p, gamma)21Na",20Ne,10,10,20,p,2120Ne,21,11,-1,-0.5,0.9524,3.231,0.0339,0.0152,3.0321,0.8826,3.9044e-03,0.449,5.7820e+05,0.45,0.02,0.45,0.2606,0.45,0.2599,-0.6965,0.0524,14.65,-4.5,0.783
"20Ne(p, gamma)21Na",20Ne,10,10,20,p,2120Ne,21,11,-1,-0.5,0.9524,3.231,0.0339,0.0152,3.0613,0.8784,4.0093e-03,0.449,5.8805e+05,0.45,0.02,0.45,0.2606,0.45,0.2599,-0.6965,0.0524,14.65,-4.5,0.783
"20Ne(p, gamma)21Na",20Ne,10,10,20,p,2120Ne,21,11,-1,-0.5,0.9524,3.231,0.0339,0.0152,3.0906,0.8742,4.1158e-03,0.449,5.9794e+05,0.45,0.02,0.45,0.2606,0.45,0.2599,-0.6965,0.0524,14.65,-4.5,0.783
"20Ne(p, gamma)21Na",20Ne,10,10,20,p,2120Ne,21,11,-1,-0.5,0.9524,3.231,0.0339,0.0152,3.1198,0.8701,4.2232e-03,0.449,6.0780e+05,0.45,0.02,0.45,0.2606,0.45,0.2599,-0.6965,0.0524,14.65,-4.5,0.783
"20Ne(p, gamma)21Na",20Ne,10,10,20,p,2120Ne,21,11,-1,-0.5,0.9524,3.231,0.0339,0.0152,3.1491,0.8661,4.3323e-03,0.449,6.1768e+05,0.45,0.02,0.45,0.2606,0.45,0.2599,-0.6965,0.0524,14.65,-4.5,0.783
"20Ne(p, gamma)21Na",20Ne,10,10,20,p,2120Ne,21,11,-1,-0.5,0.9524,3.231,0.0339,0.0152,3.1783,0.8621,4.4422e-03,0.449,6.2751e+05,0.45,0.02,0.45,0.2606,0.45,0.2599,-0.6965,0.0524,14.65,-4.5,0.783
"20Ne(p, gamma)21Na",20Ne,10,10,20,p,2120Ne,21,11,-1,-0.5,0.9524,3.231,0.0339,0.0152,3.2076,0.8581,4.5537e-03,0.449,6.3738e+05,0.45,0.02,0.45,0.2606,0.45,0.2599,-0.6965,0.0524,14.65,-4.5,0.783
"20Ne(p, gamma)21Na",20Ne,10,10,20,p,2120Ne,21,11,-1,-0.5,0.9524,3.231,0.0339,0.0152,3.2368,0.8543,4.6661e-03,0.449,6.4720e+05,0.45,0.02,0.45,0.2606,0.45,0.2599,-0.6965,0.0524,14.65,-4.5,0.783
"20Ne(p, gamma)21Na",20Ne,10,10,20,p,2120Ne,21,11,-1,-0.5,0.9524,3.231,0.0339,0.0152,3.2661,0.8504,4.7801e-03,0.4489,6.5705e+05,0.45,0.02,0.45,0.2606,0.45,0.2599,-0.6965,0.0524,14.65,-4.5,0.783
"20Ne(p, gamma)21Na",20Ne,10,10,20,p,2120Ne,21,11,-1,-0.5,0.9524,3.231,0.0339,0.0152,3.2953,0.8466,4.8948e-03,0.4489,6.6685e+05,0.45,0.02,0.45,0.2606,0.45,0.2599,-0.6965,0.0524,14.65,-4.5,0.783
"20Ne(p, gamma)21Na",20Ne,10,10,20,p,2120Ne,21,11,-1,-0.5,0.9524,3.231,0.0339,0.0152,3.3245,0.8429,5.0108e-03,0.4489,6.7663e+05,0.45,0.02,0.45,0.2606,0.45,0.2599,-0.6965,0.0524,14.65,-4.5,0.783
"20Ne(p, gamma)21Na",20Ne,10,10,20,p,2120Ne,21,11,-1,-0.5,0.9524,3.231,0.0339,0.0152,3.3538,0.8392,5.1283e-03,0.4489,6.8644e+05,0.45,0.02,0.45,0.2606,0.45,0.2599,-0.6965,0.0524,14.65,-4.5,0.783
"20Ne(p, gamma)21Na",20Ne,10,10,20,p,2120Ne,21,11,-1,-0.5,0.9524,3.231,0.0339,0.0152,3.383,0.8356,5.2466e-03,0.4489,6.9620e+05,0.45,0.02,0.45,0.2606,0.45,0.2599,-0.6965,0.0524,14.65,-4.5,0.783
"20Ne(p, gamma)21Na",20Ne,10,10,20,p,2120Ne,21,11,-1,-0.5,0.9524,3.231,0.0339,0.0152,3.4123,0.832,5.3665e-03,0.4489,7.0597e+05,0.45,0.02,0.45,0.2606,0.45,0.2599,-0.6965,0.0524,14.65,-4.5,0.783
"20Ne(p, gamma)21Na",20Ne,10,10,20,p,2120Ne,21,11,-1,-0.5,0.9524,3.231,0.0339,0.0152,3.4415,0.8285,5.4871e-03,0.4489,7.1570e+05,0.45,0.02,0.45,0.2606,0.45,0.2599,-0.6965,0.0524,14.65,-4.5,0.783
"20Ne(p, gamma)21Na",20Ne,10,10,20,p,2120Ne,21,11,-1,-0.5,0.9524,3.231,0.0339,0.0152,3.4708,0.825,5.6092e-03,0.4489,7.2544e+05,0.45,0.02,0.45,0.2606,0.45,0.2599,-0.6965,0.0524,14.65,-4.5,0.783
"20Ne(p, gamma)21Na",20Ne,10,10,20,p,2120Ne,21,11,-1,-0.5,0.9524,3.231,0.0339,0.0152,3.5,0.8215,5.7321e-03,0.4489,7.3513e+05,0.45,0.02,0.45,0.2606,0.45,0.2599,-0.6965,0.0524,14.65,-4.5,0.783
"24Mg(p, gamma)25Al",24Mg,12,12,24,p,2524Mg,25,13,-1,-0.5,0.96,3.707,0.0384,0.0162,0.02,13.0931,1.8719e-36,0.35,3.2758e-26,0.35,0.02,0.35,0.2071,0.35,0.2079,-0.6239,0.052,16.45,-4.5,0.797
"24Mg(p, gamma)25Al",24Mg,12,12,24,p,2524Mg,25,13,-1,-0.5,0.96,3.707,0.0384,0.0162,0.0492,8.3478,1.6628e-23,0.35,1.1829e-13,0.35,0.02,0.35,0.2071,0.35,0.2079,-0.6239,0.052,16.45,-4.5,0.797
"24Mg(p, gamma)25Al",24Mg,12,12,24,p,2524Mg,25,13,-1,-0.5,0.96,3.707,0.0384,0.0162,0.0785,6.6088,9.2529e-19,0.35,4.1253e-09,0.35,0.02,0.35,0.2071,0.35,0.2079,-0.6239,0.052,16.45,-4.5,0.797
"24Mg(p, gamma)25Al",24Mg,12,12,24,p,2524Mg,25,13,-1,-0.5,0.96,3.707,0.0384,0.0162,0.1077,5.6422,4.0164e-16,0.35,1.3052e-06,0.35,0.02,0.35,0.2071,0.35,0.2079,-0.6239,0.052,16.45,-4.5,0.797
"24Mg(p, gamma)25Al",24Mg,12,12,24,p,2524Mg,25,13,-1,-0.5,0.96,3.707,0.0384,0.0162,0.137,5.0026,2.2343e-14,0.35,5.7076e-05,0.35,0.02,0.35,0.2071,0.35,0.2079,-0.6239,0.052,16.45,-4.5,0.797
"24Mg(p, gamma)25Al",24Mg,12,12,24,p,2524Mg,25,13,-1,-0.5,0.96,3.707,0.0384,0.0162,0.1662,4.5419,4.0382e-13,0.35,8.5033e-04,0.35,0.02,0.35,0.2071,0.35,0.2079,-0.6239,0.052,16.45,-4.5,0.797
"24Mg(p, gamma)25Al",24Mg,12,12,24,p,2524Mg,25,13,-1,-0.5,0.96,3.707,0.0384,0.0162,0.1955,4.1878,3.7378e-12,0.35,6.6909e-03,0.35,0.02,0.35,0.2071,0.35,0.2079,-0.6239,0.052,16.45,-4.5,0.797
"24Mg(p, gamma)25Al",24Mg,12,12,24,p,2524Mg,25,13,-1,-0.5,0.96,3.707,0.0384,0.0162,0.2247,3.9062,2.1925e-11,0.35,3.4147e-02,0.35,0.02,0.35,0.2071,0.35,0.2079,-0.6239,0.052,16.45,-4.5,0.797
"24Mg(p, gamma)25Al",24Mg,12,12,24,p,2524Mg,25,13,-1,-0.5,0.96,3.707,0.0384,0.0162,0.2539,3.6747,9.3883e-11,0.3499,1.2940e-01,0.35,0.02,0.35,0.2071,0.35,0.2079,-0.6239,0.052,16.45,-4.5,0.797
"24Mg(p, gamma)25Al",24Mg,12,12,24,p,2524Mg,25,13,-1,-0.5,0.96,3.707,0.0384,0.0162,0.2832,3.4794,3.2023e-10,0.3499,3.9570e-01,0.35,0.02,0.35,0.2071,0.35,0.2079,-0.6239,0.052,16.45,-4.5,0.797
"24Mg(p, gamma)25Al",24Mg,12,12,24,p,2524Mg,25,13,-1,-0.5,0.96,3.707,0.0384,0.0162,0.3124,3.3128,9.1217e-10,0.3499,1.0218e+00,0.35,0.02,0.35,0.2071,0.35,0.2079,-0.6239,0.052,16.45,-4.5,0.797
"24Mg(p, gamma)25Al",24Mg,12,12,24,p,2524Mg,25,13,-1,-0.5,0.96,3.707,0.0384,0.0162,0.3417,3.1676,2.2716e-09,0.3499,2.3263e+00,0.35,0.02,0.35,0.2071,0.35,0.2079,-0.6239,0.052,16.45,-4.5,0.797
"24Mg(p, gamma)25Al",24Mg,12,12,24,p,2524Mg,25,13,-1,-0.5,0.96,3.707,0.0384,0.0162,0.3709,3.0404,5.0531e-09,0.3499,4.7673e+00,0.35,0.02,0.35,0.2071,0.35,0.2079,-0.6239,0.052,16.45,-4.5,0.797
"24Mg(p, gamma)25Al",24Mg,12,12,24,p,2524Mg,25,13,-1,-0.5,0.96,3.707,0.0384,0.0162,0.4002,2.927,1.0305e-08,0.3499,9.0099e+00,0.35,0.02,0.35,0.2071,0.35,0.2079,-0.6239,0.052,16.45,-4.5,0.797
"24Mg(p, gamma)25Al",24Mg,12,12,24,p,2524Mg,25,13,-1,-0.5,0.96,3.707,0.0384,0.0162,0.4294,2.8257,1.9471e-08,0.3499,1.5866e+01,0.35,0.02,0.35,0.2071,0.35,0.2079,-0.6239,0.052,16.45,-4.5,0.797
"24Mg(p, gamma)25Al",24Mg,12,12,24,p,2524Mg,25,13,-1,-0.5,0.96,3.707,0.0384,0.0162,0.4587,2.734,3.4650e-08,0.3499,2.6432e+01,0.35,0.02,0.35,0.2071,0.35,0.2079,-0.6239,0.052,16.45,-4.5,0.797
"24Mg(p, gamma)25Al",24Mg,12,12,24,p,2524Mg,25,13,-1,-0.5,0.96,3.707,0.0384,0.0162,0.4879,2.6509,5.8398e-08,0.3499,4.1880e+01,0.35,0.02,0.35,0.2071,0.35,0.2079,-0.6239,0.052,16.45,-4.5,0.797
"24Mg(p, gamma)25Al",24Mg,12,12,24,p,2524Mg,25,13,-1,-0.5,0.96,3.707,0.0384,0.0162,0.5171,2.5749,9.4102e-08,0.3499,6.3673e+01,0.35,0.02,0.35,0.2071,0.35,0.2079,-0.6239,0.052,16.45,-4.5,0.797
"24Mg(p, gamma)25Al",24Mg,12,12,24,p,2524Mg,25,13,-1,-0.5,0.96,3.707,0.0384,0.0162,0.5464,2.505,1.4608e-07,0.3499,9.3540e+01,0.35,0.02,0.35,0.2071,0.35,0.2079,-0.6239,0.052,16.45,-4.5,0.797
"24Mg(p, gamma)25Al",24Mg,12,12,24,p,2524Mg,25,13,-1,-0.5,0.96,3.707,0.0384,0.0162,0.5756,2.4406,2.1889e-07,0.3499,1.3305e+02,0.35,0.02,0.35,0.2071,0.35,0.2079,-0.6239,0.052,16.45,-4.5,0.797
"24Mg(p, gamma)25Al",24Mg,12,12,24,p,2524Mg,25,13,-1,-0.5,0.96,3.707,0.0384,0.0162,0.6049,2.3808,3.1880e-07,0.3499,1.8439e+02,0.35,0.02,0.35,0.2071,0.35,0.2079,-0.6239,0.052,16.45,-4.5,0.797
"24Mg(p, gamma)25Al",24Mg,12,12,24,p,2524Mg,25,13,-1,-0.5,0.96,3.707,0.0384,0.0162,0.6341,2.3253,4.5171e-07,0.3499,2.4923e+02,0.35,0.02,0.35,0.2071,0.35,0.2079,-0.6239,0.052,16.45,-4.5,0.797
"24Mg(p, gamma)25Al",24Mg,12,12,24,p,2524Mg,25,13,-1,-0.5,0.96,3.707,0.0384,0.0162,0.6634,2.2734,6.2598e-07,0.3499,3.3012e+02,0.35,0.02,0.35,0.2071,0.35,0.2079,-0.6239,0.052,16.45,-4.5,0.797
"24Mg(p, gamma)25Al",24Mg,12,12,24,p,2524Mg,25,13,-1,-0.5,0.96,3.707,0.0384,0.0162,0.6926,2.2249,8.4867e-07,0.3499,4.2869e+02,0.35,0.02,0.35,0.2071,0.35,0.2079,-0.6239,0.052,16.45,-4.5,0.797
"24Mg(p, gamma)25Al",24Mg,12,12,24,p,2524Mg,25,13,-1,-0.5,0.96,3.707,0.0384,0.0162,0.7218,2.1795,1.1293e-06,0.3498,5.4736e+02,0.35,0.02,0.35,0.2071,0.35,0.2079,-0.6239,0.052,16.45,-4.5,0.797
"24Mg(p, gamma)25Al",24Mg,12,12,24,p,2524Mg,25,13,-1,-0.5,0.96,3.707,0.0384,0.0162,0.7511,2.1365,1.4790e-06,0.3498,6.8886e+02,0.35,0.02,0.35,0.2071,0.35,0.2079,-0.6239,0.052,16.45,-4.5,0.797
"24Mg(p, gamma)25Al",24Mg,12,12,24,p,2524Mg,25,13,-1,-0.5,0.96,3.707,0.0384,0.0162,0.7803,2.0962,1.9058e-06,0.3498,8.5445e+02,0.35,0.02,0.35,0.2071,0.35,0.2079,-0.6239,0.052,16.45,-4.5,0.797
"24Mg(p, gamma)25Al",24Mg,12,12,24,p,2524Mg,25,13,-1,-0.5,0.96,3.707,0.0384,0.0162,0.8096,2.0579,2.4241e-06,0.3498,1.0474e+03,0.35,0.02,0.35,0.2071,0.35,0.2079,-0.6239,0.052,16.45,-4.5,0.797
"24Mg(p, gamma)25Al",24Mg,12,12,24,p,2524Mg,25,13,-1,-0.5,0.96,3.707,0.0384,0.0162,0.8388,2.0217,3.0419e-06,0.3498,1.2686e+03,0.35,0.02,0.35,0.2071,0.35,0.2079,-0.6239,0.052,16.45,-4.5,0.797
"24Mg(p, gamma)25Al",24Mg,12,12,24,p,2524Mg,25,13,-1,-0.5,0.96,3.707,0.0384,0.0162,0.8681,1.9873,3.7762e-06,0.3498,1.5217e+03,0.35,0.02,0.35,0.2071,0.35,0.2079,-0.6239,0.052,16.45,-4.5,0.797
"24Mg(p, gamma)25Al",24Mg,12,12,24,p,2524Mg,25,13,-1,-0.5,0.96,3.707,0.0384,0.0162,0.8973,1.9547,4.6347e-06,0.3498,1.8068e+03,0.35,0.02,0.35,0.2071,0.35,0.2079,-0.6239,0.052,16.45,-4.5,0.797
"24Mg(p, gamma)25Al",24Mg,12,12,24,p,2524Mg,25,13,-1,-0.5,0.96,3.707,0.0384,0.0162,0.9266,1.9236,5.6368e-06,0.3498,2.1279e+03,0.35,0.02,0.35,0.2071,0.35,0.2079,-0.6239,0.052,16.45,-4.5,0.797
"24Mg(p, gamma)25Al",24Mg,12,12,24,p,2524Mg,25,13,-1,-0.5,0.96,3.707,0.0384,0.0162,0.9558,1.894,6.7894e-06,0.3498,2.4847e+03,0.35,0.02,0.35,0.2071,0.35,0.2079,-0.6239,0.052,16.45,-4.5,0.797
"24Mg(p, gamma)25Al",24Mg,12,12,24,p,2524Mg,25,13,-1,-0.5,0.96,3.707,0.0384,0.0162,0.985,1.8657,8.1098e-06,0.3498,2.8799e+03,0.35,0.02,0.35,0.2071,0.35,0.2079,-0.6239,0.052,16.45,-4.5,0.797
"24Mg(p, gamma)25Al",24Mg,12,12,24,p,2524Mg,25,13,-1,-0.5,0.96,3.707,0.0384,0.0162,1.0143,1.8385,9.6179e-06,0.3498,3.3168e+03,0.35,0.02,0.35,0.2071,0.35,0.2079,-0.6239,0.052,16.45,-4.5,0.797
"24Mg(p, gamma)25Al",24Mg,12,12,24,p,2524Mg,25,13,-1,-0.5,0.96,3.707,0.0384,0.0162,1.0435,1.8126,1.1318e-05,0.3498,3.7938e+03,0.35,0.02,0.35,0.2071,0.35,0.2079,-0.6239,0.052,16.45,-4.5,0.797
"24Mg(p, gamma)25Al",24Mg,12,12,24,p,2524Mg,25,13,-1,-0.5,0.96,3.707,0.0384,0.0162,1.0728,1.7877,1.3237e-05,0.3498,4.3157e+03,0.35,0.02,0.35,0.2071,0.35,0.2079,-0.6239,0.052,16.45,-4.5,0.797
"24Mg(p, gamma)25Al",24Mg,12,12,24,p,2524Mg,25,13,-1,-0.5,0.96,3.707,0.0384,0.0162,1.102,1.7639,1.5376e-05,0.3498,4.8803e+03,0.35,0.02,0.35,0.2071,0.35,0.2079,-0.6239,0.052,16.45,-4.5,0.797
"24Mg(p, gamma)25Al",24Mg,12,12,24,p,2524Mg,25,13,-1,-0.5,0.96,3.707,0.0384,0.0162,1.1313,1.7409,1.7766e-05,0.3498,5.4926e+03,0.35,0.02,0.35,0.2071,0.35,0.2079,-0.6239,0.052,16.45,-4.5,0.797
"24Mg(p, gamma)25Al",24Mg,12,12,24,p,2524Mg,25,13,-1,-0.5,0.96,3.707,0.0384,0.0162,1.1605,1.7188,2.0405e-05,0.3498,6.1496e+03,0.35,0.02,0.35,0.2071,0.35,0.2079,-0.6239,0.052,16.45,-4.5,0.797
"24Mg(p, gamma)25Al",24Mg,12,12,24,p,2524Mg,25,13,-1,-0.5,0.96,3.707,0.0384,0.0162,1.1897,1.6976,2.3316e-05,0.3497,6.8543e+03,0.35,0.02,0.35,0.2071,0.35,0.2079,-0.6239,0.052,16.45,-4.5,0.797
"24Mg(p, gamma)25Al",24Mg,12,12,24,p,2524Mg,25,13,-1,-0.5,0.96,3.707,0.0384,0.0162,1.219,1.6771,2.6525e-05,0.3497,7.6103e+03,0.35,0.02,0.35,0.2071,0.35,0.2079,-0.6239,0.052,16.45,-4.5,0.797
"24Mg(p, gamma)25Al",24Mg,12,12,24,p,2524Mg,25,13,-1,-0.5,0.96,3.707,0.0384,0.0162,1.2482,1.6573,3.0026e-05,0.3497,8.4131e+03,0.35,0.02,0.35,0.2071,0.35,0.2079,-0.6239,0.052,16.45,-4.5,0.797
"24Mg(p, gamma)25Al",24Mg,12,12,24,p,2524Mg,25,13,-1,-0.5,0.96,3.707,0.0384,0.0162,1.2775,1.6382,3.3859e-05,0.3497,9.2691e+03,0.35,0.02,0.35,0.2071,0.35,0.2079,-0.6239,0.052,16.45,-4.5,0.797
"24Mg(p, gamma)25Al",24Mg,12,12,24,p,2524Mg,25,13,-1,-0.5,0.96,3.707,0.0384,0.0162,1.3067,1.6198,3.8010e-05,0.3497,1.0173e+04,0.35,0.02,0.35,0.2071,0.35,0.2079,-0.6239,0.052,16.45,-4.5,0.797
"24Mg(p, gamma)25Al",24Mg,12,12,24,p,2524Mg,25,13,-1,-0.5,0.96,3.707,0.0384,0.0162,1.336,1.602,4.2524e-05,0.3497,1.1131e+04,0.35,0.02,0.35,0.2071,0.35,0.2079,-0.6239,0.052,16.45,-4.5,0.797
"24Mg(p, gamma)25Al",24Mg,12,12,24,p,2524Mg,25,13,-1,-0.5,0.96,3.707,0.0384,0.0162,1.3652,1.5847,4.7385e-05,0.3497,1.2138e+04,0.35,0.02,0.35,0.2071,0.35,0.2079,-0.6239,0.052,16.45,-4.5,0.797
"24Mg(p, gamma)25Al",24Mg,12,12,24,p,2524Mg,25,13,-1,-0.5,0.96,3.707,0.0384,0.0162,1.3945,1.568,5.2639e-05,0.3497,1.3200e+04,0.35,0.02,0.35,0.2071,0.35,0.2079,-0.6239,0.052,16.45,-4.5,0.797
"24Mg(p, gamma)25Al",24Mg,12,12,24,p,2524Mg,25,13,-1,-0.5,0.96,3.707,0.0384,0.0162,1.4237,1.5518,5.8266e-05,0.3497,1.4312e+04,0.35,0.02,0.35,0.2071,0.35,0.2079,-0.6239,0.052,16.45,-4.5,0.797
"24Mg(p, gamma)25Al",24Mg,12,12,24,p,2524Mg,25,13,-1,-0.5,0.96,3.707,0.0384,0.0162,1.4529,1.5362,6.4296e-05,0.3497,1.5475e+04,0.35,0.02,0.35,0.2071,0.35,0.2079,-0.6239,0.052,16.45,-4.5,0.797
"24Mg(p, gamma)25Al",24Mg,12,12,24,p,2524Mg,25,13,-1,-0.5,0.96,3.707,0.0384,0.0162,1.4822,1.5209,7.0765e-05,0.3497,1.6695e+04,0.35,0.02,0.35,0.2071,0.35,0.2079,-0.6239,0.052,16.45,-4.5,0.797
"24Mg(p, gamma)25Al",24Mg,12,12,24,p,2524Mg,25,13,-1,-0.5,0.96,3.707,0.0384,0.0162,1.5114,1.5061,7.7644e-05,0.3497,1.7964e+04,0.35,0.02,0.35,0.2071,0.35,0.2079,-0.6239,0.052,16.45,-4.5,0.797
"24Mg(p, gamma)25Al",24Mg,12,12,24,p,2524Mg,25,13,-1,-0.5,0.96,3.707,0.0384,0.0162,1.5407,1.4918,8.4991e-05,0.3497,1.9289e+04,0.35,0.02,0.35,0.2071,0.35,0.2079,-0.6239,0.052,16.45,-4.5,0.797
"24Mg(p, gamma)25Al",24Mg,12,12,24,p,2524Mg,25,13,-1,-0.5,0.96,3.707,0.0384,0.0162,1.5699,1.4778,9.2770e-05,0.3497,2.0663e+04,0.35,0.02,0.35,0.2071,0.35,0.2079,-0.6239,0.052,16.45,-4.5,0.797
"24Mg(p, gamma)25Al",24Mg,12,12,24,p,2524Mg,25,13,-1,-0.5,0.96,3.707,0.0384,0.0162,1.5992,1.4642,1.0105e-04,0.3497,2.2093e+04,0.35,0.02,0.35,0.2071,0.35,0.2079,-0.6239,0.052,16.45,-4.5,0.797
"24Mg(p, gamma)25Al",24Mg,12,12,24,p,2524Mg,25,13,-1,-0.5,0.96,3.707,0.0384,0.0162,1.6284,1.451,1.0978e-04,0.3497,2.3571e+04,0.35,0.02,0.35,0.2071,0.35,0.2079,-0.6239,0.052,16.45,-4.5,0.797
"24Mg(p, gamma)25Al",24Mg,12,12,24,p,2524Mg,25,13,-1,-0.5,0.96,3.707,0.0384,0.0162,1.6576,1.4382,1.1900e-04,0.3496,2.5101e+04,0.35,0.02,0.35,0.2071,0.35,0.2079,-0.6239,0.052,16.45,-4.5,0.797
"24Mg(p, gamma)25Al",24Mg,12,12,24,p,2524Mg,25,13,-1,-0.5,0.96,3.707,0.0384,0.0162,1.6869,1.4256,1.2876e-04,0.3496,2.6687e+04,0.35,0.02,0.35,0.2071,0.35,0.2079,-0.6239,0.052,16.45,-4.5,0.797
"24Mg(p, gamma)25Al",24Mg,12,12,24,p,2524Mg,25,13,-1,-0.5,0.96,3.707,0.0384,0.0162,1.7161,1.4135,1.3900e-04,0.3496,2.8319e+04,0.35,0.02,0.35,0.2071,0.35,0.2079,-0.6239,0.052,16.45,-4.5,0.797
"24Mg(p, gamma)25Al",24Mg,12,12,24,p,2524Mg,25,13,-1,-0.5,0.96,3.707,0.0384,0.0162,1.7454,1.4015,1.4980e-04,0.3496,3.0007e+04,0.35,0.02,0.35,0.2071,0.35,0.2079,-0.6239,0.052,16.45,-4.5,0.797
"24Mg(p, gamma)25Al",24Mg,12,12,24,p,2524Mg,25,13,-1,-0.5,0.96,3.707,0.0384,0.0162,1.7746,1.39,1.6111e-04,0.3496,3.1740e+04,0.35,0.02,0.35,0.2071,0.35,0.2079,-0.6239,0.052,16.45,-4.5,0.797
"24Mg(p, gamma)25Al",24Mg,12,12,24,p,2524Mg,25,13,-1,-0.5,0.96,3.707,0.0384,0.0162,1.8039,1.3786,1.7300e-04,0.3496,3.3529e+04,0.35,0.02,0.35,0.2071,0.35,0.2079,-0.6239,0.052,16.45,-4.5,0.797
"24Mg(p, gamma)25Al",24Mg,12,12,24,p,2524Mg,25,13,-1,-0.5,0.96,3.707,0.0384,0.0162,1.8331,1.3676,1.8541e-04,0.3496,3.5361e+04,0.35,0.02,0.35,0.2071,0.35,0.2079,-0.6239,0.052,16.45,-4.5,0.797
"24Mg(p, gamma)25Al",24Mg,12,12,24,p,2524Mg,25,13,-1,-0.5,0.96,3.707,0.0384,0.0162,1.8624,1.3568,1.9843e-04,0.3496,3.7248e+04,0.35,0.02,0.35,0.2071,0.35,0.2079,-0.6239,0.052,16.45,-4.5,0.797
"24Mg(p, gamma)25Al",24Mg,12,12,24,p,2524Mg,25,13,-1,-0.5,0.96,3.707,0.0384,0.0162,1.8916,1.3463,2.1197e-04,0.3496,3.9176e+04,0.35,0.02,0.35,0.2071,0.35,0.2079,-0.6239,0.052,16.45,-4.5,0.797
"24Mg(p, gamma)25Al",24Mg,12,12,24,p,2524Mg,25,13,-1,-0.5,0.96,3.707,0.0384,0.0162,1.9208,1.336,2.2611e-04,0.3496,4.1152e+04,0.35,0.02,0.35,0.2071,0.35,0.2079,-0.6239,0.052,16.45,-4.5,0.797
"24Mg(p, gamma)25Al",24Mg,12,12,24,p,2524Mg,25,13,-1,-0.5,0.96,3.707,0.0384,0.0162,1.9501,1.326,2.4088e-04,0.3496,4.3182e+04,0.35,0.02,0.35,0.2071,0.35,0.2079,-0.6239,0.052,16.45,-4.5,0.797
"24Mg(p, gamma)25Al",24Mg,12,12,24,p,2524Mg,25,13,-1,-0.5,0.96,3.707,0.0384,0.0162,1.9793,1.3161,2.5621e-04,0.3496,4.5251e+04,0.35,0.02,0.35,0.2071,0.35,0.2079,-0.6239,0.052,16.45,-4.5,0.797
"24Mg(p, gamma)25Al",24Mg,12,12,24,p,2524Mg,25,13,-1,-0.5,0.96,3.707,0.0384,0.0162,2.0086,1.3065,2.7220e-04,0.3496,4.7373e+04,0.35,0.02,0.35,0.2071,0.35,0.2079,-0.6239,0.052,16.45,-4.5,0.797
"24Mg(p, gamma)25Al",24Mg,12,12,24,p,2524Mg,25,13,-1,-0.5,0.96,3.707,0.0384,0.0162,2.0378,1.2971,2.8875e-04,0.3496,4.9532e+04,0.35,0.02,0.35,0.2071,0.35,0.2079,-0.6239,0.052,16.45,-4.5,0.797
"24Mg(p, gamma)25Al",24Mg,12,12,24,p,2524Mg,25,13,-1,-0.5,0.96,3.707,0.0384,0.0162,2.0671,1.2879,3.0598e-04,0.3496,5.1743e+04,0.35,0.02,0.35,0.2071,0.35,0.2079,-0.6239,0.052,16.45,-4.5,0.797
"24Mg(p, gamma)25Al",24Mg,12,12,24,p,2524Mg,25,13,-1,-0.5,0.96,3.707,0.0384,0.0162,2.0963,1.2789,3.2378e-04,0.3496,5.3990e+04,0.35,0.02,0.35,0.2071,0.35,0.2079,-0.6239,0.052,16.45,-4.5,0.797
"24Mg(p, gamma)25Al",24Mg,12,12,24,p,2524Mg,25,13,-1,-0.5,0.96,3.707,0.0384,0.0162,2.1255,1.2701,3.4222e-04,0.3495,5.6280e+04,0.35,0.02,0.35,0.2071,0.35,0.2079,-0.6239,0.052,16.45,-4.5,0.797
"24Mg(p, gamma)25Al",24Mg,12,12,24,p,2524Mg,25,13,-1,-0.5,0.96,3.707,0.0384,0.0162,2.1548,1.2614,3.6137e-04,0.3495,5.8620e+04,0.35,0.02,0.35,0.2071,0.35,0.2079,-0.6239,0.052,16.45,-4.5,0.797
"24Mg(p, gamma)25Al",24Mg,12,12,24,p,2524Mg,25,13,-1,-0.5,0.96,3.707,0.0384,0.0162,2.184,1.2529,3.8110e-04,0.3495,6.0993e+04,0.35,0.02,0.35,0.2071,0.35,0.2079,-0.6239,0.052,16.45,-4.5,0.797
"24Mg(p, gamma)25Al",24Mg,12,12,24,p,2524Mg,25,13,-1,-0.5,0.96,3.707,0.0384,0.0162,2.2133,1.2446,4.0156e-04,0.3495,6.3414e+04,0.35,0.02,0.35,0.2071,0.35,0.2079,-0.6239,0.052,16.45,-4.5,0.797
"24Mg(p, gamma)25Al",24Mg,12,12,24,p,2524Mg,25,13,-1,-0.5,0.96,3.707,0.0384,0.0162,2.2425,1.2365,4.2260e-04,0.3495,6.5868e+04,0.35,0.02,0.35,0.2071,0.35,0.2079,-0.6239,0.052,16.45,-4.5,0.797
"24Mg(p, gamma)25Al",24Mg,12,12,24,p,2524Mg,25,13,-1,-0.5,0.96,3.707,0.0384,0.0162,2.2718,1.2285,4.4438e-04,0.3495,6.8368e+04,0.35,0.02,0.35,0.2071,0.35,0.2079,-0.6239,0.052,16.45,-4.5,0.797
"24Mg(p, gamma)25Al",24Mg,12,12,24,p,2524Mg,25,13,-1,-0.5,0.96,3.707,0.0384,0.0162,2.301,1.2207,4.6676e-04,0.3495,7.0899e+04,0.35,0.02,0.35,0.2071,0.35,0.2079,-0.6239,0.052,16.45,-4.5,0.797
"24Mg(p, gamma)25Al",24Mg,12,12,24,p,2524Mg,25,13,-1,-0.5,0.96,3.707,0.0384,0.0162,2.3303,1.213,4.8990e-04,0.3495,7.3476e+04,0.35,0.02,0.35,0.2071,0.35,0.2079,-0.6239,0.052,16.45,-4.5,0.797
"24Mg(p, gamma)25Al",24Mg,12,12,24,p,2524Mg,25,13,-1,-0.5,0.96,3.707,0.0384,0.0162,2.3595,1.2054,5.1363e-04,0.3495,7.6080e+04,0.35,0.02,0.35,0.2071,0.35,0.2079,-0.6239,0.052,16.45,-4.5,0.797
"24Mg(p, gamma)25Al",24Mg,12,12,24,p,2524Mg,25,13,-1,-0.5,0.96,3.707,0.0384,0.0162,2.3887,1.1981,5.3804e-04,0.3495,7.8721e+04,0.35,0.02,0.35,0.2071,0.35,0.2079,-0.6239,0.052,16.45,-4.5,0.797
"24Mg(p, gamma)25Al",24Mg,12,12,24,p,2524Mg,25,13,-1,-0.5,0.96,3.707,0.0384,0.0162,2.418,1.1908,5.6323e-04,0.3495,8.1406e+04,0.35,0.02,0.35,0.2071,0.35,0.2079,-0.6239,0.052,16.45,-4.5,0.797
"24Mg(p, gamma)25Al",24Mg,12,12,24,p,2524Mg,25,13,-1,-0.5,0.96,3.707,0.0384,0.0162,2.4472,1.1836,5.8902e-04,0.3495,8.4116e+04,0.35,0.02,0.35,0.2071,0.35,0.2079,-0.6239,0.052,16.45,-4.5,0.797
"24Mg(p, gamma)25Al",24Mg,12,12,24,p,2524Mg,25,13,-1,-0.5,0.96,3.707,0.0384,0.0162,2.4765,1.1766,6.1559e-04,0.3495,8.6869e+04,0.35,0.02,0.35,0.2071,0.35,0.2079,-0.6239,0.052,16.45,-4.5,0.797
"24Mg(p, gamma)25Al",24Mg,12,12,24,p,2524Mg,25,13,-1,-0.5,0.96,3.707,0.0384,0.0162,2.5057,1.1697,6.4277e-04,0.3495,8.9645e+04,0.35,0.02,0.35,0.2071,0.35,0.2079,-0.6239,0.052,16.45,-4.5,0.797
"24Mg(p, gamma)25Al",24Mg,12,12,24,p,2524Mg,25,13,-1,-0.5,0.96,3.707,0.0384,0.0162,2.535,1.163,6.7074e-04,0.3495,9.2464e+04,0.35,0.02,0.35,0.2071,0.35,0.2079,-0.6239,0.052,16.45,-4.5,0.797
"24Mg(p, gamma)25Al",24Mg,12,12,24,p,2524Mg,25,13,-1,-0.5,0.96,3.707,0.0384,0.0162,2.5642,1.1563,6.9932e-04,0.3495,9.5304e+04,0.35,0.02,0.35,0.2071,0.35,0.2079,-0.6239,0.052,16.45,-4.5,0.797
"24Mg(p, gamma)25Al",24Mg,12,12,24,p,2524Mg,25,13,-1,-0.5,0.96,3.707,0.0384,0.0162,2.5934,1.1498,7.2860e-04,0.3494,9.8175e+04,0.35,0.02,0.35,0.2071,0.35,0.2079,-0.6239,0.052,16.45,-4.5,0.797
"24Mg(p, gamma)25Al",24Mg,12,12,24,p,2524Mg,25,13,-1,-0.5,0.96,3.707,0.0384,0.0162,2.6227,1.1434,7.5869e-04,0.3494,1.0109e+05,0.35,0.02,0.35,0.2071,0.35,0.2079,-0.6239,0.052,16.45,-4.5,0.797
"24Mg(p, gamma)25Al",24Mg,12,12,24,p,2524Mg,25,13,-1,-0.5,0.96,3.707,0.0384,0.0162,2.6519,1.137,7.8938e-04,0.3494,1.0401e+05,0.35,0.02,0.35,0.2071,0.35,0.2079,-0.6239,0.052,16.45,-4.5,0.797
"24Mg(p, gamma)25Al",24Mg,12,12,24,p,2524Mg,25,13,-1,-0.5,0.96,3.707,0.0384,0.0162,2.6812,1.1308,8.2089e-04,0.3494,1.0698e+05,0.35,0.02,0.35,0.2071,0.35,0.2079,-0.6239,0.052,16.45,-4.5,0.797
"24Mg(p, gamma)25Al",24Mg,12,12,24,p,2524Mg,25,13,-1,-0.5,0.96,3.707,0.0384,0.0162,2.7104,1.1247,8.5301e-04,0.3494,1.0997e+05,0.35,0.02,0.35,0.2071,0.35,0.2079,-0.6239,0.052,16.45,-4.5,0.797
"24Mg(p, gamma)25Al",24Mg,12,12,24,p,2524Mg,25,13,-1,-0.5,0.96,3.707,0.0384,0.0162,2.7397,1.1187,8.8595e-04,0.3494,1.1299e+05,0.35,0.02,0.35,0.2071,0.35,0.2079,-0.6239,0.052,16.45,-4.5,0.797
"24Mg(p, gamma)25Al",24Mg,12,12,24,p,2524Mg,25,13,-1,-0.5,0.96,3.707,0.0384,0.0162,2.7689,1.1128,9.1949e-04,0.3494,1.1603e+05,0.35,0.02,0.35,0.2071,0.35,0.2079,-0.6239,0.052,16.45,-4.5,0.797
"24Mg(p, gamma)25Al",24Mg,12,12,24,p,2524Mg,25,13,-1,-0.5,0.96,3.707,0.0384,0.0162,2.7982,1.1069,9.5386e-04,0.3494,1.1911e+05,0.35,0.02,0.35,0.2071,0.35,0.2079,-0.6239,0.052,16.45,-4.5,0.797
"24Mg(p, gamma)25Al",24Mg,12,12,24,p,2524Mg,25,13,-1,-0.5,0.96,3.707,0.0384,0.0162,2.8274,1.1012,9.8883e-04,0.3494,1.2220e+05,0.35,0.02,0.35,0.2071,0.35,0.2079,-0.6239,0.052,16.45,-4.5,0.797
"24Mg(p, gamma)25Al",24Mg,12,12,24,p,2524Mg,25,13,-1,-0.5,0.96,3.707,0.0384,0.0162,2.8566,1.0955,1.0245e-03,0.3494,1.2531e+05,0.35,0.02,0.35,0.2071,0.35,0.2079,-0.6239,0.052,16.45,-4.5,0.797
"24Mg(p, gamma)25Al",24Mg,12,12,24,p,2524Mg,25,13,-1,-0.5,0.96,3.707,0.0384,0.0162,2.8859,1.09,1.0610e-03,0.3494,1.2846e+05,0.35,0.02,0.35,0.2071,0.35,0.2079,-0.6239,0.052,16.45,-4.5,0.797
"24Mg(p, gamma)25Al",24Mg,12,12,24,p,2524Mg,25,13,-1,-0.5,0.96,3.707,0.0384,0.0162,2.9151,1.0845,1.0982e-03,0.3494,1.3162e+05,0.35,0.02,0.35,0.2071,0.35,0.2079,-0.6239,0.052,16.45,-4.5,0.797
"24Mg(p, gamma)25Al",24Mg,12,12,24,p,2524Mg,25,13,-1,-0.5,0.96,3.707,0.0384,0.0162,2.9444,1.0791,1.1361e-03,0.3494,1.3481e+05,0.35,0.02,0.35,0.2071,0.35,0.2079,-0.6239,0.052,16.45,-4.5,0.797
"24Mg(p, gamma)25Al",24Mg,12,12,24,p,2524Mg,25,13,-1,-0.5,0.96,3.707,0.0384,0.0162,2.9736,1.0738,1.1747e-03,0.3494,1.3801e+05,0.35,0.02,0.35,0.2071,0.35,0.2079,-0.6239,0.052,16.45,-4.5,0.797
"24Mg(p, gamma)25Al",24Mg,12,12,24,p,2524Mg,25,13,-1,-0.5,0.96,3.707,0.0384,0.0162,3.0029,1.0685,1.2141e-03,0.3494,1.4125e+05,0.35,0.02,0.35,0.2071,0.35,0.2079,-0.6239,0.052,16.45,-4.5,0.797
"24Mg(p, gamma)25Al",24Mg,12,12,24,p,2524Mg,25,13,-1,-0.5,0.96,3.707,0.0384,0.0162,3.0321,1.0634,1.2541e-03,0.3494,1.4449e+05,0.35,0.02,0.35,0.2071,0.35,0.2079,-0.6239,0.052,16.45,-4.5,0.797
"24Mg(p, gamma)25Al",24Mg,12,12,24,p,2524Mg,25,13,-1,-0.5,0.96,3.707,0.0384,0.0162,3.0613,1.0583,1.2948e-03,0.3493,1.4776e+05,0.35,0.02,0.35,0.2071,0.35,0.2079,-0.6239,0.052,16.45,-4.5,0.797
"24Mg(p, gamma)25Al",24Mg,12,12,24,p,2524Mg,25,13,-1,-0.5,0.96,3.707,0.0384,0.0162,3.0906,1.0533,1.3363e-03,0.3493,1.5105e+05,0.35,0.02,0.35,0.2071,0.35,0.2079,-0.6239,0.052,16.45,-4.5,0.797
"24Mg(p, gamma)25Al",24Mg,12,12,24,p,2524Mg,25,13,-1,-0.5,0.96,3.707,0.0384,0.0162,3.1198,1.0483,1.3785e-03,0.3493,1.5435e+05,0.35,0.02,0.35,0.2071,0.35,0.2079,-0.6239,0.052,16.45,-4.5,0.797
"24Mg(p, gamma)25Al",24Mg,12,12,24,p,2524Mg,25,13,-1,-0.5,0.96,3.707,0.0384,0.0162,3.1491,1.0434,1.4215e-03,0.3493,1.5768e+05,0.35,0.02,0.35,0.2071,0.35,0.2079,-0.6239,0.052,16.45,-4.5,0.797
"24Mg(p, gamma)25Al",24Mg,12,12,24,p,2524Mg,25,13,-1,-0.5,0.96,3.707,0.0384,0.0162,3.1783,1.0386,1.4650e-03,0.3493,1.6102e+05,0.35,0.02,0.35,0.2071,0.35,0.2079,-0.6239,0.052,16.45,-4.5,0.797
"24Mg(p, gamma)25Al",24Mg,12,12,24,p,2524Mg,25,13,-1,-0.5,0.96,3.707,0.0384,0.0162,3.2076,1.0339,1.5095e-03,0.3493,1.6439e+05,0.35,0.02,0.35,0.2071,0.35,0.2079,-0.6239,0.052,16.45,-4.5,0.797
"24Mg(p, gamma)25Al",24Mg,12,12,24,p,2524Mg,25,13,-1,-0.5,0.96,3.707,0.0384,0.0162,3.2368,1.0292,1.5545e-03,0.3493,1.6775e+05,0.35,0.02,0.35,0.2071,0.35,0.2079,-0.6239,0.052,16.45,-4.5,0.797
"24Mg(p, gamma)25Al",24Mg,12,12,24,p,2524Mg,25,13,-1,-0.5,0.96,3.707,0.0384,0.0162,3.2661,1.0246,1.6003e-03,0.3493,1.7115e+05,0.35,0.02,0.35,0.2071,0.35,0.2079,-0.6239,0.052,16.45,-4.5,0.797
"24Mg(p, gamma)25Al",24Mg,12,12,24,p,2524Mg,25,13,-1,-0.5,0.96,3.707,0.0384,0.0162,3.2953,1.02,1.6467e-03,0.3493,1.7455e+05,0.35,0.02,0.35,0.2071,0.35,0.2079,-0.6239,0.052,16.45,-4.5,0.797
"24Mg(p, gamma)25Al",24Mg,12,12,24,p,2524Mg,25,13,-1,-0.5,0.96,3.707,0.0384,0.0162,3.3245,1.0155,1.6938e-03,0.3493,1.7796e+05,0.35,0.02,0.35,0.2071,0.35,0.2079,-0.6239,0.052,16.45,-4.5,0.797
"24Mg(p, gamma)25Al",24Mg,12,12,24,p,2524Mg,25,13,-1,-0.5,0.96,3.707,0.0384,0.0162,3.3538,1.0111,1.7418e-03,0.3493,1.8140e+05,0.35,0.02,0.35,0.2071,0.35,0.2079,-0.6239,0.052,16.45,-4.5,0.797
"24Mg(p, gamma)25Al",24Mg,12,12,24,p,2524Mg,25,13,-1,-0.5,0.96,3.707,0.0384,0.0162,3.383,1.0067,1.7903e-03,0.3493,1.8484e+05,0.35,0.02,0.35,0.2071,0.35,0.2079,-0.6239,0.052,16.45,-4.5,0.797
"24Mg(p, gamma)25Al",24Mg,12,12,24,p,2524Mg,25,13,-1,-0.5,0.96,3.707,0.0384,0.0162,3.4123,1.0024,1.8397e-03,0.3493,1.8831e+05,0.35,0.02,0.35,0.2071,0.35,0.2079,-0.6239,0.052,16.45,-4.5,0.797
"24Mg(p, gamma)25Al",24Mg,12,12,24,p,2524Mg,25,13,-1,-0.5,0.96,3.707,0.0384,0.0162,3.4415,0.9981,1.8896e-03,0.3493,1.9177e+05,0.35,0.02,0.35,0.2071,0.35,0.2079,-0.6239,0.052,16.45,-4.5,0.797
"24Mg(p, gamma)25Al",24Mg,12,12,24,p,2524Mg,25,13,-1,-0.5,0.96,3.707,0.0384,0.0162,3.4708,0.9939,1.9404e-03,0.3493,1.9526e+05,0.35,0.02,0.35,0.2071,0.35,0.2079,-0.6239,0.052,16.45,-4.5,0.797
"24Mg(p, gamma)25Al",24Mg,12,12,24,p,2524Mg,25,13,-1,-0.5,0.96,3.707,0.0384,0.0162,3.5,0.9897,1.9918e-03,0.3493,1.9875e+05,0.35,0.02,0.35,0.2071,0.35,0.2079,-0.6239,0.052,16.45,-4.5,0.797
"28Si(p, gamma)29P",28Si,14,14,28,p,2928Si,29,15,-1,-0.5,0.9655,4.162,0.0426,0.0171,0.02,15.3191,1.5778e-42,0.25,1.9723e-32,0.25,0.02,0.25,0.1702,0.25,0.1719,-0.557,0.0517,18.25,-4.5,0.811
"28Si(p, gamma)29P",28Si,14,14,28,p,2928Si,29,15,-1,-0.5,0.9655,4.162,0.0426,0.0171,0.0492,9.7671,2.2287e-27,0.25,1.1325e-17,0.25,0.02,0.25,0.1702,0.25,0.1719,-0.557,0.0517,18.25,-4.5,0.811
"28Si(p, gamma)29P",28Si,14,14,28,p,2928Si,29,15,-1,-0.5,0.9655,4.162,0.0426,0.0171,0.0785,7.7324,7.9485e-22,0.25,2.5313e-12,0.25,0.02,0.25,0.1702,0.25,0.1719,-0.557,0.0517,18.25,-4.5,0.811
"28Si(p, gamma)29P",28Si,14,14,28,p,2928Si,29,15,-1,-0.5,0.9655,4.162,0.0426,0.0171,0.1077,6.6015,9.6889e-19,0.25,2.2489e-09,0.25,0.02,0.25,0.1702,0.25,0.1719,-0.557,0.0517,18.25,-4.5,0.811
"28Si(p, gamma)29P",28Si,14,14,28,p,2928Si,29,15,-1,-0.5,0.9655,4.162,0.0426,0.0171,0.137,5.8531,1.0673e-16,0.25,1.9475e-07,0.25,0.02,0.25,0.1702,0.25,0.1719,-0.557,0.0517,18.25,-4.5,0.811
"28Si(p, gamma)29P",28Si,14,14,28,p,2928Si,29,15,-1,-0.5,0.9655,4.162,0.0426,0.0171,0.1662,5.3141,3.1555e-15,0.25,4.7461e-06,0.25,0.02,0.25,0.1702,0.25,0.1719,-0.557,0.0517,18.25,-4.5,0.811
"28Si(p, gamma)29P",28Si,14,14,28,p,2928Si,29,15,-1,-0.5,0.9655,4.162,0.0426,0.0171,0.1955,4.8997,4.2638e-14,0.25,5.4519e-05,0.25,0.02,0.25,0.1702,0.25,0.1719,-0.557,0.0517,18.25,-4.5,0.811
"28Si(p, gamma)29P",28Si,14,14,28,p,2928Si,29,15,-1,-0.5,0.9655,4.162,0.0426,0.0171,0.2247,4.5703,3.3787e-13,0.25,3.7587e-04,0.25,0.02,0.25,0.1702,0.25,0.1719,-0.557,0.0517,18.25,-4.5,0.811
"28Si(p, gamma)29P",28Si,14,14,28,p,2928Si,29,15,-1,-0.5,0.9655,4.162,0.0426,0.0171,0.2539,4.2995,1.8526e-12,0.25,1.8239e-03,0.25,0.02,0.25,0.1702,0.25,0.1719,-0.557,0.0517,18.25,-4.5,0.811
"28Si(p, gamma)29P",28Si,14,14,28,p,2928Si,29,15,-1,-0.5,0.9655,4.162,0.0426,0.0171,0.2832,4.071,7.7850e-12,0.25,6.8714e-03,0.25,0.02,0.25,0.1702,0.25,0.1719,-0.557,0.0517,18.25,-4.5,0.811
"28Si(p, gamma)29P",28Si,14,14,28,p,2928Si,29,15,-1,-0.5,0.9655,4.162,0.0426,0.0171,0.3124,3.8761,2.6495e-11,0.25,2.1199e-02,0.25,0.02,0.25,0.1702,0.25,0.1719,-0.557,0.0517,18.25,-4.5,0.811
"28Si(p, gamma)29P",28Si,14,14,28,p,2928Si,29,15,-1,-0.5,0.9655,4.162,0.0426,0.0171,0.3417,3.7062,7.7053e-11,0.25,5.6365e-02,0.25,0.02,0.25,0.1702,0.25,0.1719,-0.557,0.0517,18.25,-4.5,0.811
"28Si(p, gamma)29P",28Si,14,14,28,p,2928Si,29,15,-1,-0.5,0.9655,4.162,0.0426,0.0171,0.3709,3.5573,1.9636e-10,0.25,1.3233e-01,0.25,0.02,0.25,0.1702,0.25,0.1719,-0.557,0.0517,18.25,-4.5,0.811
"28Si(p, gamma)29P",28Si,14,14,28,p,2928Si,29,15,-1,-0.5,0.9655,4.162,0.0426,0.0171,0.4002,3.4246,4.5200e-10,0.2499,2.8230e-01,0.25,0.02,0.25,0.1702,0.25,0.1719,-0.557,0.0517,18.25,-4.5,0.811
"28Si(p, gamma)29P",28Si,14,14,28,p,2928Si,29,15,-1,-0.5,0.9655,4.162,0.0426,0.0171,0.4294,3.3061,9.5162e-10,0.2499,5.5392e-01,0.25,0.02,0.25,0.1702,0.25,0.1719,-0.557,0.0517,18.25,-4.5,0.811
"28Si(p, gamma)29P",28Si,14,14,28,p,2928Si,29,15,-1,-0.5,0.9655,4.162,0.0426,0.0171,0.4587,3.1988,1.8679e-09,0.2499,1.0178e+00,0.25,0.02,0.25,0.1702,0.25,0.1719,-0.557,0.0517,18.25,-4.5,0.811
"28Si(p, gamma)29P",28Si,14,14,28,p,2928Si,29,15,-1,-0.5,0.9655,4.162,0.0426,0.0171,0.4879,3.1016,3.4402e-09,0.2499,1.7623e+00,0.25,0.02,0.25,0.1702,0.25,0.1719,-0.557,0.0517,18.25,-4.5,0.811
"28Si(p, gamma)29P",28Si,14,14,28,p,2928Si,29,15,-1,-0.5,0.9655,4.162,0.0426,0.0171,0.5171,3.0127,6.0119e-09,0.2499,2.9057e+00,0.25,0.02,0.25,0.1702,0.25,0.1719,-0.557,0.0517,18.25,-4.5,0.811
"28Si(p, gamma)29P",28Si,14,14,28,p,2928Si,29,15,-1,-0.5,0.9655,4.162,0.0426,0.0171,0.5464,2.9308,1.0057e-08,0.2499,4.6002e+00,0.25,0.02,0.25,0.1702,0.25,0.1719,-0.557,0.0517,18.25,-4.5,0.811
"28Si(p, gamma)29P",28Si,14,14,28,p,2928Si,29,15,-1,-0.5,0.9655,4.162,0.0426,0.0171,0.5756,2.8555,1.6142e-08,0.2499,7.0089e+00,0.25,0.02,0.25,0.1702,0.25,0.1719,-0.557,0.0517,18.25,-4.5,0.811
"28Si(p, gamma)29P",28Si,14,14,28,p,2928Si,29,15,-1,-0.5,0.9655,4.162,0.0426,0.0171,0.6049,2.7855,2.5062e-08,0.2499,1.0355e+01,0.25,0.02,0.25,0.1702,0.25,0.1719,-0.557,0.0517,18.25,-4.5,0.811
"28Si(p, gamma)29P",28Si,14,14,28,p,2928Si,29,15,-1,-0.5,0.9655,4.162,0.0426,0.0171,0.6341,2.7206,3.7678e-08,0.2499,1.4850e+01,0.25,0.02,0.25,0.1702,0.25,0.1719,-0.557,0.0517,18.25,-4.5,0.811
"28Si(p, gamma)29P",28Si,14,14,28,p,2928Si,29,15,-1,-0.5,0.9655,4.162,0.0426,0.0171,0.6634,2.6599,5.5193e-08,0.2499,2.0792e+01,0.25,0.02,0.25,0.1702,0.25,0.1719,-0.557,0.0517,18.25,-4.5,0.811
"28Si(p, gamma)29P",28Si,14,14,28,p,2928Si,29,15,-1,-0.5,0.9655,4.162,0.0426,0.0171,0.6926,2.6032,7.8802e-08,0.2499,2.8434e+01,0.25,0.02,0.25,0.1702,0.25,0.1719,-0.557,0.0517,18.25,-4.5,0.811
"28Si(p, gamma)29P",28Si,14,14,28,p,2928Si,29,15,-1,-0.5,0.9655,4.162,0.0426,0.0171,0.7218,2.55,1.1008e-07,0.2499,3.8112e+01,0.25,0.02,0.25,0.1702,0.25,0.1719,-0.557,0.0517,18.25,-4.5,0.811
"28Si(p, gamma)29P",28Si,14,14,28,p,2928Si,29,15,-1,-0.5,0.9655,4.162,0.0426,0.0171,0.7511,2.4998,1.5093e-07,0.2499,5.0216e+01,0.25,0.02,0.25,0.1702,0.25,0.1719,-0.557,0.0517,18.25,-4.5,0.811
"28Si(p, gamma)29P",28Si,14,14,28,p,2928Si,29,15,-1,-0.5,0.9655,4.162,0.0426,0.0171,0.7803,2.4525,2.0306e-07,0.2499,6.5031e+01,0.25,0.02,0.25,0.1702,0.25,0.1719,-0.557,0.0517,18.25,-4.5,0.811
"28Si(p, gamma)29P",28Si,14,14,28,p,2928Si,29,15,-1,-0.5,0.9655,4.162,0.0426,0.0171,0.8096,2.4078,2.6905e-07,0.2499,8.3047e+01,0.25,0.02,0.25,0.1702,0.25,0.1719,-0.557,0.0517,18.25,-4.5,0.811
"28Si(p, gamma)29P",28Si,14,14,28,p,2928Si,29,15,-1,-0.5,0.9655,4.162,0.0426,0.0171,0.8388,2.3655,3.5092e-07,0.2499,1.0454e+02,0.25,0.02,0.25,0.1702,0.25,0.1719,-0.557,0.0517,18.25,-4.5,0.811
"28Si(p, gamma)29P",28Si,14,14,28,p,2928Si,29,15,-1,-0.5,0.9655,4.162,0.0426,0.0171,0.8681,2.3252,4.5193e-07,0.2499,1.3009e+02,0.25,0.02,0.25,0.1702,0.25,0.1719,-0.557,0.0517,18.25,-4.5,0.811
"28Si(p, gamma)29P",28Si,14,14,28,p,2928Si,29,15,-1,-0.5,0.9655,4.162,0.0426,0.0171,0.8973,2.2871,5.7434e-07,0.2499,1.5994e+02,0.25,0.02,0.25,0.1702,0.25,0.1719,-0.557,0.0517,18.25,-4.5,0.811
"28Si(p, gamma)29P",28Si,14,14,28,p,2928Si,29,15,-1,-0.5,0.9655,4.162,0.0426,0.0171,0.9266,2.2506,7.2215e-07,0.2499,1.9475e+02,0.25,0.02,0.25,0.1702,0.25,0.1719,-0.557,0.0517,18.25,-4.5,0.811
"28Si(p, gamma)29P",28Si,14,14,28,p,2928Si,29,15,-1,-0.5,0.9655,4.162,0.0426,0.0171,0.9558,2.216,8.9778e-07,0.2499,2.3471e+02,0.25,0.02,0.25,0.1702,0.25,0.1719,-0.557,0.0517,18.25,-4.5,0.811
"28Si(p, gamma)29P",28Si,14,14,28,p,2928Si,29,15,-1,-0.5,0.9655,4.162,0.0426,0.0171,0.985,2.1829,1.1053e-06,0.2499,2.8038e+02,0.25,0.02,0.25,0.1702,0.25,0.1719,-0.557,0.0517,18.25,-4.5,0.811
"28Si(p, gamma)29P",28Si,14,14,28,p,2928Si,29,15,-1,-0.5,0.9655,4.162,0.0426,0.0171,1.0143,2.1511,1.3494e-06,0.2499,3.3241e+02,0.25,0.02,0.25,0.1702,0.25,0.1719,-0.557,0.0517,18.25,-4.5,0.811
"28Si(p, gamma)29P",28Si,14,14,28,p,2928Si,29,15,-1,-0.5,0.9655,4.162,0.0426,0.0171,1.0435,2.1208,1.6325e-06,0.2499,3.9089e+02,0.25,0.02,0.25,0.1702,0.25,0.1719,-0.557,0.0517,18.25,-4.5,0.811
"28Si(p, gamma)29P",28Si,14,14,28,p,2928Si,29,15,-1,-0.5,0.9655,4.162,0.0426,0.0171,1.0728,2.0916,1.9607e-06,0.2499,4.5667e+02,0.25,0.02,0.25,0.1702,0.25,0.1719,-0.557,0.0517,18.25,-4.5,0.811
"28Si(p, gamma)29P",28Si,14,14,28,p,2928Si,29,15,-1,-0.5,0.9655,4.162,0.0426,0.0171,1.102,2.0637,2.3364e-06,0.2499,5.2973e+02,0.25,0.02,0.25,0.1702,0.25,0.1719,-0.557,0.0517,18.25,-4.5,0.811
"28Si(p, gamma)29P",28Si,14,14,28,p,2928Si,29,15,-1,-0.5,0.9655,4.162,0.0426,0.0171,1.1313,2.0368,2.7666e-06,0.2499,6.1102e+02,0.25,0.02,0.25,0.1702,0.25,0.1719,-0.557,0.0517,18.25,-4.5,0.811
"28Si(p, gamma)29P",28Si,14,14,28,p,2928Si,29,15,-1,-0.5,0.9655,4.162,0.0426,0.0171,1.1605,2.0111,3.2533e-06,0.2498,7.0041e+02,0.25,0.02,0.25,0.1702,0.25,0.1719,-0.557,0.0517,18.25,-4.5,0.811
"28Si(p, gamma)29P",28Si,14,14,28,p,2928Si,29,15,-1,-0.5,0.9655,4.162,0.0426,0.0171,1.1897,1.9862,3.8026e-06,0.2498,7.9858e+02,0.25,0.02,0.25,0.1702,0.25,0.1719,-0.557,0.0517,18.25,-4.5,0.811
"28Si(p, gamma)29P",28Si,14,14,28,p,2928Si,29,15,-1,-0.5,0.9655,4.162,0.0426,0.0171,1.219,1.9622,4.4220e-06,0.2498,9.0631e+02,0.25,0.02,0.25,0.1702,0.25,0.1719,-0.557,0.0517,18.25,-4.5,0.811
"28Si(p, gamma)29P",28Si,14,14,28,p,2928Si,29,15,-1,-0.5,0.9655,4.162,0.0426,0.0171,1.2482,1.9391,5.1123e-06,0.2498,1.0233e+03,0.25,0.02,0.25,0.1702,0.25,0.1719,-0.557,0.0517,18.25,-4.5,0.811
"28Si(p, gamma)29P",28Si,14,14,28,p,2928Si,29,15,-1,-0.5,0.9655,4.162,0.0426,0.0171,1.2775,1.9168,5.8837e-06,0.2498,1.1506e+03,0.25,0.02,0.25,0.1702,0.25,0.1719,-0.557,0.0517,18.25,-4.5,0.811
"28Si(p, gamma)29P",28Si,14,14,28,p,2928Si,29,15,-1,-0.5,0.9655,4.162,0.0426,0.0171,1.3067,1.8952,6.7362e-06,0.2498,1.2879e+03,0.25,0.02,0.25,0.1702,0.25,0.1719,-0.557,0.0517,18.25,-4.5,0.811
"28Si(p, gamma)29P",28Si,14,14,28,p,2928Si,29,15,-1,-0.5,0.9655,4.162,0.0426,0.0171,1.336,1.8743,7.6814e-06,0.2498,1.4364e+03,0.25,0.02,0.25,0.1702,0.25,0.1719,-0.557,0.0517,18.25,-4.5,0.811
"28Si(p, gamma)29P",28Si,14,14,28,p,2928Si,29,15,-1,-0.5,0.9655,4.162,0.0426,0.0171,1.3652,1.8542,8.7183e-06,0.2498,1.5954e+03,0.25,0.02,0.25,0.1702,0.25,0.1719,-0.557,0.0517,18.25,-4.5,0.811
"28Si(p, gamma)29P",28Si,14,14,28,p,2928Si,29,15,-1,-0.5,0.9655,4.162,0.0426,0.0171,1.3945,1.8346,9.8598e-06,0.2498,1.7663e+03,0.25,0.02,0.25,0.1702,0.25,0.1719,-0.557,0.0517,18.25,-4.5,0.811
"28Si(p, gamma)29P",28Si,14,14,28,p,2928Si,29,15,-1,-0.5,0.9655,4.162,0.0426,0.0171,1.4237,1.8157,1.1104e-05,0.2498,1.9484e+03,0.25,0.02,0.25,0.1702,0.25,0.1719,-0.557,0.0517,18.25,-4.5,0.811
"28Si(p, gamma)29P",28Si,14,14,28,p,2928Si,29,15,-1,-0.5,0.9655,4.162,0.0426,0.0171,1.4529,1.7973,1.2460e-05,0.2498,2.1423e+03,0.25,0.02,0.25,0.1702,0.25,0.1719,-0.557,0.0517,18.25,-4.5,0.811
"28Si(p, gamma)29P",28Si,14,14,28,p,2928Si,29,15,-1,-0.5,0.9655,4.162,0.0426,0.0171,1.4822,1.7795,1.3939e-05,0.2498,2.3493e+03,0.25,0.02,0.25,0.1702,0.25,0.1719,-0.557,0.0517,18.25,-4.5,0.811
"28Si(p, gamma)29P",28Si,14,14,28,p,2928Si,29,15,-1,-0.5,0.9655,4.162,0.0426,0.0171,1.5114,1.7622,1.5537e-05,0.2498,2.5679e+03,0.25,0.02,0.25,0.1702,0.25,0.1719,-0.557,0.0517,18.25,-4.5,0.811
"28Si(p, gamma)29P",28Si,14,14,28,p,2928Si,29,15,-1,-0.5,0.9655,4.162,0.0426,0.0171,1.5407,1.7454,1.7271e-05,0.2498,2.8002e+03,0.25,0.02,0.25,0.1702,0.25,0.1719,-0.557,0.0517,18.25,-4.5,0.811
"28Si(p, gamma)29P",28Si,14,14,28,p,2928Si,29,15,-1,-0.5,0.9655,4.162,0.0426,0.0171,1.5699,1.7291,1.9134e-05,0.2498,3.0446e+03,0.25,0.02,0.25,0.1702,0.25,0.1719,-0.557,0.0517,18.25,-4.5,0.811
"28Si(p, gamma)29P",28Si,14,14,28,p,2928Si,29,15,-1,-0.5,0.9655,4.162,0.0426,0.0171,1.5992,1.7132,2.1146e-05,0.2498,3.3030e+03,0.25,0.02,0.25,0.1702,0.25,0.1719,-0.557,0.0517,18.25,-4.5,0.811
"28Si(p, gamma)29P",28Si,14,14,28,p,2928Si,29,15,-1,-0.5,0.9655,4.162,0.0426,0.0171,1.6284,1.6977,2.3299e-05,0.2498,3.5739e+03,0.25,0.02,0.25,0.1702,0.25,0.1719,-0.557,0.0517,18.25,-4.5,0.811
"28Si(p, gamma)29P",28Si,14,14,28,p,2928Si,29,15,-1,-0.5,0.9655,4.162,0.0426,0.0171,1.6576,1.6827,2.5605e-05,0.2498,3.8584e+03,0.25,0.02,0.25,0.1702,0.25,0.1719,-0.557,0.0517,18.25,-4.5,0.811
"28Si(p, gamma)29P",28Si,14,14,28,p,2928Si,29,15,-1,-0.5,0.9655,4.162,0.0426,0.0171,1.6869,1.668,2.8078e-05,0.2498,4.1576e+03,0.25,0.02,0.25,0.1702,0.25,0.1719,-0.557,0.0517,18.25,-4.5,0.811
"28Si(p, gamma)29P",28Si,14,14,28,p,2928Si,29,15,-1,-0.5,0.9655,4.162,0.0426,0.0171,1.7161,1.6538,3.0709e-05,0.2498,4.4696e+03,0.25,0.02,0.25,0.1702,0.25,0.1719,-0.557,0.0517,18.25,-4.5,0.811
"28Si(p, gamma)29P",28Si,14,14,28,p,2928Si,29,15,-1,-0.5,0.9655,4.162,0.0426,0.0171,1.7454,1.6398,3.3520e-05,0.2498,4.7968e+03,0.25,0.02,0.25,0.1702,0.25,0.1719,-0.557,0.0517,18.25,-4.5,0.811
"28Si(p, gamma)29P",28Si,14,14,28,p,2928Si,29,15,-1,-0.5,0.9655,4.162,0.0426,0.0171,1.7746,1.6263,3.6498e-05,0.2498,5.1370e+03,0.25,0.02,0.25,0.1702,0.25,0.1719,-0.557,0.0517,18.25,-4.5,0.811
"28Si(p, gamma)29P",28Si,14,14,28,p,2928Si,29,15,-1,-0.5,0.9655,4.162,0.0426,0.0171,1.8039,1.613,3.9669e-05,0.2498,5.4926e+03,0.25,0.02,0.25,0.1702,0.25,0.1719,-0.557,0.0517,18.25,-4.5,0.811
"28Si(p, gamma)29P",28Si,14,14,28,p,2928Si,29,15,-1,-0.5,0.9655,4.162,0.0426,0.0171,1.8331,1.6001,4.3018e-05,0.2498,5.8613e+03,0.25,0.02,0.25,0.1702,0.25,0.1719,-0.557,0.0517,18.25,-4.5,0.811
"28Si(p, gamma)29P",28Si,14,14,28,p,2928Si,29,15,-1,-0.5,0.9655,4.162,0.0426,0.0171,1.8624,1.5875,4.6573e-05,0.2498,6.2457e+03,0.25,0.02,0.25,0.1702,0.25,0.1719,-0.557,0.0517,18.25,-4.5,0.811
"28Si(p, gamma)29P",28Si,14,14,28,p,2928Si,29,15,-1,-0.5,0.9655,4.162,0.0426,0.0171,1.8916,1.5752,5.0315e-05,0.2498,6.6433e+03,0.25,0.02,0.25,0.1702,0.25,0.1719,-0.557,0.0517,18.25,-4.5,0.811
"28Si(p, gamma)29P",28Si,14,14,28,p,2928Si,29,15,-1,-0.5,0.9655,4.162,0.0426,0.0171,1.9208,1.5632,5.4262e-05,0.2498,7.0554e+03,0.25,0.02,0.25,0.1702,0.25,0.1719,-0.557,0.0517,18.25,-4.5,0.811
"28Si(p, gamma)29P",28Si,14,14,28,p,2928Si,29,15,-1,-0.5,0.9655,4.162,0.0426,0.0171,1.9501,1.5514,5.8433e-05,0.2497,7.4835e+03,0.25,0.02,0.25,0.1702,0.25,0.1719,-0.557,0.0517,18.25,-4.5,0.811
"28Si(p, gamma)29P",28Si,14,14,28,p,2928Si,29,15,-1,-0.5,0.9655,4.162,0.0426,0.0171,1.9793,1.5399,6.2806e-05,0.2497,7.9248e+03,0.25,0.02,0.25,0.1702,0.25,0.1719,-0.557,0.0517,18.25,-4.5,0.811
"28Si(p, gamma)29P",28Si,14,14,28,p,2928Si,29,15,-1,-0.5,0.9655,4.162,0.0426,0.0171,2.0086,1.5286,6.7416e-05,0.2497,8.3822e+03,0.25,0.02,0.25,0.1702,0.25,0.1719,-0.557,0.0517,18.25,-4.5,0.811
"28Si(p, gamma)29P",28Si,14,14,28,p,2928Si,29,15,-1,-0.5,0.9655,4.162,0.0426,0.0171,2.0378,1.5176,7.2237e-05,0.2497,8.8527e+03,0.25,0.02,0.25,0.1702,0.25,0.1719,-0.557,0.0517,18.25,-4.5,0.811
"28Si(p, gamma)29P",28Si,14,14,28,p,2928Si,29,15,-1,-0.5,0.9655,4.162,0.0426,0.0171,2.0671,1.5068,7.7306e-05,0.2497,9.3395e+03,0.25,0.02,0.25,0.1702,0.25,0.1719,-0.557,0.0517,18.25,-4.5,0.811
"28Si(p, gamma)29P",28Si,14,14,28,p,2928Si,29,15,-1,-0.5,0.9655,4.162,0.0426,0.0171,2.0963,1.4963,8.2594e-05,0.2497,9.8393e+03,0.25,0.02,0.25,0.1702,0.25,0.1719,-0.557,0.0517,18.25,-4.5,0.811
"28Si(p, gamma)29P",28Si,14,14,28,p,2928Si,29,15,-1,-0.5,0.9655,4.162,0.0426,0.0171,2.1255,1.486,8.8124e-05,0.2497,1.0354e+04,0.25,0.02,0.25,0.1702,0.25,0.1719,-0.557,0.0517,18.25,-4.5,0.811
"28Si(p, gamma)29P",28Si,14,14,28,p,2928Si,29,15,-1,-0.5,0.9655,4.162,0.0426,0.0171,2.1548,1.4759,9.3920e-05,0.2497,1.0884e+04,0.25,0.02,0.25,0.1702,0.25,0.1719,-0.557,0.0517,18.25,-4.5,0.811
"28Si(p, gamma)29P",28Si,14,14,28,p,2928Si,29,15,-1,-0.5,0.9655,4.162,0.0426,0.0171,2.184,1.466,9.9947e-05,0.2497,1.1428e+04,0.25,0.02,0.25,0.1702,0.25,0.1719,-0.557,0.0517,18.25,-4.5,0.811
"28Si(p, gamma)29P",28Si,14,14,28,p,2928Si,29,15,-1,-0.5,0.9655,4.162,0.0426,0.0171,2.2133,1.4562,1.0625e-04,0.2497,1.1988e+04,0.25,0.02,0.25,0.1702,0.25,0.1719,-0.557,0.0517,18.25,-4.5,0.811
"28Si(p, gamma)29P",28Si,14,14,28,p,2928Si,29,15,-1,-0.5,0.9655,4.162,0.0426,0.0171,2.2425,1.4467,1.1280e-04,0.2497,1.2560e+04,0.25,0.02,0.25,0.1702,0.25,0.1719,-0.557,0.0517,18.25,-4.5,0.811
"28Si(p, gamma)29P",28Si,14,14,28,p,2928Si,29,15,-1,-0.5,0.9655,4.162,0.0426,0.0171,2.2718,1.4373,1.1963e-04,0.2497,1.3149e+04,0.25,0.02,0.25,0.1702,0.25,0.1719,-0.557,0.0517,18.25,-4.5,0.811
"28Si(p, gamma)29P",28Si,14,14,28,p,2928Si,29,15,-1,-0.5,0.9655,4.162,0.0426,0.0171,2.301,1.4282,1.2671e-04,0.2497,1.3750e+04,0.25,0.02,0.25,0.1702,0.25,0.1719,-0.557,0.0517,18.25,-4.5,0.811
"28Si(p, gamma)29P",28Si,14,14,28,p,2928Si,29,15,-1,-0.5,0.9655,4.162,0.0426,0.0171,2.3303,1.4192,1.3408e-04,0.2497,1.4367e+04,0.25,0.02,0.25,0.1702,0.25,0.1719,-0.557,0.0517,18.25,-4.5,0.811
"28Si(p, gamma)29P",28Si,14,14,28,p,2928Si,29,15,-1,-0.5,0.9655,4.162,0.0426,0.0171,2.3595,1.4104,1.4171e-04,0.2497,1.4997e+04,0.25,0.02,0.25,0.1702,0.25,0.1719,-0.557,0.0517,18.25,-4.5,0.811
"28Si(p, gamma)29P",28Si,14,14,28,p,2928Si,29,15,-1,-0.5,0.9655,4.162,0.0426,0.0171,2.3887,1.4017,1.4963e-04,0.2497,1.5640e+04,0.25,0.02,0.25,0.1702,0.25,0.1719,-0.557,0.0517,18.25,-4.5,0.811
"28Si(p, gamma)29P",28Si,14,14,28,p,2928Si,29,15,-1,-0.5,0.9655,4.162,0.0426,0.0171,2.418,1.3932,1.5785e-04,0.2497,1.6300e+04,0.25,0.02,0.25,0.1702,0.25,0.1719,-0.557,0.0517,18.25,-4.5,0.811
"28Si(p, gamma)29P",28Si,14,14,28,p,2928Si,29,15,-1,-0.5,0.9655,4.162,0.0426,0.0171,2.4472,1.3849,1.6634e-04,0.2497,1.6971e+04,0.25,0.02,0.25,0.1702,0.25,0.1719,-0.557,0.0517,18.25,-4.5,0.811
"28Si(p, gamma)29P",28Si,14,14,28,p,2928Si,29,15,-1,-0.5,0.9655,4.162,0.0426,0.0171,2.4765,1.3767,1.7516e-04,0.2497,1.7659e+04,0.25,0.02,0.25,0.1702,0.25,0.1719,-0.557,0.0517,18.25,-4.5,0.811
"28Si(p, gamma)29P",28Si,14,14,28,p,2928Si,29,15,-1,-0.5,0.9655,4.162,0.0426,0.0171,2.5057,1.3686,1.8424e-04,0.2497,1.8358e+04,0.25,0.02,0.25,0.1702,0.25,0.1719,-0.557,0.0517,18.25,-4.5,0.811
"28Si(p, gamma)29P",28Si,14,14,28,p,2928Si,29,15,-1,-0.5,0.9655,4.162,0.0426,0.0171,2.535,1.3607,1.9365e-04,0.2497,1.9073e+04,0.25,0.02,0.25,0.1702,0.25,0.1719,-0.557,0.0517,18.25,-4.5,0.811
"28Si(p, gamma)29P",28Si,14,14,28,p,2928Si,29,15,-1,-0.5,0.9655,4.162,0.0426,0.0171,2.5642,1.3529,2.0334e-04,0.2497,1.9798e+04,0.25,0.02,0.25,0.1702,0.25,0.1719,-0.557,0.0517,18.25,-4.5,0.811
"28Si(p, gamma)29P",28Si,14,14,28,p,2928Si,29,15,-1,-0.5,0.9655,4.162,0.0426,0.0171,2.5934,1.3453,2.1334e-04,0.2497,2.0538e+04,0.25,0.02,0.25,0.1702,0.25,0.1719,-0.557,0.0517,18.25,-4.5,0.811
"28Si(p, gamma)29P",28Si,14,14,28,p,2928Si,29,15,-1,-0.5,0.9655,4.162,0.0426,0.0171,2.6227,1.3377,2.2368e-04,0.2497,2.1293e+04,0.25,0.02,0.25,0.1702,0.25,0.1719,-0.557,0.0517,18.25,-4.5,0.811
"28Si(p, gamma)29P",28Si,14,14,28,p,2928Si,29,15,-1,-0.5,0.9655,4.162,0.0426,0.0171,2.6519,1.3304,2.3430e-04,0.2497,2.2058e+04,0.25,0.02,0.25,0.1702,0.25,0.1719,-0.557,0.0517,18.25,-4.5,0.811
"28Si(p, gamma)29P",28Si,14,14,28,p,2928Si,29,15,-1,-0.5,0.9655,4.162,0.0426,0.0171,2.6812,1.3231,2.4528e-04,0.2497,2.2839e+04,0.25,0.02,0.25,0.1702,0.25,0.1719,-0.557,0.0517,18.25,-4.5,0.811
"28Si(p, gamma)29P",28Si,14,14,28,p,2928Si,29,15,-1,-0.5,0.9655,4.162,0.0426,0.0171,2.7104,1.3159,2.5655e-04,0.2496,2.3630e+04,0.25,0.02,0.25,0.1702,0.25,0.1719,-0.557,0.0517,18.25,-4.5,0.811
"28Si(p, gamma)29P",28Si,14,14,28,p,2928Si,29,15,-1,-0.5,0.9655,4.162,0.0426,0.0171,2.7397,1.3089,2.6818e-04,0.2496,2.4437e+04,0.25,0.02,0.25,0.1702,0.25,0.1719,-0.557,0.0517,18.25,-4.5,0.811
"28Si(p, gamma)29P",28Si,14,14,28,p,2928Si,29,15,-1,-0.5,0.9655,4.162,0.0426,0.0171,2.7689,1.3019,2.8010e-04,0.2496,2.5253e+04,0.25,0.02,0.25,0.1702,0.25,0.1719,-0.557,0.0517,18.25,-4.5,0.811
"28Si(p, gamma)29P",28Si,14,14,28,p,2928Si,29,15,-1,-0.5,0.9655,4.162,0.0426,0.0171,2.7982,1.2951,2.9239e-04,0.2496,2.6085e+04,0.25,0.02,0.25,0.1702,0.25,0.1719,-0.557,0.0517,18.25,-4.5,0.811
"28Si(p, gamma)29P",28Si,14,14,28,p,2928Si,29,15,-1,-0.5,0.9655,4.162,0.0426,0.0171,2.8274,1.2884,3.0497e-04,0.2496,2.6926e+04,0.25,0.02,0.25,0.1702,0.25,0.1719,-0.557,0.0517,18.25,-4.5,0.811
"28Si(p, gamma)29P",28Si,14,14,28,p,2928Si,29,15,-1,-0.5,0.9655,4.162,0.0426,0.0171,2.8566,1.2818,3.1788e-04,0.2496,2.7779e+04,0.25,0.02,0.25,0.1702,0.25,0.1719,-0.557,0.0517,18.25,-4.5,0.811
"28Si(p, gamma)29P",28Si,14,14,28,p,2928Si,29,15,-1,-0.5,0.9655,4.162,0.0426,0.0171,2.8859,1.2753,3.3118e-04,0.2496,2.8647e+04,0.25,0.02,0.25,0.1702,0.25,0.1719,-0.557,0.0517,18.25,-4.5,0.811
"28Si(p, gamma)29P",28Si,14,14,28,p,2928Si,29,15,-1,-0.5,0.9655,4.162,0.0426,0.0171,2.9151,1.2689,3.4478e-04,0.2496,2.9524e+04,0.25,0.02,0.25,0.1702,0.25,0.1719,-0.557,0.0517,18.25,-4.5,0.811
"28Si(p, gamma)29P",28Si,14,14,28,p,2928Si,29,15,-1,-0.5,0.9655,4.162,0.0426,0.0171,2.9444,1.2626,3.5877e-04,0.2496,3.0415e+04,0.25,0.02,0.25,0.1702,0.25,0.1719,-0.557,0.0517,18.25,-4.5,0.811
"28Si(p, gamma)29P",28Si,14,14,28,p,2928Si,29,15,-1,-0.5,0.9655,4.162,0.0426,0.0171,2.9736,1.2563,3.7305e-04,0.2496,3.1315e+04,0.25,0.02,0.25,0.1702,0.25,0.1719,-0.557,0.0517,18.25,-4.5,0.811
"28Si(p, gamma)29P",28Si,14,14,28,p,2928Si,29,15,-1,-0.5,0.9655,4.162,0.0426,0.0171,3.0029,1.2502,3.8773e-04,0.2496,3.2230e+04,0.25,0.02,0.25,0.1702,0.25,0.1719,-0.557,0.0517,18.25,-4.5,0.811
"28Si(p, gamma)29P",28Si,14,14,28,p,2928Si,29,15,-1,-0.5,0.9655,4.162,0.0426,0.0171,3.0321,1.2442,4.0272e-04,0.2496,3.3152e+04,0.25,0.02,0.25,0.1702,0.25,0.1719,-0.557,0.0517,18.25,-4.5,0.811
"28Si(p, gamma)29P",28Si,14,14,28,p,2928Si,29,15,-1,-0.5,0.9655,4.162,0.0426,0.0171,3.0613,1.2382,4.1805e-04,0.2496,3.4086e+04,0.25,0.02,0.25,0.1702,0.25,0.1719,-0.557,0.0517,18.25,-4.5,0.811
"28Si(p, gamma)29P",28Si,14,14,28,p,2928Si,29,15,-1,-0.5,0.9655,4.162,0.0426,0.0171,3.0906,1.2323,4.3380e-04,0.2496,3.5034e+04,0.25,0.02,0.25,0.1702,0.25,0.1719,-0.557,0.0517,18.25,-4.5,0.811
"28Si(p, gamma)29P",28Si,14,14,28,p,2928Si,29,15,-1,-0.5,0.9655,4.162,0.0426,0.0171,3.1198,1.2265,4.4984e-04,0.2496,3.5989e+04,0.25,0.02,0.25,0.1702,0.25,0.1719,-0.557,0.0517,18.25,-4.5,0.811
"28Si(p, gamma)29P",28Si,14,14,28,p,2928Si,29,15,-1,-0.5,0.9655,4.162,0.0426,0.0171,3.1491,1.2208,4.6630e-04,0.2496,3.6958e+04,0.25,0.02,0.25,0.1702,0.25,0.1719,-0.557,0.0517,18.25,-4.5,0.811
"28Si(p, gamma)29P",28Si,14,14,28,p,2928Si,29,15,-1,-0.5,0.9655,4.162,0.0426,0.0171,3.1783,1.2152,4.8306e-04,0.2496,3.7934e+04,0.25,0.02,0.25,0.1702,0.25,0.1719,-0.557,0.0517,18.25,-4.5,0.811
"28Si(p, gamma)29P",28Si,14,14,28,p,2928Si,29,15,-1,-0.5,0.9655,4.162,0.0426,0.0171,3.2076,1.2096,5.0025e-04,0.2496,3.8924e+04,0.25,0.02,0.25,0.1702,0.25,0.1719,-0.557,0.0517,18.25,-4.5,0.811
"28Si(p, gamma)29P",28Si,14,14,28,p,2928Si,29,15,-1,-0.5,0.9655,4.162,0.0426,0.0171,3.2368,1.2042,5.1773e-04,0.2496,3.9921e+04,0.25,0.02,0.25,0.1702,0.25,0.1719,-0.557,0.0517,18.25,-4.5,0.811
"28Si(p, gamma)29P",28Si,14,14,28,p,2928Si,29,15,-1,-0.5,0.9655,4.162,0.0426,0.0171,3.2661,1.1988,5.3565e-04,0.2496,4.0931e+04,0.25,0.02,0.25,0.1702,0.25,0.1719,-0.557,0.0517,18.25,-4.5,0.811
"28Si(p, gamma)29P",28Si,14,14,28,p,2928Si,29,15,-1,-0.5,0.9655,4.162,0.0426,0.0171,3.2953,1.1934,5.5386e-04,0.2496,4.1947e+04,0.25,0.02,0.25,0.1702,0.25,0.1719,-0.557,0.0517,18.25,-4.5,0.811
"28Si(p, gamma)29P",28Si,14,14,28,p,2928Si,29,15,-1,-0.5,0.9655,4.162,0.0426,0.0171,3.3245,1.1882,5.7245e-04,0.2496,4.2973e+04,0.25,0.02,0.25,0.1702,0.25,0.1719,-0.557,0.0517,18.25,-4.5,0.811
"28Si(p, gamma)29P",28Si,14,14,28,p,2928Si,29,15,-1,-0.5,0.9655,4.162,0.0426,0.0171,3.3538,1.183,5.9147e-04,0.2496,4.4013e+04,0.25,0.02,0.25,0.1702,0.25,0.1719,-0.557,0.0517,18.25,-4.5,0.811
"28Si(p, gamma)29P",28Si,14,14,28,p,2928Si,29,15,-1,-0.5,0.9655,4.162,0.0426,0.0171,3.383,1.1779,6.1079e-04,0.2496,4.5057e+04,0.25,0.02,0.25,0.1702,0.25,0.1719,-0.557,0.0517,18.25,-4.5,0.811
"28Si(p, gamma)29P",28Si,14,14,28,p,2928Si,29,15,-1,-0.5,0.9655,4.162,0.0426,0.0171,3.4123,1.1728,6.3055e-04,0.2496,4.6115e+04,0.25,0.02,0.25,0.1702,0.25,0.1719,-0.557,0.0517,18.25,-4.5,0.811
"28Si(p, gamma)29P",28Si,14,14,28,p,2928Si,29,15,-1,-0.5,0.9655,4.162,0.0426,0.0171,3.4415,1.1678,6.5062e-04,0.2496,4.7178e+04,0.25,0.02,0.25,0.1702,0.25,0.1719,-0.557,0.0517,18.25,-4.5,0.811
"28Si(p, gamma)29P",28Si,14,14,28,p,2928Si,29,15,-1,-0.5,0.9655,4.162,0.0426,0.0171,3.4708,1.1629,6.7113e-04,0.2495,4.8254e+04,0.25,0.02,0.25,0.1702,0.25,0.1719,-0.557,0.0517,18.25,-4.5,0.811
"28Si(p, gamma)29P",28Si,14,14,28,p,2928Si,29,15,-1,-0.5,0.9655,4.162,0.0426,0.0171,3.5,1.158,6.9194e-04,0.2495,4.9335e+04,0.25,0.02,0.25,0.1702,0.25,0.1719,-0.557,0.0517,18.25,-4.5,0.811
"32S(p, gamma)33Cl",32S,16,16,32,p,3332S,33,17,-1,-0.5,0.9697,4.599,0.0466,0.0179,0.02,17.5454,1.3276e-48,0.15,9.9568e-39,0.15,0.02,0.15,0.1435,0.15,0.1457,-0.5014,0.0515,20.05,-4.5,0.826
"32S(p, gamma)33Cl",32S,16,16,32,p,3332S,33,17,-1,-0.5,0.9697,4.599,0.0466,0.0179,0.0492,11.1865,2.9839e-31,0.15,9.0970e-22,0.15,0.02,0.15,0.1435,0.15,0.1457,-0.5014,0.0515,20.05,-4.5,0.826
"32S(p, gamma)33Cl",32S,16,16,32,p,3332S,33,17,-1,-0.5,0.9697,4.599,0.0466,0.0179,0.0785,8.8561,6.8218e-25,0.15,1.3035e-15,0.15,0.02,0.15,0.1435,0.15,0.1457,-0.5014,0.0515,20.05,-4.5,0.826
"32S(p, gamma)33Cl",32S,16,16,32,p,3332S,33,17,-1,-0.5,0.9697,4.599,0.0466,0.0179,0.1077,7.5608,2.3355e-21,0.15,3.2526e-12,0.15,0.02,0.15,0.1435,0.15,0.1457,-0.5014,0.0515,20.05,-4.5,0.826
"32S(p, gamma)33Cl",32S,16,16,32,p,3332S,33,17,-1,-0.5,0.9697,4.599,0.0466,0.0179,0.137,6.7037,5.0952e-19,0.15,5.5784e-10,0.15,0.02,0.15,0.1435,0.15,0.1457,-0.5014,0.0515,20.05,-4.5,0.826
"32S(p, gamma)33Cl",32S,16,16,32,p,3332S,33,17,-1,-0.5,0.9697,4.599,0.0466,0.0179,0.1662,6.0864,2.4642e-17,0.15,2.2238e-08,0.15,0.02,0.15,0.1435,0.15,0.1457,-0.5014,0.0515,20.05,-4.5,0.826
"32S(p, gamma)33Cl",32S,16,16,32,p,3332S,33,17,-1,-0.5,0.9697,4.599,0.0466,0.0179,0.1955,5.6118,4.8610e-16,0.15,3.7294e-07,0.15,0.02,0.15,0.1435,0.15,0.1457,-0.5014,0.0515,20.05,-4.5,0.826
"32S(p, gamma)33Cl",32S,16,16,32,p,3332S,33,17,-1,-0.5,0.9697,4.599,0.0466,0.0179,0.2247,5.2345,5.2039e-15,0.15,3.4736e-06,0.15,0.02,0.15,0.1435,0.15,0.1457,-0.5014,0.0515,20.05,-4.5,0.826
"32S(p, gamma)33Cl",32S,16,16,32,p,3332S,33,17,-1,-0.5,0.9697,4.599,0.0466,0.0179,0.2539,4.9243,3.6539e-14,0.15,2.1585e-05,0.15,0.02,0.15,0.1435,0.15,0.1457,-0.5014,0.0515,20.05,-4.5,0.826
"32S(p, gamma)33Cl",32S,16,16,32,p,3332S,33,17,-1,-0.5,0.9697,4.599,0.0466,0.0179,0.2832,4.6626,1.8917e-13,0.15,1.0018e-04,0.15,0.02,0.15,0.1435,0.15,0.1457,-0.5014,0.0515,20.05,-4.5,0.826
"32S(p, gamma)33Cl",32S,16,16,32,p,3332S,33,17,-1,-0.5,0.9697,4.599,0.0466,0.0179,0.3124,4.4394,7.6921e-13,0.15,3.6929e-04,0.15,0.02,0.15,0.1435,0.15,0.1457,-0.5014,0.0515,20.05,-4.5,0.826
"32S(p, gamma)33Cl",32S,16,16,32,p,3332S,33,17,-1,-0.5,0.9697,4.599,0.0466,0.0179,0.3417,4.2448,2.6125e-12,0.15,1.1467e-03,0.15,0.02,0.15,0.1435,0.15,0.1457,-0.5014,0.0515,20.05,-4.5,0.826
"32S(p, gamma)33Cl",32S,16,16,32,p,3332S,33,17,-1,-0.5,0.9697,4.599,0.0466,0.0179,0.3709,4.0743,7.6270e-12,0.15,3.0840e-03,0.15,0.02,0.15,0.1435,0.15,0.1457,-0.5014,0.0515,20.05,-4.5,0.826
"32S(p, gamma)33Cl",32S,16,16,32,p,3332S,33,17,-1,-0.5,0.9697,4.599,0.0466,0.0179,0.4002,3.9223,1.9818e-11,0.15,7.4269e-03,0.15,0.02,0.15,0.1435,0.15,0.1457,-0.5014,0.0515,20.05,-4.5,0.826
"32S(p, gamma)33Cl",32S,16,16,32,p,3332S,33,17,-1,-0.5,0.9697,4.599,0.0466,0.0179,0.4294,3.7866,4.6492e-11,0.15,1.6238e-02,0.15,0.02,0.15,0.1435,0.15,0.1457,-0.5014,0.0515,20.05,-4.5,0.826
"32S(p, gamma)33Cl",32S,16,16,32,p,3332S,33,17,-1,-0.5,0.9697,4.599,0.0466,0.0179,0.4587,3.6636,1.0065e-10,0.15,3.2909e-02,0.15,0.02,0.15,0.1435,0.15,0.1457,-0.5014,0.0515,20.05,-4.5,0.826
"32S(p, gamma)33Cl",32S,16,16,32,p,3332S,33,17,-1,-0.5,0.9697,4.599,0.0466,0.0179,0.4879,3.5523,2.0258e-10,0.15,6.2270e-02,0.15,0.02,0.15,0.1435,0.15,0.1457,-0.5014,0.0515,20.05,-4.5,0.826
"32S(p, gamma)33Cl",32S,16,16,32,p,3332S,33,17,-1,-0.5,0.9697,4.599,0.0466,0.0179,0.5171,3.4506,3.8394e-10,0.15,1.1135e-01,0.15,0.02,0.15,0.1435,0.15,0.1457,-0.5014,0.0515,20.05,-4.5,0.826
"32S(p, gamma)33Cl",32S,16,16,32,p,3332S,33,17,-1,-0.5,0.9697,4.599,0.0466,0.0179,0.5464,3.3568,6.9215e-10,0.15,1.8997e-01,0.15,0.02,0.15,0.1435,0.15,0.1457,-0.5014,0.0515,20.05,-4.5,0.826
"32S(p, gamma)33Cl",32S,16,16,32,p,3332S,33,17,-1,-0.5,0.9697,4.599,0.0466,0.0179,0.5756,3.2705,1.1900e-09,0.15,3.1005e-01,0.15,0.02,0.15,0.1435,0.15,0.1457,-0.5014,0.0515,20.05,-4.5,0.826
"32S(p, gamma)33Cl",32S,16,16,32,p,3332S,33,17,-1,-0.5,0.9697,4.599,0.0466,0.0179,0.6049,3.1903,1.9696e-09,0.15,4.8830e-01,0.15,0.02,0.15,0.1435,0.15,0.1457,-0.5014,0.0515,20.05,-4.5,0.826
"32S(p, gamma)33Cl",32S,16,16,32,p,3332S,33,17,-1,-0.5,0.9697,4.599,0.0466,0.0179,0.6341,3.116,3.1419e-09,0.15,7.4304e-01,0.15,0.02,0.15,0.1435,0.15,0.1457,-0.5014,0.0515,20.05,-4.5,0.826
"32S(p, gamma)33Cl",32S,16,16,32,p,3332S,33,17,-1,-0.5,0.9697,4.599,0.0466,0.0179,0.6634,3.0464,4.8650e-09,0.15,1.0997e+00,0.15,0.02,0.15,0.1435,0.15,0.1457,-0.5014,0.0515,20.05,-4.5,0.826
"32S(p, gamma)33Cl",32S,16,16,32,p,3332S,33,17,-1,-0.5,0.9697,4.599,0.0466,0.0179,0.6926,2.9815,7.3148e-09,0.15,1.5838e+00,0.15,0.02,0.15,0.1435,0.15,0.1457,-0.5014,0.0515,20.05,-4.5,0.826
"32S(p, gamma)33Cl",32S,16,16,32,p,3332S,33,17,-1,-0.5,0.9697,4.599,0.0466,0.0179,0.7218,2.9206,1.0727e-08,0.15,2.2285e+00,0.15,0.02,0.15,0.1435,0.15,0.1457,-0.5014,0.0515,20.05,-4.5,0.826
"32S(p, gamma)33Cl",32S,16,16,32,p,3332S,33,17,-1,-0.5,0.9697,4.599,0.0466,0.0179,0.7511,2.863,1.5398e-08,0.15,3.0741e+00,0.15,0.02,0.15,0.1435,0.15,0.1457,-0.5014,0.0515,20.05,-4.5,0.826
"32S(p, gamma)33Cl",32S,16,16,32,p,3332S,33,17,-1,-0.5,0.9697,4.599,0.0466,0.0179,0.7803,2.809,2.1629e-08,0.15,4.1564e+00,0.15,0.02,0.15,0.1435,0.15,0.1457,-0.5014,0.0515,20.05,-4.5,0.826
"32S(p, gamma)33Cl",32S,16,16,32,p,3332S,33,17,-1,-0.5,0.9697,4.599,0.0466,0.0179,0.8096,2.7577,2.9854e-08,0.15,5.5295e+00,0.15,0.02,0.15,0.1435,0.15,0.1457,-0.5014,0.0515,20.05,-4.5,0.826
"32S(p, gamma)33Cl",32S,16,16,32,p,3332S,33,17,-1,-0.5,0.9697,4.599,0.0466,0.0179,0.8388,2.7092,4.0471e-08,0.1499,7.2348e+00,0.15,0.02,0.15,0.1435,0.15,0.1457,-0.5014,0.0515,20.05,-4.5,0.826
"32S(p, gamma)33Cl",32S,16,16,32,p,3332S,33,17,-1,-0.5,0.9697,4.599,0.0466,0.0179,0.8681,2.6631,5.4073e-08,0.1499,9.3400e+00,0.15,0.02,0.15,0.1435,0.15,0.1457,-0.5014,0.0515,20.05,-4.5,0.826
"32S(p, gamma)33Cl",32S,16,16,32,p,3332S,33,17,-1,-0.5,0.9697,4.599,0.0466,0.0179,0.8973,2.6194,7.1154e-08,0.1499,1.1890e+01,0.15,0.02,0.15,0.1435,0.15,0.1457,-0.5014,0.0515,20.05,-4.5,0.826
"32S(p, gamma)33Cl",32S,16,16,32,p,3332S,33,17,-1,-0.5,0.9697,4.599,0.0466,0.0179,0.9266,2.5777,9.2494e-08,0.1499,1.4968e+01,0.15,0.02,0.15,0.1435,0.15,0.1457,-0.5014,0.0515,20.05,-4.5,0.826
"32S(p, gamma)33Cl",32S,16,16,32,p,3332S,33,17,-1,-0.5,0.9697,4.599,0.0466,0.0179,0.9558,2.538,1.1868e-07,0.1499,1.8619e+01,0.15,0.02,0.15,0.1435,0.15,0.1457,-0.5014,0.0515,20.05,-4.5,0.826
"32S(p, gamma)33Cl",32S,16,16,32,p,3332S,33,17,-1,-0.5,0.9697,4.599,0.0466,0.0179,0.985,2.5001,1.5060e-07,0.1499,2.2924e+01,0.15,0.02,0.15,0.1435,0.15,0.1457,-0.5014,0.0515,20.05,-4.5,0.826
"32S(p, gamma)33Cl",32S,16,16,32,p,3332S,33,17,-1,-0.5,0.9697,4.599,0.0466,0.0179,1.0143,2.4637,1.8927e-07,0.1499,2.7978e+01,0.15,0.02,0.15,0.1435,0.15,0.1457,-0.5014,0.0515,20.05,-4.5,0.826
"32S(p, gamma)33Cl",32S,16,16,32,p,3332S,33,17,-1,-0.5,0.9697,4.599,0.0466,0.0179,1.0435,2.429,2.3540e-07,0.1499,3.3824e+01,0.15,0.02,0.15,0.1435,0.15,0.1457,-0.5014,0.0515,20.05,-4.5,0.826
"32S(p, gamma)33Cl",32S,16,16,32,p,3332S,33,17,-1,-0.5,0.9697,4.599,0.0466,0.0179,1.0728,2.3956,2.9037e-07,0.1499,4.0582e+01,0.15,0.02,0.15,0.1435,0.15,0.1457,-0.5014,0.0515,20.05,-4.5,0.826
"32S(p, gamma)33Cl",32S,16,16,32,p,3332S,33,17,-1,-0.5,0.9697,4.599,0.0466,0.0179,1.102,2.3637,3.5492e-07,0.1499,4.8289e+01,0.15,0.02,0.15,0.1435,0.15,0.1457,-0.5014,0.0515,20.05,-4.5,0.826
"32S(p, gamma)33Cl",32S,16,16,32,p,3332S,33,17,-1,-0.5,0.9697,4.599,0.0466,0.0179,1.1313,2.3329,4.3073e-07,0.1499,5.7085e+01,0.15,0.02,0.15,0.1435,0.15,0.1457,-0.5014,0.0515,20.05,-4.5,0.826
"32S(p, gamma)33Cl",32S,16,16,32,p,3332S,33,17,-1,-0.5,0.9697,4.599,0.0466,0.0179,1.1605,2.3033,5.1857e-07,0.1499,6.6995e+01,0.15,0.02,0.15,0.1435,0.15,0.1457,-0.5014,0.0515,20.05,-4.5,0.826
"32S(p, gamma)33Cl",32S,16,16,32,p,3332S,33,17,-1,-0.5,0.9697,4.599,0.0466,0.0179,1.1897,2.2749,6.2003e-07,0.1499,7.8137e+01,0.15,0.02,0.15,0.1435,0.15,0.1457,-0.5014,0.0515,20.05,-4.5,0.826
"32S(p, gamma)33Cl",32S,16,16,32,p,3332S,33,17,-1,-0.5,0.9697,4.599,0.0466,0.0179,1.219,2.2474,7.3701e-07,0.1499,9.0645e+01,0.15,0.02,0.15,0.1435,0.15,0.1457,-0.5014,0.0515,20.05,-4.5,0.826
"32S(p, gamma)33Cl",32S,16,16,32,p,3332S,33,17,-1,-0.5,0.9697,4.599,0.0466,0.0179,1.2482,2.2209,8.7022e-07,0.1499,1.0452e+02,0.15,0.02,0.15,0.1435,0.15,0.1457,-0.5014,0.0515,20.05,-4.5,0.826
"32S(p, gamma)33Cl",32S,16,16,32,p,3332S,33,17,-1,-0.5,0.9697,4.599,0.0466,0.0179,1.2775,2.1953,1.0222e-06,0.1499,1.1996e+02,0.15,0.02,0.15,0.1435,0.15,0.1457,-0.5014,0.0515,20.05,-4.5,0.826
"32S(p, gamma)33Cl",32S,16,16,32,p,3332S,33,17,-1,-0.5,0.9697,4.599,0.0466,0.0179,1.3067,2.1706,1.1935e-06,0.1499,1.3694e+02,0.15,0.02,0.15,0.1435,0.15,0.1457,-0.5014,0.0515,20.05,-4.5,0.826
"32S(p, gamma)33Cl",32S,16,16,32,p,3332S,33,17,-1,-0.5,0.9697,4.599,0.0466,0.0179,1.336,2.1467,1.3872e-06,0.1499,1.5567e+02,0.15,0.02,0.15,0.1435,0.15,0.1457,-0.5014,0.0515,20.05,-4.5,0.826
"32S(p, gamma)33Cl",32S,16,16,32,p,3332S,33,17,-1,-0.5,0.9697,4.599,0.0466,0.0179,1.3652,2.1236,1.6037e-06,0.1499,1.7611e+02,0.15,0.02,0.15,0.1435,0.15,0.1457,-0.5014,0.0515,20.05,-4.5,0.826
"32S(p, gamma)33Cl",32S,16,16,32,p,3332S,33,17,-1,-0.5,0.9697,4.599,0.0466,0.0179,1.3945,2.1012,1.8465e-06,0.1499,1.9850e+02,0.15,0.02,0.15,0.1435,0.15,0.1457,-0.5014,0.0515,20.05,-4.5,0.826
"32S(p, gamma)33Cl",32S,16,16,32,p,3332S,33,17,-1,-0.5,0.9697,4.599,0.0466,0.0179,1.4237,2.0795,2.1156e-06,0.1499,2.2277e+02,0.15,0.02,0.15,0.1435,0.15,0.1457,-0.5014,0.0515,20.05,-4.5,0.826
"32S(p, gamma)33Cl",32S,16,16,32,p,3332S,33,17,-1,-0.5,0.9697,4.599,0.0466,0.0179,1.4529,2.0585,2.4141e-06,0.1499,2.4909e+02,0.15,0.02,0.15,0.1435,0.15,0.1457,-0.5014,0.0515,20.05,-4.5,0.826
"32S(p, gamma)33Cl",32S,16,16,32,p,3332S,33,17,-1,-0.5,0.9697,4.599,0.0466,0.0179,1.4822,2.0381,2.7451e-06,0.1499,2.7763e+02,0.15,0.02,0.15,0.1435,0.15,0.1457,-0.5014,0.0515,20.05,-4.5,0.826
"32S(p, gamma)33Cl",32S,16,16,32,p,3332S,33,17,-1,-0.5,0.9697,4.599,0.0466,0.0179,1.5114,2.0183,3.1084e-06,0.1499,3.0830e+02,0.15,0.02,0.15,0.1435,0.15,0.1457,-0.5014,0.0515,20.05,-4.5,0.826
"32S(p, gamma)33Cl",32S,16,16,32,p,3332S,33,17,-1,-0.5,0.9697,4.599,0.0466,0.0179,1.5407,1.999,3.5088e-06,0.1499,3.4139e+02,0.15,0.02,0.15,0.1435,0.15,0.1457,-0.5014,0.0515,20.05,-4.5,0.826
"32S(p, gamma)33Cl",32S,16,16,32,p,3332S,33,17,-1,-0.5,0.9697,4.599,0.0466,0.0179,1.5699,1.9803,3.9457e-06,0.1499,3.7676e+02,0.15,0.02,0.15,0.1435,0.15,0.1457,-0.5014,0.0515,20.05,-4.5,0.826
"32S(p, gamma)33Cl",32S,16,16,32,p,3332S,33,17,-1,-0.5,0.9697,4.599,0.0466,0.0179,1.5992,1.9621,4.4244e-06,0.1499,4.1473e+02,0.15,0.02,0.15,0.1435,0.15,0.1457,-0.5014,0.0515,20.05,-4.5,0.826
"32S(p, gamma)33Cl",32S,16,16,32,p,3332S,33,17,-1,-0.5,0.9697,4.599,0.0466,0.0179,1.6284,1.9444,4.9440e-06,0.1499,4.5511e+02,0.15,0.02,0.15,0.1435,0.15,0.1457,-0.5014,0.0515,20.05,-4.5,0.826
"32S(p, gamma)33Cl",32S,16,16,32,p,3332S,33,17,-1,-0.5,0.9697,4.599,0.0466,0.0179,1.6576,1.9272,5.5083e-06,0.1499,4.9812e+02,0.15,0.02,0.15,0.1435,0.15,0.1457,-0.5014,0.0515,20.05,-4.5,0.826
"32S(p, gamma)33Cl",32S,16,16,32,p,3332S,33,17,-1,-0.5,0.9697,4.599,0.0466,0.0179,1.6869,1.9104,6.1220e-06,0.1499,5.4399e+02,0.15,0.02,0.15,0.1435,0.15,0.1457,-0.5014,0.0515,20.05,-4.5,0.826
"32S(p, gamma)33Cl",32S,16,16,32,p,3332S,33,17,-1,-0.5,0.9697,4.599,0.0466,0.0179,1.7161,1.8941,6.7832e-06,0.1499,5.9248e+02,0.15,0.02,0.15,0.1435,0.15,0.1457,-0.5014,0.0515,20.05,-4.5,0.826
"32S(p, gamma)33Cl",32S,16,16,32,p,3332S,33,17,-1,-0.5,0.9697,4.599,0.0466,0.0179,1.7454,1.8781,7.4989e-06,0.1499,6.4400e+02,0.15,0.02,0.15,0.1435,0.15,0.1457,-0.5014,0.0515,20.05,-4.5,0.826
"32S(p, gamma)33Cl",32S,16,16,32,p,3332S,33,17,-1,-0.5,0.9697,4.599,0.0466,0.0179,1.7746,1.8626,8.2668e-06,0.1499,6.9825e+02,0.15,0.02,0.15,0.1435,0.15,0.1457,-0.5014,0.0515,20.05,-4.5,0.826
"32S(p, gamma)33Cl",32S,16,16,32,p,3332S,33,17,-1,-0.5,0.9697,4.599,0.0466,0.0179,1.8039,1.8474,9.0946e-06,0.1499,7.5569e+02,0.15,0.02,0.15,0.1435,0.15,0.1457,-0.5014,0.0515,20.05,-4.5,0.826
"32S(p, gamma)33Cl",32S,16,16,32,p,3332S,33,17,-1,-0.5,0.9697,4.599,0.0466,0.0179,1.8331,1.8327,9.9793e-06,0.1499,8.1598e+02,0.15,0.02,0.15,0.1435,0.15,0.1457,-0.5014,0.0515,20.05,-4.5,0.826
"32S(p, gamma)33Cl",32S,16,16,32,p,3332S,33,17,-1,-0.5,0.9697,4.599,0.0466,0.0179,1.8624,1.8182,1.0929e-05,0.1499,8.7959e+02,0.15,0.02,0.15,0.1435,0.15,0.1457,-0.5014,0.0515,20.05,-4.5,0.826
"32S(p, gamma)33Cl",32S,16,16,32,p,3332S,33,17,-1,-0.5,0.9697,4.599,0.0466,0.0179,1.8916,1.8041,1.1941e-05,0.1499,9.4615e+02,0.15,0.02,0.15,0.1435,0.15,0.1457,-0.5014,0.0515,20.05,-4.5,0.826
"32S(p, gamma)33Cl",32S,16,16,32,p,3332S,33,17,-1,-0.5,0.9697,4.599,0.0466,0.0179,1.9208,1.7903,1.3020e-05,0.1499,1.0159e+03,0.15,0.02,0.15,0.1435,0.15,0.1457,-0.5014,0.0515,20.05,-4.5,0.826
"32S(p, gamma)33Cl",32S,16,16,32,p,3332S,33,17,-1,-0.5,0.9697,4.599,0.0466,0.0179,1.9501,1.7768,1.4172e-05,0.1499,1.0892e+03,0.15,0.02,0.15,0.1435,0.15,0.1457,-0.5014,0.0515,20.05,-4.5,0.826
"32S(p, gamma)33Cl",32S,16,16,32,p,3332S,33,17,-1,-0.5,0.9697,4.599,0.0466,0.0179,1.9793,1.7637,1.5393e-05,0.1499,1.1656e+03,0.15,0.02,0.15,0.1435,0.15,0.1457,-0.5014,0.0515,20.05,-4.5,0.826
"32S(p, gamma)33Cl",32S,16,16,32,p,3332S,33,17,-1,-0.5,0.9697,4.599,0.0466,0.0179,2.0086,1.7508,1.6694e-05,0.1499,1.2457e+03,0.15,0.02,0.15,0.1435,0.15,0.1457,-0.5014,0.0515,20.05,-4.5,0.826
"32S(p, gamma)33Cl",32S,16,16,32,p,3332S,33,17,-1,-0.5,0.9697,4.599,0.0466,0.0179,2.0378,1.7382,1.8068e-05,0.1499,1.3289e+03,0.15,0.02,0.15,0.1435,0.15,0.1457,-0.5014,0.0515,20.05,-4.5,0.826
"32S(p, gamma)33Cl",32S,16,16,32,p,3332S,33,17,-1,-0.5,0.9697,4.599,0.0466,0.0179,2.0671,1.7258,1.9528e-05,0.1499,1.4158e+03,0.15,0.02,0.15,0.1435,0.15,0.1457,-0.5014,0.0515,20.05,-4.5,0.826
"32S(p, gamma)33Cl",32S,16,16,32,p,3332S,33,17,-1,-0.5,0.9697,4.599,0.0466,0.0179,2.0963,1.7138,2.1065e-05,0.1499,1.5060e+03,0.15,0.02,0.15,0.1435,0.15,0.1457,-0.5014,0.0515,20.05,-4.5,0.826
"32S(p, gamma)33Cl",32S,16,16,32,p,3332S,33,17,-1,-0.5,0.9697,4.599,0.0466,0.0179,2.1255,1.7019,2.2688e-05,0.1499,1.5998e+03,0.15,0.02,0.15,0.1435,0.15,0.1457,-0.5014,0.0515,20.05,-4.5,0.826
"32S(p, gamma)33Cl",32S,16,16,32,p,3332S,33,17,-1,-0.5,0.9697,4.599,0.0466,0.0179,2.1548,1.6903,2.4405e-05,0.1499,1.6974e+03,0.15,0.02,0.15,0.1435,0.15,0.1457,-0.5014,0.0515,20.05,-4.5,0.826
"32S(p, gamma)33Cl",32S,16,16,32,p,3332S,33,17,-1,-0.5,0.9697,4.599,0.0466,0.0179,2.184,1.679,2.6207e-05,0.1499,1.7983e+03,0.15,0.02,0.15,0.1435,0.15,0.1457,-0.5014,0.0515,20.05,-4.5,0.826
"32S(p, gamma)33Cl",32S,16,16,32,p,3332S,33,17,-1,-0.5,0.9697,4.599,0.0466,0.0179,2.2133,1.6679,2.8109e-05,0.1499,1.9033e+03,0.15,0.02,0.15,0.1435,0.15,0.1457,-0.5014,0.0515,20.05,-4.5,0.826
"32S(p, gamma)33Cl",32S,16,16,32,p,3332S,33,17,-1,-0.5,0.9697,4.599,0.0466,0.0179,2.2425,1.657,3.0101e-05,0.1499,2.0116e+03,0.15,0.02,0.15,0.1435,0.15,0.1457,-0.5014,0.0515,20.05,-4.5,0.826
"32S(p, gamma)33Cl",32S,16,16,32,p,3332S,33,17,-1,-0.5,0.9697,4.599,0.0466,0.0179,2.2718,1.6462,3.2198e-05,0.1499,2.1240e+03,0.15,0.02,0.15,0.1435,0.15,0.1457,-0.5014,0.0515,20.05,-4.5,0.826
"32S(p, gamma)33Cl",32S,16,16,32,p,3332S,33,17,-1,-0.5,0.9697,4.599,0.0466,0.0179,2.301,1.6358,3.4389e-05,0.1499,2.2397e+03,0.15,0.02,0.15,0.1435,0.15,0.1457,-0.5014,0.0515,20.05,-4.5,0.826
"32S(p, gamma)33Cl",32S,16,16,32,p,3332S,33,17,-1,-0.5,0.9697,4.599,0.0466,0.0179,2.3303,1.6254,3.6692e-05,0.1499,2.3596e+03,0.15,0.02,0.15,0.1435,0.15,0.1457,-0.5014,0.0515,20.05,-4.5,0.826
"32S(p, gamma)33Cl",32S,16,16,32,p,3332S,33,17,-1,-0.5,0.9697,4.599,0.0466,0.0179,2.3595,1.6154,3.9093e-05,0.1499,2.4829e+03,0.15,0.02,0.15,0.1435,0.15,0.1457,-0.5014,0.0515,20.05,-4.5,0.826
"32S(p, gamma)33Cl",32S,16,16,32,p,3332S,33,17,-1,-0.5,0.9697,4.599,0.0466,0.0179,2.3887,1.6054,4.1603e-05,0.1499,2.6100e+03,0.15,0.02,0.15,0.1435,0.15,0.1457,-0.5014,0.0515,20.05,-4.5,0.826
"32S(p, gamma)33Cl",32S,16,16,32,p,3332S,33,17,-1,-0.5,0.9697,4.599,0.0466,0.0179,2.418,1.5957,4.4234e-05,0.1499,2.7413e+03,0.15,0.02,0.15,0.1435,0.15,0.1457,-0.5014,0.0515,20.05,-4.5,0.826
"32S(p, gamma)33Cl",32S,16,16,32,p,3332S,33,17,-1,-0.5,0.9697,4.599,0.0466,0.0179,2.4472,1.5861,4.6969e-05,0.1498,2.8760e+03,0.15,0.02,0.15,0.1435,0.15,0.1457,-0.5014,0.0515,20.05,-4.5,0.826
"32S(p, gamma)33Cl",32S,16,16,32,p,3332S,33,17,-1,-0.5,0.9697,4.599,0.0466,0.0179,2.4765,1.5767,4.9830e-05,0.1498,3.0151e+03,0.15,0.02,0.15,0.1435,0.15,0.1457,-0.5014,0.0515,20.05,-4.5,0.826
"32S(p, gamma)33Cl",32S,16,16,32,p,3332S,33,17,-1,-0.5,0.9697,4.599,0.0466,0.0179,2.5057,1.5675,5.2799e-05,0.1498,3.1575e+03,0.15,0.02,0.15,0.1435,0.15,0.1457,-0.5014,0.0515,20.05,-4.5,0.826
"32S(p, gamma)33Cl",32S,16,16,32,p,3332S,33,17,-1,-0.5,0.9697,4.599,0.0466,0.0179,2.535,1.5584,5.5901e-05,0.1498,3.3043e+03,0.15,0.02,0.15,0.1435,0.15,0.1457,-0.5014,0.0515,20.05,-4.5,0.826
"32S(p, gamma)33Cl",32S,16,16,32,p,3332S,33,17,-1,-0.5,0.9697,4.599,0.0466,0.0179,2.5642,1.5495,5.9116e-05,0.1498,3.4545e+03,0.15,0.02,0.15,0.1435,0.15,0.1457,-0.5014,0.0515,20.05,-4.5,0.826
"32S(p, gamma)33Cl",32S,16,16,32,p,3332S,33,17,-1,-0.5,0.9697,4.599,0.0466,0.0179,2.5934,1.5408,6.2456e-05,0.1498,3.6086e+03,0.15,0.02,0.15,0.1435,0.15,0.1457,-0.5014,0.0515,20.05,-4.5,0.826
"32S(p, gamma)33Cl",32S,16,16,32,p,3332S,33,17,-1,-0.5,0.9697,4.599,0.0466,0.0179,2.6227,1.5322,6.5937e-05,0.1498,3.7671e+03,0.15,0.02,0.15,0.1435,0.15,0.1457,-0.5014,0.0515,20.05,-4.5,0.826
"32S(p, gamma)33Cl",32S,16,16,32,p,3332S,33,17,-1,-0.5,0.9697,4.599,0.0466,0.0179,2.6519,1.5237,6.9536e-05,0.1498,3.9289e+03,0.15,0.02,0.15,0.1435,0.15,0.1457,-0.5014,0.0515,20.05,-4.5,0.826
"32S(p, gamma)33Cl",32S,16,16,32,p,3332S,33,17,-1,-0.5,0.9697,4.599,0.0466,0.0179,2.6812,1.5153,7.3280e-05,0.1498,4.0952e+03,0.15,0.02,0.15,0.1435,0.15,0.1457,-0.5014,0.0515,20.05,-4.5,0.826
"32S(p, gamma)33Cl",32S,16,16,32,p,3332S,33,17,-1,-0.5,0.9697,4.599,0.0466,0.0179,2.7104,1.5072,7.7148e-05,0.1498,4.2648e+03,0.15,0.02,0.15,0.1435,0.15,0.1457,-0.5014,0.0515,20.05,-4.5,0.826
"32S(p, gamma)33Cl",32S,16,16,32,p,3332S,33,17,-1,-0.5,0.9697,4.599,0.0466,0.0179,2.7397,1.4991,8.1166e-05,0.1498,4.4389e+03,0.15,0.02,0.15,0.1435,0.15,0.1457,-0.5014,0.0515,20.05,-4.5,0.826
"32S(p, gamma)33Cl",32S,16,16,32,p,3332S,33,17,-1,-0.5,0.9697,4.599,0.0466,0.0179,2.7689,1.4912,8.5310e-05,0.1498,4.6163e+03,0.15,0.02,0.15,0.1435,0.15,0.1457,-0.5014,0.0515,20.05,-4.5,0.826
"32S(p, gamma)33Cl",32S,16,16,32,p,3332S,33,17,-1,-0.5,0.9697,4.599,0.0466,0.0179,2.7982,1.4833,8.9610e-05,0.1498,4.7981e+03,0.15,0.02,0.15,0.1435,0.15,0.1457,-0.5014,0.0515,20.05,-4.5,0.826
"32S(p, gamma)33Cl",32S,16,16,32,p,3332S,33,17,-1,-0.5,0.9697,4.599,0.0466,0.0179,2.8274,1.4757,9.4040e-05,0.1498,4.9833e+03,0.15,0.02,0.15,0.1435,0.15,0.1457,-0.5014,0.0515,20.05,-4.5,0.826
"32S(p, gamma)33Cl",32S,16,16,32,p,3332S,33,17,-1,-0.5,0.9697,4.599,0.0466,0.0179,2.8566,1.4681,9.8616e-05,0.1498,5.1723e+03,0.15,0.02,0.15,0.1435,0.15,0.1457,-0.5014,0.0515,20.05,-4.5,0.826
"32S(p, gamma)33Cl",32S,16,16,32,p,3332S,33,17,-1,-0.5,0.9697,4.599,0.0466,0.0179,2.8859,1.4606,1.0336e-04,0.1498,5.3658e+03,0.15,0.02,0.15,0.1435,0.15,0.1457,-0.5014,0.0515,20.05,-4.5,0.826
"32S(p, gamma)33Cl",32S,16,16,32,p,3332S,33,17,-1,-0.5,0.9697,4.599,0.0466,0.0179,2.9151,1.4533,1.0823e-04,0.1498,5.5625e+03,0.15,0.02,0.15,0.1435,0.15,0.1457,-0.5014,0.0515,20.05,-4.5,0.826
"32S(p, gamma)33Cl",32S,16,16,32,p,3332S,33,17,-1,-0.5,0.9697,4.599,0.0466,0.0179,2.9444,1.446,1.1327e-04,0.1498,5.7637e+03,0.15,0.02,0.15,0.1435,0.15,0.1457,-0.5014,0.0515,20.05,-4.5,0.826
"32S(p, gamma)33Cl",32S,16,16,32,p,3332S,33,17,-1,-0.5,0.9697,4.599,0.0466,0.0179,2.9736,1.4389,1.1845e-04,0.1498,5.9680e+03,0.15,0.02,0.15,0.1435,0.15,0.1457,-0.5014,0.0515,20.05,-4.5,0.826
"32S(p, gamma)33Cl",32S,16,16,32,p,3332S,33,17,-1,-0.5,0.9697,4.599,0.0466,0.0179,3.0029,1.4319,1.2381e-04,0.1498,6.1769e+03,0.15,0.02,0.15,0.1435,0.15,0.1457,-0.5014,0.0515,20.05,-4.5,0.826
"32S(p, gamma)33Cl",32S,16,16,32,p,3332S,33,17,-1,-0.5,0.9697,4.599,0.0466,0.0179,3.0321,1.425,1.2930e-04,0.1498,6.3888e+03,0.15,0.02,0.15,0.1435,0.15,0.1457,-0.5014,0.0515,20.05,-4.5,0.826
"32S(p, gamma)33Cl",32S,16,16,32,p,3332S,33,17,-1,-0.5,0.9697,4.599,0.0466,0.0179,3.0613,1.4182,1.3496e-04,0.1498,6.6045e+03,0.15,0.02,0.15,0.1435,0.15,0.1457,-0.5014,0.0515,20.05,-4.5,0.826
"32S(p, gamma)33Cl",32S,16,16,32,p,3332S,33,17,-1,-0.5,0.9697,4.599,0.0466,0.0179,3.0906,1.4114,1.4080e-04,0.1498,6.8247e+03,0.15,0.02,0.15,0.1435,0.15,0.1457,-0.5014,0.0515,20.05,-4.5,0.826
"32S(p, gamma)33Cl",32S,16,16,32,p,3332S,33,17,-1,-0.5,0.9697,4.599,0.0466,0.0179,3.1198,1.4048,1.4678e-04,0.1498,7.0480e+03,0.15,0.02,0.15,0.1435,0.15,0.1457,-0.5014,0.0515,20.05,-4.5,0.826
"32S(p, gamma)33Cl",32S,16,16,32,p,3332S,33,17,-1,-0.5,0.9697,4.599,0.0466,0.0179,3.1491,1.3982,1.5294e-04,0.1498,7.2757e+03,0.15,0.02,0.15,0.1435,0.15,0.1457,-0.5014,0.0515,20.05,-4.5,0.826
"32S(p, gamma)33Cl",32S,16,16,32,p,3332S,33,17,-1,-0.5,0.9697,4.599,0.0466,0.0179,3.1783,1.3918,1.5926e-04,0.1498,7.5063e+03,0.15,0.02,0.15,0.1435,0.15,0.1457,-0.5014,0.0515,20.05,-4.5,0.826
"32S(p, gamma)33Cl",32S,16,16,32,p,3332S,33,17,-1,-0.5,0.9697,4.599,0.0466,0.0179,3.2076,1.3854,1.6576e-04,0.1498,7.7415e+03,0.15,0.02,0.15,0.1435,0.15,0.1457,-0.5014,0.0515,20.05,-4.5,0.826
"32S(p, gamma)33Cl",32S,16,16,32,p,3332S,33,17,-1,-0.5,0.9697,4.599,0.0466,0.0179,3.2368,1.3792,1.7241e-04,0.1498,7.9795e+03,0.15,0.02,0.15,0.1435,0.15,0.1457,-0.5014,0.0515,20.05,-4.5,0.826
"32S(p, gamma)33Cl",32S,16,16,32,p,3332S,33,17,-1,-0.5,0.9697,4.599,0.0466,0.0179,3.2661,1.373,1.7926e-04,0.1498,8.2219e+03,0.15,0.02,0.15,0.1435,0.15,0.1457,-0.5014,0.0515,20.05,-4.5,0.826
"32S(p, gamma)33Cl",32S,16,16,32,p,3332S,33,17,-1,-0.5,0.9697,4.599,0.0466,0.0179,3.2953,1.3669,1.8626e-04,0.1498,8.4672e+03,0.15,0.02,0.15,0.1435,0.15,0.1457,-0.5014,0.0515,20.05,-4.5,0.826
"32S(p, gamma)33Cl",32S,16,16,32,p,3332S,33,17,-1,-0.5,0.9697,4.599,0.0466,0.0179,3.3245,1.3609,1.9344e-04,0.1498,8.7160e+03,0.15,0.02,0.15,0.1435,0.15,0.1457,-0.5014,0.0515,20.05,-4.5,0.826
"32S(p, gamma)33Cl",32S,16,16,32,p,3332S,33,17,-1,-0.5,0.9697,4.599,0.0466,0.0179,3.3538,1.3549,2.0082e-04,0.1498,8.9693e+03,0.15,0.02,0.15,0.1435,0.15,0.1457,-0.5014,0.0515,20.05,-4.5,0.826
"32S(p, gamma)33Cl",32S,16,16,32,p,3332S,33,17,-1,-0.5,0.9697,4.599,0.0466,0.0179,3.383,1.349,2.0835e-04,0.1498,9.2253e+03,0.15,0.02,0.15,0.1435,0.15,0.1457,-0.5014,0.0515,20.05,-4.5,0.826
"32S(p, gamma)33Cl",32S,16,16,32,p,3332S,33,17,-1,-0.5,0.9697,4.599,0.0466,0.0179,3.4123,1.3432,2.1609e-04,0.1498,9.4857e+03,0.15,0.02,0.15,0.1435,0.15,0.1457,-0.5014,0.0515,20.05,-4.5,0.826
"32S(p, gamma)33Cl",32S,16,16,32,p,3332S,33,17,-1,-0.5,0.9697,4.599,0.0466,0.0179,3.4415,1.3375,2.2398e-04,0.1498,9.7487e+03,0.15,0.02,0.15,0.1435,0.15,0.1457,-0.5014,0.0515,20.05,-4.5,0.826
"32S(p, gamma)33Cl",32S,16,16,32,p,3332S,33,17,-1,-0.5,0.9697,4.599,0.0466,0.0179,3.4708,1.3319,2.3209e-04,0.1498,1.0016e+04,0.15,0.02,0.15,0.1435,0.15,0.1457,-0.5014,0.0515,20.05,-4.5,0.826
"32S(p, gamma)33Cl",32S,16,16,32,p,3332S,33,17,-1,-0.5,0.9697,4.599,0.0466,0.0179,3.5,1.3263,2.4035e-04,0.1498,1.0286e+04,0.15,0.02,0.15,0.1435,0.15,0.1457,-0.5014,0.0515,20.05,-4.5,0.826
"40Ca(p, gamma)41Sc",40Ca,20,20,40,p,4140Ca,41,21,-1,-0.5,0.9756,5.43,0.0542,0.0193,0.02,21.9985,9.3680e-61,0.1,4.6840e-51,0.1,0.02,0.1,0.1078,0.1,0.1104,-0.35,0.0512,23.65,-4.5,0.847
"40Ca(p, gamma)41Sc",40Ca,20,20,40,p,4140Ca,41,21,-1,-0.5,0.9756,5.43,0.0542,0.0193,0.0492,14.0257,5.3373e-39,0.1,1.0848e-29,0.1,0.02,0.1,0.1078,0.1,0.1104,-0.35,0.0512,23.65,-4.5,0.847
"40Ca(p, gamma)41Sc",40Ca,20,20,40,p,4140Ca,41,21,-1,-0.5,0.9756,5.43,0.0542,0.0193,0.0785,11.1038,5.0167e-31,0.1,6.3906e-22,0.1,0.02,0.1,0.1078,0.1,0.1104,-0.35,0.0512,23.65,-4.5,0.847
"40Ca(p, gamma)41Sc",40Ca,20,20,40,p,4140Ca,41,21,-1,-0.5,0.9756,5.43,0.0542,0.0193,0.1077,9.4798,1.3551e-26,0.1,1.2581e-17,0.1,0.02,0.1,0.1078,0.1,0.1104,-0.35,0.0512,23.65,-4.5,0.847
"40Ca(p, gamma)41Sc",40Ca,20,20,40,p,4140Ca,41,21,-1,-0.5,0.9756,5.43,0.0542,0.0193,0.137,8.4052,1.1597e-23,0.1,8.4646e-15,0.1,0.02,0.1,0.1078,0.1,0.1104,-0.35,0.0512,23.65,-4.5,0.847
"40Ca(p, gamma)41Sc",40Ca,20,20,40,p,4140Ca,41,21,-1,-0.5,0.9756,5.43,0.0542,0.0193,0.1662,7.6312,1.5010e-21,0.1,9.0311e-13,0.1,0.02,0.1,0.1078,0.1,0.1104,-0.35,0.0512,23.65,-4.5,0.847
"40Ca(p, gamma)41Sc",40Ca,20,20,40,p,4140Ca,41,21,-1,-0.5,0.9756,5.43,0.0542,0.0193,0.1955,7.0361,6.3116e-20,0.1,3.2282e-11,0.1,0.02,0.1,0.1078,0.1,0.1104,-0.35,0.0512,23.65,-4.5,0.847
"40Ca(p, gamma)41Sc",40Ca,20,20,40,p,4140Ca,41,21,-1,-0.5,0.9756,5.43,0.0542,0.0193,0.2247,6.5631,1.2333e-18,0.1,5.4881e-10,0.1,0.02,0.1,0.1078,0.1,0.1104,-0.35,0.0512,23.65,-4.5,0.847
"40Ca(p, gamma)41Sc",40Ca,20,20,40,p,4140Ca,41,21,-1,-0.5,0.9756,5.43,0.0542,0.0193,0.2539,6.1741,1.4201e-17,0.1,5.5927e-09,0.1,0.02,0.1,0.1078,0.1,0.1104,-0.35,0.0512,23.65,-4.5,0.847
"40Ca(p, gamma)41Sc",40Ca,20,20,40,p,4140Ca,41,21,-1,-0.5,0.9756,5.43,0.0542,0.0193,0.2832,5.846,1.1160e-16,0.1,3.9401e-08,0.1,0.02,0.1,0.1078,0.1,0.1104,-0.35,0.0512,23.65,-4.5,0.847
"40Ca(p, gamma)41Sc",40Ca,20,20,40,p,4140Ca,41,21,-1,-0.5,0.9756,5.43,0.0542,0.0193,0.3124,5.5661,6.4783e-16,0.1,2.0735e-07,0.1,0.02,0.1,0.1078,0.1,0.1104,-0.35,0.0512,23.65,-4.5,0.847
"40Ca(p, gamma)41Sc",40Ca,20,20,40,p,4140Ca,41,21,-1,-0.5,0.9756,5.43,0.0542,0.0193,0.3417,5.3221,3.0009e-15,0.1,8.7812e-07,0.1,0.02,0.1,0.1078,0.1,0.1104,-0.35,0.0512,23.65,-4.5,0.847
"40Ca(p, gamma)41Sc",40Ca,20,20,40,p,4140Ca,41,21,-1,-0.5,0.9756,5.43,0.0542,0.0193,0.3709,5.1083,1.1498e-14,0.1,3.0997e-06,0.1,0.02,0.1,0.1078,0.1,0.1104,-0.35,0.0512,23.65,-4.5,0.847
"40Ca(p, gamma)41Sc",40Ca,20,20,40,p,4140Ca,41,21,-1,-0.5,0.9756,5.43,0.0542,0.0193,0.4002,4.9178,3.8072e-14,0.1,9.5120e-06,0.1,0.02,0.1,0.1078,0.1,0.1104,-0.35,0.0512,23.65,-4.5,0.847
"40Ca(p, gamma)41Sc",40Ca,20,20,40,p,4140Ca,41,21,-1,-0.5,0.9756,5.43,0.0542,0.0193,0.4294,4.7476,1.1089e-13,0.1,2.5822e-05,0.1,0.02,0.1,0.1078,0.1,0.1104,-0.35,0.0512,23.65,-4.5,0.847
"40Ca(p, gamma)41Sc",40Ca,20,20,40,p,4140Ca,41,21,-1,-0.5,0.9756,5.43,0.0542,0.0193,0.4587,4.5935,2.9208e-13,0.1,6.3666e-05,0.1,0.02,0.1,0.1078,0.1,0.1104,-0.35,0.0512,23.65,-4.5,0.847
"40Ca(p, gamma)41Sc",40Ca,20,20,40,p,4140Ca,41,21,-1,-0.5,0.9756,5.43,0.0542,0.0193,0.4879,4.4539,7.0205e-13,0.1,1.4387e-04,0.1,0.02,0.1,0.1078,0.1,0.1104,-0.35,0.0512,23.65,-4.5,0.847
"40Ca(p, gamma)41Sc",40Ca,20,20,40,p,4140Ca,41,21,-1,-0.5,0.9756,5.43,0.0542,0.0193,0.5171,4.3263,1.5650e-12,0.1,3.0259e-04,0.1,0.02,0.1,0.1078,0.1,0.1104,-0.35,0.0512,23.65,-4.5,0.847
"40Ca(p, gamma)41Sc",40Ca,20,20,40,p,4140Ca,41,21,-1,-0.5,0.9756,5.43,0.0542,0.0193,0.5464,4.2087,3.2764e-12,0.1,5.9953e-04,0.1,0.02,0.1,0.1078,0.1,0.1104,-0.35,0.0512,23.65,-4.5,0.847
"40Ca(p, gamma)41Sc",40Ca,20,20,40,p,4140Ca,41,21,-1,-0.5,0.9756,5.43,0.0542,0.0193,0.5756,4.1006,6.4638e-12,0.1,1.1228e-03,0.1,0.02,0.1,0.1078,0.1,0.1104,-0.35,0.0512,23.65,-4.5,0.847
"40Ca(p, gamma)41Sc",40Ca,20,20,40,p,4140Ca,41,21,-1,-0.5,0.9756,5.43,0.0542,0.0193,0.6049,4.0001,1.2158e-11,0.1,2.0095e-03,0.1,0.02,0.1,0.1078,0.1,0.1104,-0.35,0.0512,23.65,-4.5,0.847
"40Ca(p, gamma)41Sc",40Ca,20,20,40,p,4140Ca,41,21,-1,-0.5,0.9756,5.43,0.0542,0.0193,0.6341,3.9069,2.1834e-11,0.1,3.4426e-03,0.1,0.02,0.1,0.1078,0.1,0.1104,-0.35,0.0512,23.65,-4.5,0.847
"40Ca(p, gamma)41Sc",40Ca,20,20,40,p,4140Ca,41,21,-1,-0.5,0.9756,5.43,0.0542,0.0193,0.6634,3.8196,3.7776e-11,0.1,5.6931e-03,0.1,0.02,0.1,0.1078,0.1,0.1104,-0.35,0.0512,23.65,-4.5,0.847
"40Ca(p, gamma)41Sc",40Ca,20,20,40,p,4140Ca,41,21,-1,-0.5,0.9756,5.43,0.0542,0.0193,0.6926,3.7382,6.2993e-11,0.1,9.0932e-03,0.1,0.02,0.1,0.1078,0.1,0.1104,-0.35,0.0512,23.65,-4.5,0.847
"40Ca(p, gamma)41Sc",40Ca,20,20,40,p,4140Ca,41,21,-1,-0.5,0.9756,5.43,0.0542,0.0193,0.7218,3.6618,1.0180e-10,0.1,1.4101e-02,0.1,0.02,0.1,0.1078,0.1,0.1104,-0.35,0.0512,23.65,-4.5,0.847
"40Ca(p, gamma)41Sc",40Ca,20,20,40,p,4140Ca,41,21,-1,-0.5,0.9756,5.43,0.0542,0.0193,0.7511,3.5897,1.6017e-10,0.1,2.1320e-02,0.1,0.02,0.1,0.1078,0.1,0.1104,-0.35,0.0512,23.65,-4.5,0.847
"40Ca(p, gamma)41Sc",40Ca,20,20,40,p,4140Ca,41,21,-1,-0.5,0.9756,5.43,0.0542,0.0193,0.7803,3.5219,2.4526e-10,0.1,3.1423e-02,0.1,0.02,0.1,0.1078,0.1,0.1104,-0.35,0.0512,23.65,-4.5,0.847
"40Ca(p, gamma)41Sc",40Ca,20,20,40,p,4140Ca,41,21,-1,-0.5,0.9756,5.43,0.0542,0.0193,0.8096,3.4576,3.6739e-10,0.1,4.5367e-02,0.1,0.02,0.1,0.1078,0.1,0.1104,-0.35,0.0512,23.65,-4.5,0.847
"40Ca(p, gamma)41Sc",40Ca,20,20,40,p,4140Ca,41,21,-1,-0.5,0.9756,5.43,0.0542,0.0193,0.8388,3.3969,5.3802e-10,0.1,6.4125e-02,0.1,0.02,0.1,0.1078,0.1,0.1104,-0.35,0.0512,23.65,-4.5,0.847
"40Ca(p, gamma)41Sc",40Ca,20,20,40,p,4140Ca,41,21,-1,-0.5,0.9756,5.43,0.0542,0.0193,0.8681,3.339,7.7369e-10,0.1,8.9100e-02,0.1,0.02,0.1,0.1078,0.1,0.1104,-0.35,0.0512,23.65,-4.5,0.847
"40Ca(p, gamma)41Sc",40Ca,20,20,40,p,4140Ca,41,21,-1,-0.5,0.9756,5.43,0.0542,0.0193,0.8973,3.2843,1.0916e-09,0.1,1.2161e-01,0.1,0.02,0.1,0.1078,0.1,0.1104,-0.35,0.0512,23.65,-4.5,0.847
"40Ca(p, gamma)41Sc",40Ca,20,20,40,p,4140Ca,41,21,-1,-0.5,0.9756,5.43,0.0542,0.0193,0.9266,3.2319,1.5166e-09,0.1,1.6363e-01,0.1,0.02,0.1,0.1078,0.1,0.1104,-0.35,0.0512,23.65,-4.5,0.847
"40Ca(p, gamma)41Sc",40Ca,20,20,40,p,4140Ca,41,21,-1,-0.5,0.9756,5.43,0.0542,0.0193,0.9558,3.1822,2.0732e-09,0.1,2.1684e-01,0.1,0.02,0.1,0.1078,0.1,0.1104,-0.35,0.0512,23.65,-4.5,0.847
"40Ca(p, gamma)41Sc",40Ca,20,20,40,p,4140Ca,41,21,-1,-0.5,0.9756,5.43,0.0542,0.0193,0.985,3.1347,2.7946e-09,0.1,2.8362e-01,0.1,0.02,0.1,0.1078,0.1,0.1104,-0.35,0.0512,23.65,-4.5,0.847
"40Ca(p, gamma)41Sc",40Ca,20,20,40,p,4140Ca,41,21,-1,-0.5,0.9756,5.43,0.0542,0.0193,1.0143,3.089,3.7219e-09,0.1,3.6682e-01,0.1,0.02,0.1,0.1078,0.1,0.1104,-0.35,0.0512,23.65,-4.5,0.847
"40Ca(p, gamma)41Sc",40Ca,20,20,40,p,4140Ca,41,21,-1,-0.5,0.9756,5.43,0.0542,0.0193,1.0435,3.0455,4.8926e-09,0.1,4.6871e-01,0.1,0.02,0.1,0.1078,0.1,0.1104,-0.35,0.0512,23.65,-4.5,0.847
"40Ca(p, gamma)41Sc",40Ca,20,20,40,p,4140Ca,41,21,-1,-0.5,0.9756,5.43,0.0542,0.0193,1.0728,3.0036,6.3652e-09,0.1,5.9312e-01,0.1,0.02,0.1,0.1078,0.1,0.1104,-0.35,0.0512,23.65,-4.5,0.847
"40Ca(p, gamma)41Sc",40Ca,20,20,40,p,4140Ca,41,21,-1,-0.5,0.9756,5.43,0.0542,0.0193,1.102,2.9636,8.1870e-09,0.1,7.4266e-01,0.1,0.02,0.1,0.1078,0.1,0.1104,-0.35,0.0512,23.65,-4.5,0.847
"40Ca(p, gamma)41Sc",40Ca,20,20,40,p,4140Ca,41,21,-1,-0.5,0.9756,5.43,0.0542,0.0193,1.1313,2.9249,1.0436e-08,0.1,9.2215e-01,0.1,0.02,0.1,0.1078,0.1,0.1104,-0.35,0.0512,23.65,-4.5,0.847
"40Ca(p, gamma)41Sc",40Ca,20,20,40,p,4140Ca,41,21,-1,-0.5,0.9756,5.43,0.0542,0.0193,1.1605,2.8879,1.3170e-08,0.1,1.1344e+00,0.1,0.02,0.1,0.1078,0.1,0.1104,-0.35,0.0512,23.65,-4.5,0.847
"40Ca(p, gamma)41Sc",40Ca,20,20,40,p,4140Ca,41,21,-1,-0.5,0.9756,5.43,0.0542,0.0193,1.1897,2.8523,1.6478e-08,0.1,1.3845e+00,0.1,0.02,0.1,0.1078,0.1,0.1104,-0.35,0.0512,23.65,-4.5,0.847
"40Ca(p, gamma)41Sc",40Ca,20,20,40,p,4140Ca,41,21,-1,-0.5,0.9756,5.43,0.0542,0.0193,1.219,2.8178,2.0465e-08,0.1,1.6782e+00,0.1,0.02,0.1,0.1078,0.1,0.1104,-0.35,0.0512,23.65,-4.5,0.847
"40Ca(p, gamma)41Sc",40Ca,20,20,40,p,4140Ca,41,21,-1,-0.5,0.9756,5.43,0.0542,0.0193,1.2482,2.7846,2.5204e-08,0.1,2.0184e+00,0.1,0.02,0.1,0.1078,0.1,0.1104,-0.35,0.0512,23.65,-4.5,0.847
"40Ca(p, gamma)41Sc",40Ca,20,20,40,p,4140Ca,41,21,-1,-0.5,0.9756,5.43,0.0542,0.0193,1.2775,2.7525,3.0840e-08,0.1,2.4131e+00,0.1,0.02,0.1,0.1078,0.1,0.1104,-0.35,0.0512,23.65,-4.5,0.847
"40Ca(p, gamma)41Sc",40Ca,20,20,40,p,4140Ca,41,21,-1,-0.5,0.9756,5.43,0.0542,0.0193,1.3067,2.7216,3.7455e-08,0.1,2.8652e+00,0.1,0.02,0.1,0.1078,0.1,0.1104,-0.35,0.0512,23.65,-4.5,0.847
"40Ca(p, gamma)41Sc",40Ca,20,20,40,p,4140Ca,41,21,-1,-0.5,0.9756,5.43,0.0542,0.0193,1.336,2.6916,4.5227e-08,0.1,3.3838e+00,0.1,0.02,0.1,0.1078,0.1,0.1104,-0.35,0.0512,23.65,-4.5,0.847
"40Ca(p, gamma)41Sc",40Ca,20,20,40,p,4140Ca,41,21,-1,-0.5,0.9756,5.43,0.0542,0.0193,1.3652,2.6626,5.4246e-08,0.1,3.9718e+00,0.1,0.02,0.1,0.1078,0.1,0.1104,-0.35,0.0512,23.65,-4.5,0.847
"40Ca(p, gamma)41Sc",40Ca,20,20,40,p,4140Ca,41,21,-1,-0.5,0.9756,5.43,0.0542,0.0193,1.3945,2.6345,6.4730e-08,0.1,4.6397e+00,0.1,0.02,0.1,0.1078,0.1,0.1104,-0.35,0.0512,23.65,-4.5,0.847
"40Ca(p, gamma)41Sc",40Ca,20,20,40,p,4140Ca,41,21,-1,-0.5,0.9756,5.43,0.0542,0.0193,1.4237,2.6073,7.6773e-08,0.1,5.3900e+00,0.1,0.02,0.1,0.1078,0.1,0.1104,-0.35,0.0512,23.65,-4.5,0.847
"40Ca(p, gamma)41Sc",40Ca,20,20,40,p,4140Ca,41,21,-1,-0.5,0.9756,5.43,0.0542,0.0193,1.4529,2.581,9.0587e-08,0.1,6.2320e+00,0.1,0.02,0.1,0.1078,0.1,0.1104,-0.35,0.0512,23.65,-4.5,0.847
"40Ca(p, gamma)41Sc",40Ca,20,20,40,p,4140Ca,41,21,-1,-0.5,0.9756,5.43,0.0542,0.0193,1.4822,2.5554,1.0642e-07,0.1,7.1765e+00,0.1,0.02,0.1,0.1078,0.1,0.1104,-0.35,0.0512,23.65,-4.5,0.847
"40Ca(p, gamma)41Sc",40Ca,20,20,40,p,4140Ca,41,21,-1,-0.5,0.9756,5.43,0.0542,0.0193,1.5114,2.5306,1.2437e-07,0.1,8.2248e+00,0.1,0.02,0.1,0.1078,0.1,0.1104,-0.35,0.0512,23.65,-4.5,0.847
"40Ca(p, gamma)41Sc",40Ca,20,20,40,p,4140Ca,41,21,-1,-0.5,0.9756,5.43,0.0542,0.0193,1.5407,2.5064,1.4477e-07,0.1,9.3920e+00,0.1,0.02,0.1,0.1078,0.1,0.1104,-0.35,0.0512,23.65,-4.5,0.847
"40Ca(p, gamma)41Sc",40Ca,20,20,40,p,4140Ca,41,21,-1,-0.5,0.9756,5.43,0.0542,0.0193,1.5699,2.483,1.6772e-07,0.0999,1.0678e+01,0.1,0.02,0.1,0.1078,0.1,0.1104,-0.35,0.0512,23.65,-4.5,0.847
"40Ca(p, gamma)41Sc",40Ca,20,20,40,p,4140Ca,41,21,-1,-0.5,0.9756,5.43,0.0542,0.0193,1.5992,2.4601,1.9362e-07,0.0999,1.2101e+01,0.1,0.02,0.1,0.1078,0.1,0.1104,-0.35,0.0512,23.65,-4.5,0.847
"40Ca(p, gamma)41Sc",40Ca,20,20,40,p,4140Ca,41,21,-1,-0.5,0.9756,5.43,0.0542,0.0193,1.6284,2.438,2.2254e-07,0.0999,1.3659e+01,0.1,0.02,0.1,0.1078,0.1,0.1104,-0.35,0.0512,23.65,-4.5,0.847
"40Ca(p, gamma)41Sc",40Ca,20,20,40,p,4140Ca,41,21,-1,-0.5,0.9756,5.43,0.0542,0.0193,1.6576,2.4164,2.5484e-07,0.0999,1.5366e+01,0.1,0.02,0.1,0.1078,0.1,0.1104,-0.35,0.0512,23.65,-4.5,0.847
"40Ca(p, gamma)41Sc",40Ca,20,20,40,p,4140Ca,41,21,-1,-0.5,0.9756,5.43,0.0542,0.0193,1.6869,2.3953,2.9092e-07,0.0999,1.7237e+01,0.1,0.02,0.1,0.1078,0.1,0.1104,-0.35,0.0512,23.65,-4.5,0.847
"40Ca(p, gamma)41Sc",40Ca,20,20,40,p,4140Ca,41,21,-1,-0.5,0.9756,5.43,0.0542,0.0193,1.7161,2.3748,3.3085e-07,0.0999,1.9268e+01,0.1,0.02,0.1,0.1078,0.1,0.1104,-0.35,0.0512,23.65,-4.5,0.847
"40Ca(p, gamma)41Sc",40Ca,20,20,40,p,4140Ca,41,21,-1,-0.5,0.9756,5.43,0.0542,0.0193,1.7454,2.3548,3.7519e-07,0.0999,2.1484e+01,0.1,0.02,0.1,0.1078,0.1,0.1104,-0.35,0.0512,23.65,-4.5,0.847
"40Ca(p, gamma)41Sc",40Ca,20,20,40,p,4140Ca,41,21,-1,-0.5,0.9756,5.43,0.0542,0.0193,1.7746,2.3354,4.2397e-07,0.0999,2.3877e+01,0.1,0.02,0.1,0.1078,0.1,0.1104,-0.35,0.0512,23.65,-4.5,0.847
"40Ca(p, gamma)41Sc",40Ca,20,20,40,p,4140Ca,41,21,-1,-0.5,0.9756,5.43,0.0542,0.0193,1.8039,2.3163,4.7786e-07,0.0999,2.6475e+01,0.1,0.02,0.1,0.1078,0.1,0.1104,-0.35,0.0512,23.65,-4.5,0.847
"40Ca(p, gamma)41Sc",40Ca,20,20,40,p,4140Ca,41,21,-1,-0.5,0.9756,5.43,0.0542,0.0193,1.8331,2.2978,5.3684e-07,0.0999,2.9269e+01,0.1,0.02,0.1,0.1078,0.1,0.1104,-0.35,0.0512,23.65,-4.5,0.847
"40Ca(p, gamma)41Sc",40Ca,20,20,40,p,4140Ca,41,21,-1,-0.5,0.9756,5.43,0.0542,0.0193,1.8624,2.2797,6.0167e-07,0.0999,3.2287e+01,0.1,0.02,0.1,0.1078,0.1,0.1104,-0.35,0.0512,23.65,-4.5,0.847
"40Ca(p, gamma)41Sc",40Ca,20,20,40,p,4140Ca,41,21,-1,-0.5,0.9756,5.43,0.0542,0.0193,1.8916,2.262,6.7230e-07,0.0999,3.5520e+01,0.1,0.02,0.1,0.1078,0.1,0.1104,-0.35,0.0512,23.65,-4.5,0.847
"40Ca(p, gamma)41Sc",40Ca,20,20,40,p,4140Ca,41,21,-1,-0.5,0.9756,5.43,0.0542,0.0193,1.9208,2.2447,7.4930e-07,0.0999,3.8986e+01,0.1,0.02,0.1,0.1078,0.1,0.1104,-0.35,0.0512,23.65,-4.5,0.847
"40Ca(p, gamma)41Sc",40Ca,20,20,40,p,4140Ca,41,21,-1,-0.5,0.9756,5.43,0.0542,0.0193,1.9501,2.2278,8.3339e-07,0.0999,4.2709e+01,0.1,0.02,0.1,0.1078,0.1,0.1104,-0.35,0.0512,23.65,-4.5,0.847
"40Ca(p, gamma)41Sc",40Ca,20,20,40,p,4140Ca,41,21,-1,-0.5,0.9756,5.43,0.0542,0.0193,1.9793,2.2113,9.2439e-07,0.0999,4.6673e+01,0.1,0.02,0.1,0.1078,0.1,0.1104,-0.35,0.0512,23.65,-4.5,0.847
"40Ca(p, gamma)41Sc",40Ca,20,20,40,p,4140Ca,41,21,-1,-0.5,0.9756,5.43,0.0542,0.0193,2.0086,2.1951,1.0234e-06,0.0999,5.0916e+01,0.1,0.02,0.1,0.1078,0.1,0.1104,-0.35,0.0512,23.65,-4.5,0.847
"40Ca(p, gamma)41Sc",40Ca,20,20,40,p,4140Ca,41,21,-1,-0.5,0.9756,5.43,0.0542,0.0193,2.0378,2.1793,1.1301e-06,0.0999,5.5419e+01,0.1,0.02,0.1,0.1078,0.1,0.1104,-0.35,0.0512,23.65,-4.5,0.847
"40Ca(p, gamma)41Sc",40Ca,20,20,40,p,4140Ca,41,21,-1,-0.5,0.9756,5.43,0.0542,0.0193,2.0671,2.1638,1.2457e-06,0.0999,6.0221e+01,0.1,0.02,0.1,0.1078,0.1,0.1104,-0.35,0.0512,23.65,-4.5,0.847
"40Ca(p, gamma)41Sc",40Ca,20,20,40,p,4140Ca,41,21,-1,-0.5,0.9756,5.43,0.0542,0.0193,2.0963,2.1487,1.3698e-06,0.0999,6.5301e+01,0.1,0.02,0.1,0.1078,0.1,0.1104,-0.35,0.0512,23.65,-4.5,0.847
"40Ca(p, gamma)41Sc",40Ca,20,20,40,p,4140Ca,41,21,-1,-0.5,0.9756,5.43,0.0542,0.0193,2.1255,2.1339,1.5034e-06,0.0999,7.0684e+01,0.1,0.02,0.1,0.1078,0.1,0.1104,-0.35,0.0512,23.65,-4.5,0.847
"40Ca(p, gamma)41Sc",40Ca,20,20,40,p,4140Ca,41,21,-1,-0.5,0.9756,5.43,0.0542,0.0193,2.1548,2.1194,1.6474e-06,0.0999,7.6401e+01,0.1,0.02,0.1,0.1078,0.1,0.1104,-0.35,0.0512,23.65,-4.5,0.847
"40Ca(p, gamma)41Sc",40Ca,20,20,40,p,4140Ca,41,21,-1,-0.5,0.9756,5.43,0.0542,0.0193,2.184,2.1051,1.8013e-06,0.0999,8.2421e+01,0.1,0.02,0.1,0.1078,0.1,0.1104,-0.35,0.0512,23.65,-4.5,0.847
"40Ca(p, gamma)41Sc",40Ca,20,20,40,p,4140Ca,41,21,-1,-0.5,0.9756,5.43,0.0542,0.0193,2.2133,2.0912,1.9667e-06,0.0999,8.8796e+01,0.1,0.02,0.1,0.1078,0.1,0.1104,-0.35,0.0512,23.65,-4.5,0.847
"40Ca(p, gamma)41Sc",40Ca,20,20,40,p,4140Ca,41,21,-1,-0.5,0.9756,5.43,0.0542,0.0193,2.2425,2.0775,2.1430e-06,0.0999,9.5493e+01,0.1,0.02,0.1,0.1078,0.1,0.1104,-0.35,0.0512,23.65,-4.5,0.847
"40Ca(p, gamma)41Sc",40Ca,20,20,40,p,4140Ca,41,21,-1,-0.5,0.9756,5.43,0.0542,0.0193,2.2718,2.0641,2.3318e-06,0.0999,1.0257e+02,0.1,0.02,0.1,0.1078,0.1,0.1104,-0.35,0.0512,23.65,-4.5,0.847
"40Ca(p, gamma)41Sc",40Ca,20,20,40,p,4140Ca,41,21,-1,-0.5,0.9756,5.43,0.0542,0.0193,2.301,2.0509,2.5325e-06,0.0999,1.0998e+02,0.1,0.02,0.1,0.1078,0.1,0.1104,-0.35,0.0512,23.65,-4.5,0.847
"40Ca(p, gamma)41Sc",40Ca,20,20,40,p,4140Ca,41,21,-1,-0.5,0.9756,5.43,0.0542,0.0193,2.3303,2.038,2.7469e-06,0.0999,1.1779e+02,0.1,0.02,0.1,0.1078,0.1,0.1104,-0.35,0.0512,23.65,-4.5,0.847
"40Ca(p, gamma)41Sc",40Ca,20,20,40,p,4140Ca,41,21,-1,-0.5,0.9756,5.43,0.0542,0.0193,2.3595,2.0253,2.9741e-06,0.0999,1.2595e+02,0.1,0.02,0.1,0.1078,0.1,0.1104,-0.35,0.0512,23.65,-4.5,0.847
"40Ca(p, gamma)41Sc",40Ca,20,20,40,p,4140Ca,41,21,-1,-0.5,0.9756,5.43,0.0542,0.0193,2.3887,2.0129,3.2154e-06,0.0999,1.3451e+02,0.1,0.02,0.1,0.1078,0.1,0.1104,-0.35,0.0512,23.65,-4.5,0.847
"40Ca(p, gamma)41Sc",40Ca,20,20,40,p,4140Ca,41,21,-1,-0.5,0.9756,5.43,0.0542,0.0193,2.418,2.0007,3.4723e-06,0.0999,1.4349e+02,0.1,0.02,0.1,0.1078,0.1,0.1104,-0.35,0.0512,23.65,-4.5,0.847
"40Ca(p, gamma)41Sc",40Ca,20,20,40,p,4140Ca,41,21,-1,-0.5,0.9756,5.43,0.0542,0.0193,2.4472,1.9887,3.7436e-06,0.0999,1.5285e+02,0.1,0.02,0.1,0.1078,0.1,0.1104,-0.35,0.0512,23.65,-4.5,0.847
"40Ca(p, gamma)41Sc",40Ca,20,20,40,p,4140Ca,41,21,-1,-0.5,0.9756,5.43,0.0542,0.0193,2.4765,1.9769,4.0317e-06,0.0999,1.6267e+02,0.1,0.02,0.1,0.1078,0.1,0.1104,-0.35,0.0512,23.65,-4.5,0.847
"40Ca(p, gamma)41Sc",40Ca,20,20,40,p,4140Ca,41,21,-1,-0.5,0.9756,5.43,0.0542,0.0193,2.5057,1.9654,4.3352e-06,0.0999,1.7288e+02,0.1,0.02,0.1,0.1078,0.1,0.1104,-0.35,0.0512,23.65,-4.5,0.847
"40Ca(p, gamma)41Sc",40Ca,20,20,40,p,4140Ca,41,21,-1,-0.5,0.9756,5.43,0.0542,0.0193,2.535,1.954,4.6569e-06,0.0999,1.8355e+02,0.1,0.02,0.1,0.1078,0.1,0.1104,-0.35,0.0512,23.65,-4.5,0.847
"40Ca(p, gamma)41Sc",40Ca,20,20,40,p,4140Ca,41,21,-1,-0.5,0.9756,5.43,0.0542,0.0193,2.5642,1.9428,4.9951e-06,0.0999,1.9464e+02,0.1,0.02,0.1,0.1078,0.1,0.1104,-0.35,0.0512,23.65,-4.5,0.847
"40Ca(p, gamma)41Sc",40Ca,20,20,40,p,4140Ca,41,21,-1,-0.5,0.9756,5.43,0.0542,0.0193,2.5934,1.9318,5.3514e-06,0.0999,2.0618e+02,0.1,0.02,0.1,0.1078,0.1,0.1104,-0.35,0.0512,23.65,-4.5,0.847
"40Ca(p, gamma)41Sc",40Ca,20,20,40,p,4140Ca,41,21,-1,-0.5,0.9756,5.43,0.0542,0.0193,2.6227,1.921,5.7279e-06,0.0999,2.1822e+02,0.1,0.02,0.1,0.1078,0.1,0.1104,-0.35,0.0512,23.65,-4.5,0.847
"40Ca(p, gamma)41Sc",40Ca,20,20,40,p,4140Ca,41,21,-1,-0.5,0.9756,5.43,0.0542,0.0193,2.6519,1.9104,6.1226e-06,0.0999,2.3068e+02,0.1,0.02,0.1,0.1078,0.1,0.1104,-0.35,0.0512,23.65,-4.5,0.847
"40Ca(p, gamma)41Sc",40Ca,20,20,40,p,4140Ca,41,21,-1,-0.5,0.9756,5.43,0.0542,0.0193,2.6812,1.9,6.5388e-06,0.0999,2.4367e+02,0.1,0.02,0.1,0.1078,0.1,0.1104,-0.35,0.0512,23.65,-4.5,0.847
"40Ca(p, gamma)41Sc",40Ca,20,20,40,p,4140Ca,41,21,-1,-0.5,0.9756,5.43,0.0542,0.0193,2.7104,1.8897,6.9743e-06,0.0999,2.5709e+02,0.1,0.02,0.1,0.1078,0.1,0.1104,-0.35,0.0512,23.65,-4.5,0.847
"40Ca(p, gamma)41Sc",40Ca,20,20,40,p,4140Ca,41,21,-1,-0.5,0.9756,5.43,0.0542,0.0193,2.7397,1.8796,7.4328e-06,0.0999,2.7106e+02,0.1,0.02,0.1,0.1078,0.1,0.1104,-0.35,0.0512,23.65,-4.5,0.847
"40Ca(p, gamma)41Sc",40Ca,20,20,40,p,4140Ca,41,21,-1,-0.5,0.9756,5.43,0.0542,0.0193,2.7689,1.8696,7.9116e-06,0.0999,2.8548e+02,0.1,0.02,0.1,0.1078,0.1,0.1104,-0.35,0.0512,23.65,-4.5,0.847
"40Ca(p, gamma)41Sc",40Ca,20,20,40,p,4140Ca,41,21,-1,-0.5,0.9756,5.43,0.0542,0.0193,2.7982,1.8598,8.4149e-06,0.0999,3.0045e+02,0.1,0.02,0.1,0.1078,0.1,0.1104,-0.35,0.0512,23.65,-4.5,0.847
"40Ca(p, gamma)41Sc",40Ca,20,20,40,p,4140Ca,41,21,-1,-0.5,0.9756,5.43,0.0542,0.0193,2.8274,1.8502,8.9396e-06,0.0999,3.1589e+02,0.1,0.02,0.1,0.1078,0.1,0.1104,-0.35,0.0512,23.65,-4.5,0.847
"40Ca(p, gamma)41Sc",40Ca,20,20,40,p,4140Ca,41,21,-1,-0.5,0.9756,5.43,0.0542,0.0193,2.8566,1.8407,9.4883e-06,0.0999,3.3185e+02,0.1,0.02,0.1,0.1078,0.1,0.1104,-0.35,0.0512,23.65,-4.5,0.847
"40Ca(p, gamma)41Sc",40Ca,20,20,40,p,4140Ca,41,21,-1,-0.5,0.9756,5.43,0.0542,0.0193,2.8859,1.8313,1.0064e-05,0.0999,3.4839e+02,0.1,0.02,0.1,0.1078,0.1,0.1104,-0.35,0.0512,23.65,-4.5,0.847
"40Ca(p, gamma)41Sc",40Ca,20,20,40,p,4140Ca,41,21,-1,-0.5,0.9756,5.43,0.0542,0.0193,2.9151,1.8221,1.0662e-05,0.0999,3.6541e+02,0.1,0.02,0.1,0.1078,0.1,0.1104,-0.35,0.0512,23.65,-4.5,0.847
"40Ca(p, gamma)41Sc",40Ca,20,20,40,p,4140Ca,41,21,-1,-0.5,0.9756,5.43,0.0542,0.0193,2.9444,1.813,1.1289e-05,0.0999,3.8304e+02,0.1,0.02,0.1,0.1078,0.1,0.1104,-0.35,0.0512,23.65,-4.5,0.847
"40Ca(p, gamma)41Sc",40Ca,20,20,40,p,4140Ca,41,21,-1,-0.5,0.9756,5.43,0.0542,0.0193,2.9736,1.8041,1.1940e-05,0.0999,4.0114e+02,0.1,0.02,0.1,0.1078,0.1,0.1104,-0.35,0.0512,23.65,-4.5,0.847
"40Ca(p, gamma)41Sc",40Ca,20,20,40,p,4140Ca,41,21,-1,-0.5,0.9756,5.43,0.0542,0.0193,3.0029,1.7953,1.2620e-05,0.0999,4.1987e+02,0.1,0.02,0.1,0.1078,0.1,0.1104,-0.35,0.0512,23.65,-4.5,0.847
"40Ca(p, gamma)41Sc",40Ca,20,20,40,p,4140Ca,41,21,-1,-0.5,0.9756,5.43,0.0542,0.0193,3.0321,1.7866,1.3327e-05,0.0999,4.3909e+02,0.1,0.02,0.1,0.1078,0.1,0.1104,-0.35,0.0512,23.65,-4.5,0.847
"40Ca(p, gamma)41Sc",40Ca,20,20,40,p,4140Ca,41,21,-1,-0.5,0.9756,5.43,0.0542,0.0193,3.0613,1.7781,1.4061e-05,0.0999,4.5888e+02,0.1,0.02,0.1,0.1078,0.1,0.1104,-0.35,0.0512,23.65,-4.5,0.847
"40Ca(p, gamma)41Sc",40Ca,20,20,40,p,4140Ca,41,21,-1,-0.5,0.9756,5.43,0.0542,0.0193,3.0906,1.7696,1.4828e-05,0.0999,4.7930e+02,0.1,0.02,0.1,0.1078,0.1,0.1104,-0.35,0.0512,23.65,-4.5,0.847
"40Ca(p, gamma)41Sc",40Ca,20,20,40,p,4140Ca,41,21,-1,-0.5,0.9756,5.43,0.0542,0.0193,3.1198,1.7613,1.5622e-05,0.0999,5.0023e+02,0.1,0.02,0.1,0.1078,0.1,0.1104,-0.35,0.0512,23.65,-4.5,0.847
"40Ca(p, gamma)41Sc",40Ca,20,20,40,p,4140Ca,41,21,-1,-0.5,0.9756,5.43,0.0542,0.0193,3.1491,1.7531,1.6449e-05,0.0999,5.2182e+02,0.1,0.02,0.1,0.1078,0.1,0.1104,-0.35,0.0512,23.65,-4.5,0.847
"40Ca(p, gamma)41Sc",40Ca,20,20,40,p,4140Ca,41,21,-1,-0.5,0.9756,5.43,0.0542,0.0193,3.1783,1.7451,1.7305e-05,0.0999,5.4392e+02,0.1,0.02,0.1,0.1078,0.1,0.1104,-0.35,0.0512,23.65,-4.5,0.847
"40Ca(p, gamma)41Sc",40Ca,20,20,40,p,4140Ca,41,21,-1,-0.5,0.9756,5.43,0.0542,0.0193,3.2076,1.7371,1.8196e-05,0.0999,5.6669e+02,0.1,0.02,0.1,0.1078,0.1,0.1104,-0.35,0.0512,23.65,-4.5,0.847
"40Ca(p, gamma)41Sc",40Ca,20,20,40,p,4140Ca,41,21,-1,-0.5,0.9756,5.43,0.0542,0.0193,3.2368,1.7292,1.9116e-05,0.0999,5.8997e+02,0.1,0.02,0.1,0.1078,0.1,0.1104,-0.35,0.0512,23.65,-4.5,0.847
"40Ca(p, gamma)41Sc",40Ca,20,20,40,p,4140Ca,41,21,-1,-0.5,0.9756,5.43,0.0542,0.0193,3.2661,1.7214,2.0073e-05,0.0999,6.1394e+02,0.1,0.02,0.1,0.1078,0.1,0.1104,-0.35,0.0512,23.65,-4.5,0.847
"40Ca(p, gamma)41Sc",40Ca,20,20,40,p,4140Ca,41,21,-1,-0.5,0.9756,5.43,0.0542,0.0193,3.2953,1.7138,2.1060e-05,0.0999,6.3843e+02,0.1,0.02,0.1,0.1078,0.1,0.1104,-0.35,0.0512,23.65,-4.5,0.847
"40Ca(p, gamma)41Sc",40Ca,20,20,40,p,4140Ca,41,21,-1,-0.5,0.9756,5.43,0.0542,0.0193,3.3245,1.7063,2.2083e-05,0.0999,6.6353e+02,0.1,0.02,0.1,0.1078,0.1,0.1104,-0.35,0.0512,23.65,-4.5,0.847
"40Ca(p, gamma)41Sc",40Ca,20,20,40,p,4140Ca,41,21,-1,-0.5,0.9756,5.43,0.0542,0.0193,3.3538,1.6988,2.3144e-05,0.0999,6.8933e+02,0.1,0.02,0.1,0.1078,0.1,0.1104,-0.35,0.0512,23.65,-4.5,0.847
"40Ca(p, gamma)41Sc",40Ca,20,20,40,p,4140Ca,41,21,-1,-0.5,0.9756,5.43,0.0542,0.0193,3.383,1.6914,2.4237e-05,0.0999,7.1567e+02,0.1,0.02,0.1,0.1078,0.1,0.1104,-0.35,0.0512,23.65,-4.5,0.847
"40Ca(p, gamma)41Sc",40Ca,20,20,40,p,4140Ca,41,21,-1,-0.5,0.9756,5.43,0.0542,0.0193,3.4123,1.6842,2.5371e-05,0.0999,7.4271e+02,0.1,0.02,0.1,0.1078,0.1,0.1104,-0.35,0.0512,23.65,-4.5,0.847
"40Ca(p, gamma)41Sc",40Ca,20,20,40,p,4140Ca,41,21,-1,-0.5,0.9756,5.43,0.0542,0.0193,3.4415,1.677,2.6539e-05,0.0999,7.7029e+02,0.1,0.02,0.1,0.1078,0.1,0.1104,-0.35,0.0512,23.65,-4.5,0.847
"40Ca(p, gamma)41Sc",40Ca,20,20,40,p,4140Ca,41,21,-1,-0.5,0.9756,5.43,0.0542,0.0193,3.4708,1.6699,2.7748e-05,0.0999,7.9859e+02,0.1,0.02,0.1,0.1078,0.1,0.1104,-0.35,0.0512,23.65,-4.5,0.847
"40Ca(p, gamma)41Sc",40Ca,20,20,40,p,4140Ca,41,21,-1,-0.5,0.9756,5.43,0.0542,0.0193,3.5,1.6629,2.8992e-05,0.0999,8.2743e+02,0.1,0.02,0.1,0.1078,0.1,0.1104,-0.35,0.0512,23.65,-4.5,0.847
"56Fe(p, gamma)57Co",56Fe,26,30,56,p,5756Fe,57,27,3,1.5,0.9825,6.465,0.0647,0.0211,0.02,28.6982,4.8956e-79,0.05,1.2239e-69,0.05,0.02,0.05,0.0698,0.05,0.0724,-0.0396,0.0474,28.84,-17.85,0.79
"56Fe(p, gamma)57Co",56Fe,26,30,56,p,5756Fe,57,27,3,1.5,0.9825,6.465,0.0647,0.0211,0.0492,18.2973,1.1783e-50,0.05,1.1974e-41,0.05,0.02,0.05,0.0698,0.05,0.0724,-0.0396,0.0474,28.84,-17.85,0.79
"56Fe(p, gamma)57Co",56Fe,26,30,56,p,5756Fe,57,27,3,1.5,0.9825,6.465,0.0647,0.0211,0.0785,14.4855,2.9688e-40,0.05,1.8909e-31,0.05,0.02,0.05,0.0698,0.05,0.0724,-0.0396,0.0474,28.84,-17.85,0.79
"56Fe(p, gamma)57Co",56Fe,26,30,56,p,5756Fe,57,27,3,1.5,0.9825,6.465,0.0647,0.0211,0.1077,12.3669,1.7937e-34,0.05,8.3272e-26,0.05,0.02,0.05,0.0698,0.05,0.0724,-0.0396,0.0474,28.84,-17.85,0.79
"56Fe(p, gamma)57Co",56Fe,26,30,56,p,5756Fe,57,27,3,1.5,0.9825,6.465,0.0647,0.0211,0.137,10.965,1.2001e-30,0.05,4.3797e-22,0.05,0.02,0.05,0.0698,0.05,0.0724,-0.0396,0.0474,28.84,-17.85,0.79
"56Fe(p, gamma)57Co",56Fe,26,30,56,p,5756Fe,57,27,3,1.5,0.9825,6.465,0.0647,0.0211,0.1662,9.9553,6.8312e-28,0.05,2.0550e-19,0.05,0.02,0.05,0.0698,0.05,0.0724,-0.0396,0.0474,28.84,-17.85,0.79
"56Fe(p, gamma)57Co",56Fe,26,30,56,p,5756Fe,57,27,3,1.5,0.9825,6.465,0.0647,0.0211,0.1955,9.179,8.9693e-26,0.05,2.2938e-17,0.05,0.02,0.05,0.0698,0.05,0.0724,-0.0396,0.0474,28.84,-17.85,0.79
"56Fe(p, gamma)57Co",56Fe,26,30,56,p,5756Fe,57,27,3,1.5,0.9825,6.465,0.0647,0.0211,0.2247,8.5618,4.3334e-24,0.05,9.6422e-16,0.05,0.02,0.05,0.0698,0.05,0.0724,-0.0396,0.0474,28.84,-17.85,0.79
"56Fe(p, gamma)57Co",56Fe,26,30,56,p,5756Fe,57,27,3,1.5,0.9825,6.465,0.0647,0.0211,0.2539,8.0545,1.0503e-22,0.05,2.0682e-14,0.05,0.02,0.05,0.0698,0.05,0.0724,-0.0396,0.0474,28.84,-17.85,0.79
"56Fe(p, gamma)57Co",56Fe,26,30,56,p,5756Fe,57,27,3,1.5,0.9825,6.465,0.0647,0.0211,0.2832,7.6265,1.5463e-21,0.05,2.7299e-13,0.05,0.02,0.05,0.0698,0.05,0.0724,-0.0396,0.0474,28.84,-17.85,0.79
"56Fe(p, gamma)57Co",56Fe,26,30,56,p,5756Fe,57,27,3,1.5,0.9825,6.465,0.0647,0.0211,0.3124,7.2613,1.5337e-20,0.05,2.4546e-12,0.05,0.02,0.05,0.0698,0.05,0.0724,-0.0396,0.0474,28.84,-17.85,0.79
"56Fe(p, gamma)57Co",56Fe,26,30,56,p,5756Fe,57,27,3,1.5,0.9825,6.465,0.0647,0.0211,0.3417,6.943,1.1332e-19,0.05,1.6580e-11,0.05,0.02,0.05,0.0698,0.05,0.0724,-0.0396,0.0474,28.84,-17.85,0.79
"56Fe(p, gamma)57Co",56Fe,26,30,56,p,5756Fe,57,27,3,1.5,0.9825,6.465,0.0647,0.0211,0.3709,6.6641,6.5366e-19,0.05,8.8111e-11,0.05,0.02,0.05,0.0698,0.05,0.0724,-0.0396,0.0474,28.84,-17.85,0.79
"56Fe(p, gamma)57Co",56Fe,26,30,56,p,5756Fe,57,27,3,1.5,0.9825,6.465,0.0647,0.0211,0.4002,6.4155,3.1166e-18,0.05,3.8935e-10,0.05,0.02,0.05,0.0698,0.05,0.0724,-0.0396,0.0474,28.84,-17.85,0.79
"56Fe(p, gamma)57Co",56Fe,26,30,56,p,5756Fe,57,27,3,1.5,0.9825,6.465,0.0647,0.0211,0.4294,6.1935,1.2572e-17,0.05,1.4637e-09,0.05,0.02,0.05,0.0698,0.05,0.0724,-0.0396,0.0474,28.84,-17.85,0.79
"56Fe(p, gamma)57Co",56Fe,26,30,56,p,5756Fe,57,27,3,1.5,0.9825,6.465,0.0647,0.0211,0.4587,5.9925,4.4471e-17,0.05,4.8470e-09,0.05,0.02,0.05,0.0698,0.05,0.0724,-0.0396,0.0474,28.84,-17.85,0.79
"56Fe(p, gamma)57Co",56Fe,26,30,56,p,5756Fe,57,27,3,1.5,0.9825,6.465,0.0647,0.0211,0.4879,5.8104,1.3962e-16,0.05,1.4307e-08,0.05,0.02,0.05,0.0698,0.05,0.0724,-0.0396,0.0474,28.84,-17.85,0.79
"56Fe(p, gamma)57Co",56Fe,26,30,56,p,5756Fe,57,27,3,1.5,0.9825,6.465,0.0647,0.0211,0.5171,5.6439,3.9729e-16,0.05,3.8411e-08,0.05,0.02,0.05,0.0698,0.05,0.0724,-0.0396,0.0474,28.84,-17.85,0.79
"56Fe(p, gamma)57Co",56Fe,26,30,56,p,5756Fe,57,27,3,1.5,0.9825,6.465,0.0647,0.0211,0.5464,5.4905,1.0416e-15,0.05,9.5308e-08,0.05,0.02,0.05,0.0698,0.05,0.0724,-0.0396,0.0474,28.84,-17.85,0.79
"56Fe(p, gamma)57Co",56Fe,26,30,56,p,5756Fe,57,27,3,1.5,0.9825,6.465,0.0647,0.0211,0.5756,5.3494,2.5275e-15,0.05,2.1952e-07,0.05,0.02,0.05,0.0698,0.05,0.0724,-0.0396,0.0474,28.84,-17.85,0.79
"56Fe(p, gamma)57Co",56Fe,26,30,56,p,5756Fe,57,27,3,1.5,0.9825,6.465,0.0647,0.0211,0.6049,5.2183,5.7624e-15,0.05,4.7625e-07,0.05,0.02,0.05,0.0698,0.05,0.0724,-0.0396,0.0474,28.84,-17.85,0.79
"56Fe(p, gamma)57Co",56Fe,26,30,56,p,5756Fe,57,27,3,1.5,0.9825,6.465,0.0647,0.0211,0.6341,5.0967,1.2369e-14,0.05,9.7518e-07,0.05,0.02,0.05,0.0698,0.05,0.0724,-0.0396,0.0474,28.84,-17.85,0.79
"56Fe(p, gamma)57Co",56Fe,26,30,56,p,5756Fe,57,27,3,1.5,0.9825,6.465,0.0647,0.0211,0.6634,4.9829,2.5288e-14,0.05,1.9057e-06,0.05,0.02,0.05,0.0698,0.05,0.0724,-0.0396,0.0474,28.84,-17.85,0.79
"56Fe(p, gamma)57Co",56Fe,26,30,56,p,5756Fe,57,27,3,1.5,0.9825,6.465,0.0647,0.0211,0.6926,4.8767,4.9276e-14,0.05,3.5568e-06,0.05,0.02,0.05,0.0698,0.05,0.0724,-0.0396,0.0474,28.84,-17.85,0.79
"56Fe(p, gamma)57Co",56Fe,26,30,56,p,5756Fe,57,27,3,1.5,0.9825,6.465,0.0647,0.0211,0.7218,4.7771,9.2169e-14,0.05,6.3837e-06,0.05,0.02,0.05,0.0698,0.05,0.0724,-0.0396,0.0474,28.84,-17.85,0.79
"56Fe(p, gamma)57Co",56Fe,26,30,56,p,5756Fe,57,27,3,1.5,0.9825,6.465,0.0647,0.0211,0.7511,4.683,1.6648e-13,0.05,1.1081e-05,0.05,0.02,0.05,0.0698,0.05,0.0724,-0.0396,0.0474,28.84,-17.85,0.79
"56Fe(p, gamma)57Co",56Fe,26,30,56,p,5756Fe,57,27,3,1.5,0.9825,6.465,0.0647,0.0211,0.7803,4.5945,2.9023e-13,0.05,1.8594e-05,0.05,0.02,0.05,0.0698,0.05,0.0724,-0.0396,0.0474,28.84,-17.85,0.79
"56Fe(p, gamma)57Co",56Fe,26,30,56,p,5756Fe,57,27,3,1.5,0.9825,6.465,0.0647,0.0211,0.8096,4.5106,4.9170e-13,0.05,3.0362e-05,0.05,0.02,0.05,0.0698,0.05,0.0724,-0.0396,0.0474,28.84,-17.85,0.79
"56Fe(p, gamma)57Co",56Fe,26,30,56,p,5756Fe,57,27,3,1.5,0.9825,6.465,0.0647,0.0211,0.8388,4.4314,8.0879e-13,0.05,4.8202e-05,0.05,0.02,0.05,0.0698,0.05,0.0724,-0.0396,0.0474,28.84,-17.85,0.79
"56Fe(p, gamma)57Co",56Fe,26,30,56,p,5756Fe,57,27,3,1.5,0.9825,6.465,0.0647,0.0211,0.8681,4.356,1.2991e-12,0.05,7.4812e-05,0.05,0.02,0.05,0.0698,0.05,0.0724,-0.0396,0.0474,28.84,-17.85,0.79
"56Fe(p, gamma)57Co",56Fe,26,30,56,p,5756Fe,57,27,3,1.5,0.9825,6.465,0.0647,0.0211,0.8973,4.2845,2.0354e-12,0.05,1.1340e-04,0.05,0.02,0.05,0.0698,0.05,0.0724,-0.0396,0.0474,28.84,-17.85,0.79
"56Fe(p, gamma)57Co",56Fe,26,30,56,p,5756Fe,57,27,3,1.5,0.9825,6.465,0.0647,0.0211,0.9266,4.2162,3.1260e-12,0.05,1.6865e-04,0.05,0.02,0.05,0.0698,0.05,0.0724,-0.0396,0.0474,28.84,-17.85,0.79
"56Fe(p, gamma)57Co",56Fe,26,30,56,p,5756Fe,57,27,3,1.5,0.9825,6.465,0.0647,0.0211,0.9558,4.1513,4.6999e-12,0.05,2.4581e-04,0.05,0.02,0.05,0.0698,0.05,0.0724,-0.0396,0.0474,28.84,-17.85,0.79
"56Fe(p, gamma)57Co",56Fe,26,30,56,p,5756Fe,57,27,3,1.5,0.9825,6.465,0.0647,0.0211,0.985,4.0893,6.9384e-12,0.05,3.5213e-04,0.05,0.02,0.05,0.0698,0.05,0.0724,-0.0396,0.0474,28.84,-17.85,0.79
"56Fe(p, gamma)57Co",56Fe,26,30,56,p,5756Fe,57,27,3,1.5,0.9825,6.465,0.0647,0.0211,1.0143,4.0298,1.0083e-11,0.05,4.9696e-04,0.05,0.02,0.05,0.0698,0.05,0.0724,-0.0396,0.0474,28.84,-17.85,0.79
"56Fe(p, gamma)57Co",56Fe,26,30,56,p,5756Fe,57,27,3,1.5,0.9825,6.465,0.0647,0.0211,1.0435,3.973,1.4406e-11,0.05,6.9014e-04,0.05,0.02,0.05,0.0698,0.05,0.0724,-0.0396,0.0474,28.84,-17.85,0.79
"56Fe(p, gamma)57Co",56Fe,26,30,56,p,5756Fe,57,27,3,1.5,0.9825,6.465,0.0647,0.0211,1.0728,3.9184,2.0306e-11,0.05,9.4620e-04,0.05,0.02,0.05,0.0698,0.05,0.0724,-0.0396,0.0474,28.84,-17.85,0.79
"56Fe(p, gamma)57Co",56Fe,26,30,56,p,5756Fe,57,27,3,1.5,0.9825,6.465,0.0647,0.0211,1.102,3.8661,2.8200e-11,0.05,1.2792e-03,0.05,0.02,0.05,0.0698,0.05,0.0724,-0.0396,0.0474,28.84,-17.85,0.79
"56Fe(p, gamma)57Co",56Fe,26,30,56,p,5756Fe,57,27,3,1.5,0.9825,6.465,0.0647,0.0211,1.1313,3.8158,3.8704e-11,0.05,1.7102e-03,0.05,0.02,0.05,0.0698,0.05,0.0724,-0.0396,0.0474,28.84,-17.85,0.79
"56Fe(p, gamma)57Co",56Fe,26,30,56,p,5756Fe,57,27,3,1.5,0.9825,6.465,0.0647,0.0211,1.1605,3.7674,5.2430e-11,0.05,2.2584e-03,0.05,0.02,0.05,0.0698,0.05,0.0724,-0.0396,0.0474,28.84,-17.85,0.79
"56Fe(p, gamma)57Co",56Fe,26,30,56,p,5756Fe,57,27,3,1.5,0.9825,6.465,0.0647,0.0211,1.1897,3.7209,7.0231e-11,0.05,2.9509e-03,0.05,0.02,0.05,0.0698,0.05,0.0724,-0.0396,0.0474,28.84,-17.85,0.79
"56Fe(p, gamma)57Co",56Fe,26,30,56,p,5756Fe,57,27,3,1.5,0.9825,6.465,0.0647,0.0211,1.219,3.6759,9.3174e-11,0.05,3.8208e-03,0.05,0.02,0.05,0.0698,0.05,0.0724,-0.0396,0.0474,28.84,-17.85,0.79
"56Fe(p, gamma)57Co",56Fe,26,30,56,p,5756Fe,57,27,3,1.5,0.9825,6.465,0.0647,0.0211,1.2482,3.6327,1.2227e-10,0.05,4.8965e-03,0.05,0.02,0.05,0.0698,0.05,0.0724,-0.0396,0.0474,28.84,-17.85,0.79
"56Fe(p, gamma)57Co",56Fe,26,30,56,p,5756Fe,57,27,3,1.5,0.9825,6.465,0.0647,0.0211,1.2775,3.5908,1.5909e-10,0.05,6.2251e-03,0.05,0.02,0.05,0.0698,0.05,0.0724,-0.0396,0.0474,28.84,-17.85,0.79
"56Fe(p, gamma)57Co",56Fe,26,30,56,p,5756Fe,57,27,3,1.5,0.9825,6.465,0.0647,0.0211,1.3067,3.5504,2.0500e-10,0.05,7.8420e-03,0.05,0.02,0.05,0.0698,0.05,0.0724,-0.0396,0.0474,28.84,-17.85,0.79
"56Fe(p, gamma)57Co",56Fe,26,30,56,p,5756Fe,57,27,3,1.5,0.9825,6.465,0.0647,0.0211,1.336,3.5113,2.6217e-10,0.05,9.8088e-03,0.05,0.02,0.05,0.0698,0.05,0.0724,-0.0396,0.0474,28.84,-17.85,0.79
"56Fe(p, gamma)57Co",56Fe,26,30,56,p,5756Fe,57,27,3,1.5,0.9825,6.465,0.0647,0.0211,1.3652,3.4735,3.3235e-10,0.05,1.2169e-02,0.05,0.02,0.05,0.0698,0.05,0.0724,-0.0396,0.0474,28.84,-17.85,0.79
"56Fe(p, gamma)57Co",56Fe,26,30,56,p,5756Fe,57,27,3,1.5,0.9825,6.465,0.0647,0.0211,1.3945,3.4368,4.1851e-10,0.05,1.5001e-02,0.05,0.02,0.05,0.0698,0.05,0.0724,-0.0396,0.0474,28.84,-17.85,0.79
"56Fe(p, gamma)57Co",56Fe,26,30,56,p,5756Fe,57,27,3,1.5,0.9825,6.465,0.0647,0.0211,1.4237,3.4014,5.2285e-10,0.05,1.8357e-02,0.05,0.02,0.05,0.0698,0.05,0.0724,-0.0396,0.0474,28.84,-17.85,0.79
"56Fe(p, gamma)57Co",56Fe,26,30,56,p,5756Fe,57,27,3,1.5,0.9825,6.465,0.0647,0.0211,1.4529,3.3671,6.4881e-10,0.05,2.2321e-02,0.05,0.02,0.05,0.0698,0.05,0.0724,-0.0396,0.0474,28.84,-17.85,0.79
"56Fe(p, gamma)57Co",56Fe,26,30,56,p,5756Fe,57,27,3,1.5,0.9825,6.465,0.0647,0.0211,1.4822,3.3336,8.0054e-10,0.05,2.6997e-02,0.05,0.02,0.05,0.0698,0.05,0.0724,-0.0396,0.0474,28.84,-17.85,0.79
"56Fe(p, gamma)57Co",56Fe,26,30,56,p,5756Fe,57,27,3,1.5,0.9825,6.465,0.0647,0.0211,1.5114,3.3013,9.8103e-10,0.05,3.2444e-02,0.05,0.02,0.05,0.0698,0.05,0.0724,-0.0396,0.0474,28.84,-17.85,0.79
"56Fe(p, gamma)57Co",56Fe,26,30,56,p,5756Fe,57,27,3,1.5,0.9825,6.465,0.0647,0.0211,1.5407,3.2697,1.1961e-09,0.05,3.8803e-02,0.05,0.02,0.05,0.0698,0.05,0.0724,-0.0396,0.0474,28.84,-17.85,0.79
"56Fe(p, gamma)57Co",56Fe,26,30,56,p,5756Fe,57,27,3,1.5,0.9825,6.465,0.0647,0.0211,1.5699,3.2392,1.4492e-09,0.05,4.6140e-02,0.05,0.02,0.05,0.0698,0.05,0.0724,-0.0396,0.0474,28.84,-17.85,0.79
"56Fe(p, gamma)57Co",56Fe,26,30,56,p,5756Fe,57,27,3,1.5,0.9825,6.465,0.0647,0.0211,1.5992,3.2094,1.7477e-09,0.05,5.4624e-02,0.05,0.02,0.05,0.0698,0.05,0.0724,-0.0396,0.0474,28.84,-17.85,0.79
"56Fe(p, gamma)57Co",56Fe,26,30,56,p,5756Fe,57,27,3,1.5,0.9825,6.465,0.0647,0.0211,1.6284,3.1805,2.0957e-09,0.05,6.4328e-02,0.05,0.02,0.05,0.0698,0.05,0.0724,-0.0396,0.0474,28.84,-17.85,0.79
"56Fe(p, gamma)57Co",56Fe,26,30,56,p,5756Fe,57,27,3,1.5,0.9825,6.465,0.0647,0.0211,1.6576,3.1523,2.5010e-09,0.05,7.5415e-02,0.05,0.02,0.05,0.0698,0.05,0.0724,-0.0396,0.0474,28.84,-17.85,0.79
"56Fe(p, gamma)57Co",56Fe,26,30,56,p,5756Fe,57,27,3,1.5,0.9825,6.465,0.0647,0.0211,1.6869,3.1248,2.9727e-09,0.05,8.8080e-02,0.05,0.02,0.05,0.0698,0.05,0.0724,-0.0396,0.0474,28.84,-17.85,0.79
"56Fe(p, gamma)57Co",56Fe,26,30,56,p,5756Fe,57,27,3,1.5,0.9825,6.465,0.0647,0.0211,1.7161,3.0981,3.5156e-09,0.05,1.0239e-01,0.05,0.02,0.05,0.0698,0.05,0.0724,-0.0396,0.0474,28.84,-17.85,0.79
"56Fe(p, gamma)57Co",56Fe,26,30,56,p,5756Fe,57,27,3,1.5,0.9825,6.465,0.0647,0.0211,1.7454,3.072,4.1425e-09,0.05,1.1863e-01,0.05,0.02,0.05,0.0698,0.05,0.0724,-0.0396,0.0474,28.84,-17.85,0.79
"56Fe(p, gamma)57Co",56Fe,26,30,56,p,5756Fe,57,27,3,1.5,0.9825,6.465,0.0647,0.0211,1.7746,3.0466,4.8587e-09,0.05,1.3684e-01,0.05,0.02,0.05,0.0698,0.05,0.0724,-0.0396,0.0474,28.84,-17.85,0.79
"56Fe(p, gamma)57Co",56Fe,26,30,56,p,5756Fe,57,27,3,1.5,0.9825,6.465,0.0647,0.0211,1.8039,3.0218,5.6795e-09,0.05,1.5736e-01,0.05,0.02,0.05,0.0698,0.05,0.0724,-0.0396,0.0474,28.84,-17.85,0.79
"56Fe(p, gamma)57Co",56Fe,26,30,56,p,5756Fe,57,27,3,1.5,0.9825,6.465,0.0647,0.0211,1.8331,2.9976,6.6107e-09,0.05,1.8024e-01,0.05,0.02,0.05,0.0698,0.05,0.0724,-0.0396,0.0474,28.84,-17.85,0.79
"56Fe(p, gamma)57Co",56Fe,26,30,56,p,5756Fe,57,27,3,1.5,0.9825,6.465,0.0647,0.0211,1.8624,2.9739,7.6709e-09,0.05,2.0586e-01,0.05,0.02,0.05,0.0698,0.05,0.0724,-0.0396,0.0474,28.84,-17.85,0.79
"56Fe(p, gamma)57Co",56Fe,26,30,56,p,5756Fe,57,27,3,1.5,0.9825,6.465,0.0647,0.0211,1.8916,2.9509,8.8659e-09,0.05,2.3426e-01,0.05,0.02,0.05,0.0698,0.05,0.0724,-0.0396,0.0474,28.84,-17.85,0.79
"56Fe(p, gamma)57Co",56Fe,26,30,56,p,5756Fe,57,27,3,1.5,0.9825,6.465,0.0647,0.0211,1.9208,2.9284,1.0213e-08,0.05,2.6575e-01,0.05,0.02,0.05,0.0698,0.05,0.0724,-0.0396,0.0474,28.84,-17.85,0.79
"56Fe(p, gamma)57Co",56Fe,26,30,56,p,5756Fe,57,27,3,1.5,0.9825,6.465,0.0647,0.0211,1.9501,2.9063,1.1733e-08,0.05,3.0072e-01,0.05,0.02,0.05,0.0698,0.05,0.0724,-0.0396,0.0474,28.84,-17.85,0.79
"56Fe(p, gamma)57Co",56Fe,26,30,56,p,5756Fe,57,27,3,1.5,0.9825,6.465,0.0647,0.0211,1.9793,2.8848,1.3432e-08,0.05,3.3917e-01,0.05,0.02,0.05,0.0698,0.05,0.0724,-0.0396,0.0474,28.84,-17.85,0.79
"56Fe(p, gamma)57Co",56Fe,26,30,56,p,5756Fe,57,27,3,1.5,0.9825,6.465,0.0647,0.0211,2.0086,2.8637,1.5338e-08,0.05,3.8164e-01,0.05,0.02,0.05,0.0698,0.05,0.0724,-0.0396,0.0474,28.84,-17.85,0.79
"56Fe(p, gamma)57Co",56Fe,26,30,56,p,5756Fe,57,27,3,1.5,0.9825,6.465,0.0647,0.0211,2.0378,2.8431,1.7456e-08,0.05,4.2813e-01,0.05,0.02,0.05,0.0698,0.05,0.0724,-0.0396,0.0474,28.84,-17.85,0.79
"56Fe(p, gamma)57Co",56Fe,26,30,56,p,5756Fe,57,27,3,1.5,0.9825,6.465,0.0647,0.0211,2.0671,2.8229,1.9821e-08,0.05,4.7924e-01,0.05,0.02,0.05,0.0698,0.05,0.0724,-0.0396,0.0474,28.84,-17.85,0.79
"56Fe(p, gamma)57Co",56Fe,26,30,56,p,5756Fe,57,27,3,1.5,0.9825,6.465,0.0647,0.0211,2.0963,2.8031,2.2437e-08,0.05,5.3492e-01,0.05,0.02,0.05,0.0698,0.05,0.0724,-0.0396,0.0474,28.84,-17.85,0.79
"56Fe(p, gamma)57Co",56Fe,26,30,56,p,5756Fe,57,27,3,1.5,0.9825,6.465,0.0647,0.0211,2.1255,2.7838,2.5333e-08,0.05,5.9567e-01,0.05,0.02,0.05,0.0698,0.05,0.0724,-0.0396,0.0474,28.84,-17.85,0.79
"56Fe(p, gamma)57Co",56Fe,26,30,56,p,5756Fe,57,27,3,1.5,0.9825,6.465,0.0647,0.0211,2.1548,2.7648,2.8544e-08,0.05,6.6203e-01,0.05,0.02,0.05,0.0698,0.05,0.0724,-0.0396,0.0474,28.84,-17.85,0.79
"56Fe(p, gamma)57Co",56Fe,26,30,56,p,5756Fe,57,27,3,1.5,0.9825,6.465,0.0647,0.0211,2.184,2.7463,3.2071e-08,0.05,7.3389e-01,0.05,0.02,0.05,0.0698,0.05,0.0724,-0.0396,0.0474,28.84,-17.85,0.79
"56Fe(p, gamma)57Co",56Fe,26,30,56,p,5756Fe,57,27,3,1.5,0.9825,6.465,0.0647,0.0211,2.2133,2.728,3.5965e-08,0.05,8.1210e-01,0.05,0.02,0.05,0.0698,0.05,0.0724,-0.0396,0.0474,28.84,-17.85,0.79
"56Fe(p, gamma)57Co",56Fe,26,30,56,p,5756Fe,57,27,3,1.5,0.9825,6.465,0.0647,0.0211,2.2425,2.7102,4.0226e-08,0.05,8.9648e-01,0.05,0.02,0.05,0.0698,0.05,0.0724,-0.0396,0.0474,28.84,-17.85,0.79
"56Fe(p, gamma)57Co",56Fe,26,30,56,p,5756Fe,57,27,3,1.5,0.9825,6.465,0.0647,0.0211,2.2718,2.6927,4.4911e-08,0.05,9.8798e-01,0.05,0.02,0.05,0.0698,0.05,0.0724,-0.0396,0.0474,28.84,-17.85,0.79
"56Fe(p, gamma)57Co",56Fe,26,30,56,p,5756Fe,57,27,3,1.5,0.9825,6.465,0.0647,0.0211,2.301,2.6755,5.0018e-08,0.05,1.0863e+00,0.05,0.02,0.05,0.0698,0.05,0.0724,-0.0396,0.0474,28.84,-17.85,0.79
"56Fe(p, gamma)57Co",56Fe,26,30,56,p,5756Fe,57,27,3,1.5,0.9825,6.465,0.0647,0.0211,2.3303,2.6587,5.5612e-08,0.05,1.1927e+00,0.05,0.02,0.05,0.0698,0.05,0.0724,-0.0396,0.0474,28.84,-17.85,0.79
"56Fe(p, gamma)57Co",56Fe,26,30,56,p,5756Fe,57,27,3,1.5,0.9825,6.465,0.0647,0.0211,2.3595,2.6422,6.1688e-08,0.05,1.3066e+00,0.05,0.02,0.05,0.0698,0.05,0.0724,-0.0396,0.0474,28.84,-17.85,0.79
"56Fe(p, gamma)57Co",56Fe,26,30,56,p,5756Fe,57,27,3,1.5,0.9825,6.465,0.0647,0.0211,2.3887,2.626,6.8297e-08,0.05,1.4289e+00,0.05,0.02,0.05,0.0698,0.05,0.0724,-0.0396,0.0474,28.84,-17.85,0.79
"56Fe(p, gamma)57Co",56Fe,26,30,56,p,5756Fe,57,27,3,1.5,0.9825,6.465,0.0647,0.0211,2.418,2.61,7.5500e-08,0.05,1.5604e+00,0.05,0.02,0.05,0.0698,0.05,0.0724,-0.0396,0.0474,28.84,-17.85,0.79
"56Fe(p, gamma)57Co",56Fe,26,30,56,p,5756Fe,57,27,3,1.5,0.9825,6.465,0.0647,0.0211,2.4472,2.5944,8.3285e-08,0.05,1.7008e+00,0.05,0.02,0.05,0.0698,0.05,0.0724,-0.0396,0.0474,28.84,-17.85,0.79
"56Fe(p, gamma)57Co",56Fe,26,30,56,p,5756Fe,57,27,3,1.5,0.9825,6.465,0.0647,0.0211,2.4765,2.579,9.1742e-08,0.05,1.8513e+00,0.05,0.02,0.05,0.0698,0.05,0.0724,-0.0396,0.0474,28.84,-17.85,0.79
"56Fe(p, gamma)57Co",56Fe,26,30,56,p,5756Fe,57,27,3,1.5,0.9825,6.465,0.0647,0.0211,2.5057,2.5639,1.0085e-07,0.05,2.0114e+00,0.05,0.02,0.05,0.0698,0.05,0.0724,-0.0396,0.0474,28.84,-17.85,0.79
"56Fe(p, gamma)57Co",56Fe,26,30,56,p,5756Fe,57,27,3,1.5,0.9825,6.465,0.0647,0.0211,2.535,2.5491,1.1072e-07,0.05,2.1828e+00,0.05,0.02,0.05,0.0698,0.05,0.0724,-0.0396,0.0474,28.84,-17.85,0.79
"56Fe(p, gamma)57Co",56Fe,26,30,56,p,5756Fe,57,27,3,1.5,0.9825,6.465,0.0647,0.0211,2.5642,2.5345,1.2133e-07,0.05,2.3645e+00,0.05,0.02,0.05,0.0698,0.05,0.0724,-0.0396,0.0474,28.84,-17.85,0.79
"56Fe(p, gamma)57Co",56Fe,26,30,56,p,5756Fe,57,27,3,1.5,0.9825,6.465,0.0647,0.0211,2.5934,2.5202,1.3274e-07,0.05,2.5578e+00,0.05,0.02,0.05,0.0698,0.05,0.0724,-0.0396,0.0474,28.84,-17.85,0.79
"56Fe(p, gamma)57Co",56Fe,26,30,56,p,5756Fe,57,27,3,1.5,0.9825,6.465,0.0647,0.0211,2.6227,2.5061,1.4505e-07,0.05,2.7638e+00,0.05,0.02,0.05,0.0698,0.05,0.0724,-0.0396,0.0474,28.84,-17.85,0.79
"56Fe(p, gamma)57Co",56Fe,26,30,56,p,5756Fe,57,27,3,1.5,0.9825,6.465,0.0647,0.0211,2.6519,2.4922,1.5823e-07,0.05,2.9816e+00,0.05,0.02,0.05,0.0698,0.05,0.0724,-0.0396,0.0474,28.84,-17.85,0.79
"56Fe(p, gamma)57Co",56Fe,26,30,56,p,5756Fe,57,27,3,1.5,0.9825,6.465,0.0647,0.0211,2.6812,2.4786,1.7240e-07,0.05,3.2132e+00,0.05,0.02,0.05,0.0698,0.05,0.0724,-0.0396,0.0474,28.84,-17.85,0.79
"56Fe(p, gamma)57Co",56Fe,26,30,56,p,5756Fe,57,27,3,1.5,0.9825,6.465,0.0647,0.0211,2.7104,2.4652,1.8753e-07,0.05,3.4575e+00,0.05,0.02,0.05,0.0698,0.05,0.0724,-0.0396,0.0474,28.84,-17.85,0.79
"56Fe(p, gamma)57Co",56Fe,26,30,56,p,5756Fe,57,27,3,1.5,0.9825,6.465,0.0647,0.0211,2.7397,2.452,2.0377e-07,0.05,3.7167e+00,0.05,0.02,0.05,0.0698,0.05,0.0724,-0.0396,0.0474,28.84,-17.85,0.79
"56Fe(p, gamma)57Co",56Fe,26,30,56,p,5756Fe,57,27,3,1.5,0.9825,6.465,0.0647,0.0211,2.7689,2.439,2.2106e-07,0.05,3.9896e+00,0.05,0.02,0.05,0.0698,0.05,0.0724,-0.0396,0.0474,28.84,-17.85,0.79
"56Fe(p, gamma)57Co",56Fe,26,30,56,p,5756Fe,57,27,3,1.5,0.9825,6.465,0.0647,0.0211,2.7982,2.4262,2.3958e-07,0.05,4.2785e+00,0.05,0.02,0.05,0.0698,0.05,0.0724,-0.0396,0.0474,28.84,-17.85,0.79
"56Fe(p, gamma)57Co",56Fe,26,30,56,p,5756Fe,57,27,3,1.5,0.9825,6.465,0.0647,0.0211,2.8274,2.4137,2.5926e-07,0.05,4.5820e+00,0.05,0.02,0.05,0.0698,0.05,0.0724,-0.0396,0.0474,28.84,-17.85,0.79
"56Fe(p, gamma)57Co",56Fe,26,30,56,p,5756Fe,57,27,3,1.5,0.9825,6.465,0.0647,0.0211,2.8566,2.4013,2.8021e-07,0.05,4.9016e+00,0.05,0.02,0.05,0.0698,0.05,0.0724,-0.0396,0.0474,28.84,-17.85,0.79
"56Fe(p, gamma)57Co",56Fe,26,30,56,p,5756Fe,57,27,3,1.5,0.9825,6.465,0.0647,0.0211,2.8859,2.3891,3.0257e-07,0.05,5.2390e+00,0.05,0.02,0.05,0.0698,0.05,0.0724,-0.0396,0.0474,28.84,-17.85,0.79
"56Fe(p, gamma)57Co",56Fe,26,30,56,p,5756Fe,57,27,3,1.5,0.9825,6.465,0.0647,0.0211,2.9151,2.3771,3.2626e-07,0.05,5.5925e+00,0.05,0.02,0.05,0.0698,0.05,0.0724,-0.0396,0.0474,28.84,-17.85,0.79
"56Fe(p, gamma)57Co",56Fe,26,30,56,p,5756Fe,57,27,3,1.5,0.9825,6.465,0.0647,0.0211,2.9444,2.3652,3.5149e-07,0.05,5.9651e+00,0.05,0.02,0.05,0.0698,0.05,0.0724,-0.0396,0.0474,28.84,-17.85,0.79
"56Fe(p, gamma)57Co",56Fe,26,30,56,p,5756Fe,57,27,3,1.5,0.9825,6.465,0.0647,0.0211,2.9736,2.3536,3.7816e-07,0.05,6.3547e+00,0.05,0.02,0.05,0.0698,0.05,0.0724,-0.0396,0.0474,28.84,-17.85,0.79
"56Fe(p, gamma)57Co",56Fe,26,30,56,p,5756Fe,57,27,3,1.5,0.9825,6.465,0.0647,0.0211,3.0029,2.3421,4.0653e-07,0.05,6.7646e+00,0.05,0.02,0.05,0.0698,0.05,0.0724,-0.0396,0.0474,28.84,-17.85,0.79
"56Fe(p, gamma)57Co",56Fe,26,30,56,p,5756Fe,57,27,3,1.5,0.9825,6.465,0.0647,0.0211,3.0321,2.3308,4.3645e-07,0.05,7.1926e+00,0.05,0.02,0.05,0.0698,0.05,0.0724,-0.0396,0.0474,28.84,-17.85,0.79
"56Fe(p, gamma)57Co",56Fe,26,30,56,p,5756Fe,57,27,3,1.5,0.9825,6.465,0.0647,0.0211,3.0613,2.3196,4.6810e-07,0.05,7.6406e+00,0.05,0.02,0.05,0.0698,0.05,0.0724,-0.0396,0.0474,28.84,-17.85,0.79
"56Fe(p, gamma)57Co",56Fe,26,30,56,p,5756Fe,57,27,3,1.5,0.9825,6.465,0.0647,0.0211,3.0906,2.3086,5.0167e-07,0.05,8.1108e+00,0.05,0.02,0.05,0.0698,0.05,0.0724,-0.0396,0.0474,28.84,-17.85,0.79
"56Fe(p, gamma)57Co",56Fe,26,30,56,p,5756Fe,57,27,3,1.5,0.9825,6.465,0.0647,0.0211,3.1198,2.2978,5.3699e-07,0.05,8.6005e+00,0.05,0.02,0.05,0.0698,0.05,0.0724,-0.0396,0.0474,28.84,-17.85,0.79
"56Fe(p, gamma)57Co",56Fe,26,30,56,p,5756Fe,57,27,3,1.5,0.9825,6.465,0.0647,0.0211,3.1491,2.2871,5.7438e-07,0.05,9.1138e+00,0.05,0.02,0.05,0.0698,0.05,0.0724,-0.0396,0.0474,28.84,-17.85,0.79
"56Fe(p, gamma)57Co",56Fe,26,30,56,p,5756Fe,57,27,3,1.5,0.9825,6.465,0.0647,0.0211,3.1783,2.2765,6.1367e-07,0.05,9.6477e+00,0.05,0.02,0.05,0.0698,0.05,0.0724,-0.0396,0.0474,28.84,-17.85,0.79
"56Fe(p, gamma)57Co",56Fe,26,30,56,p,5756Fe,57,27,3,1.5,0.9825,6.465,0.0647,0.0211,3.2076,2.2661,6.5520e-07,0.05,1.0206e+01,0.05,0.02,0.05,0.0698,0.05,0.0724,-0.0396,0.0474,28.84,-17.85,0.79
"56Fe(p, gamma)57Co",56Fe,26,30,56,p,5756Fe,57,27,3,1.5,0.9825,6.465,0.0647,0.0211,3.2368,2.2559,6.9876e-07,0.05,1.0787e+01,0.05,0.02,0.05,0.0698,0.05,0.0724,-0.0396,0.0474,28.84,-17.85,0.79
"56Fe(p, gamma)57Co",56Fe,26,30,56,p,5756Fe,57,27,3,1.5,0.9825,6.465,0.0647,0.0211,3.2661,2.2457,7.4474e-07,0.05,1.1393e+01,0.05,0.02,0.05,0.0698,0.05,0.0724,-0.0396,0.0474,28.84,-17.85,0.79
"56Fe(p, gamma)57Co",56Fe,26,30,56,p,5756Fe,57,27,3,1.5,0.9825,6.465,0.0647,0.0211,3.2953,2.2357,7.9289e-07,0.05,1.2022e+01,0.05,0.02,0.05,0.0698,0.05,0.0724,-0.0396,0.0474,28.84,-17.85,0.79
"56Fe(p, gamma)57Co",56Fe,26,30,56,p,5756Fe,57,27,3,1.5,0.9825,6.465,0.0647,0.0211,3.3245,2.2259,8.4346e-07,0.05,1.2677e+01,0.05,0.02,0.05,0.0698,0.05,0.0724,-0.0396,0.0474,28.84,-17.85,0.79
"56Fe(p, gamma)57Co",56Fe,26,30,56,p,5756Fe,57,27,3,1.5,0.9825,6.465,0.0647,0.0211,3.3538,2.2162,8.9672e-07,0.05,1.3359e+01,0.05,0.02,0.05,0.0698,0.05,0.0724,-0.0396,0.0474,28.84,-17.85,0.79
"56Fe(p, gamma)57Co",56Fe,26,30,56,p,5756Fe,57,27,3,1.5,0.9825,6.465,0.0647,0.0211,3.383,2.2066,9.5238e-07,0.05,1.4066e+01,0.05,0.02,0.05,0.0698,0.05,0.0724,-0.0396,0.0474,28.84,-17.85,0.79
"56Fe(p, gamma)57Co",56Fe,26,30,56,p,5756Fe,57,27,3,1.5,0.9825,6.465,0.0647,0.0211,3.4123,2.1971,1.0109e-06,0.05,1.4802e+01,0.05,0.02,0.05,0.0698,0.05,0.0724,-0.0396,0.0474,28.84,-17.85,0.79
"56Fe(p, gamma)57Co",56Fe,26,30,56,p,5756Fe,57,27,3,1.5,0.9825,6.465,0.0647,0.0211,3.4415,2.1877,1.0720e-06,0.05,1.5564e+01,0.05,0.02,0.05,0.0698,0.05,0.0724,-0.0396,0.0474,28.84,-17.85,0.79
"56Fe(p, gamma)57Co",56Fe,26,30,56,p,5756Fe,57,27,3,1.5,0.9825,6.465,0.0647,0.0211,3.4708,2.1785,1.1362e-06,0.05,1.6356e+01,0.05,0.02,0.05,0.0698,0.05,0.0724,-0.0396,0.0474,28.84,-17.85,0.79
"56Fe(p, gamma)57Co",56Fe,26,30,56,p,5756Fe,57,27,3,1.5,0.9825,6.465,0.0647,0.0211,3.5,2.1694,1.2031e-06,0.05,1.7175e+01,0.05,0.02,0.05,0.0698,0.05,0.0724,-0.0396,0.0474,28.84,-17.85,0.79
"64Ni(p, gamma)65Cu",64Ni,28,36,64,p,6564Ni,65,29,7,3.5,0.9846,6.72,0.0681,0.0216,0.02,30.9397,3.7439e-85,0.03,5.6158e-76,0.03,0.02,0.03,0.0587,0.03,0.0612,0.1049,0.0446,29.8,-18.25,0.762
"64Ni(p, gamma)65Cu",64Ni,28,36,64,p,6564Ni,65,29,7,3.5,0.9846,6.72,0.0681,0.0216,0.0492,19.7264,1.4843e-54,0.03,9.0504e-46,0.03,0.02,0.03,0.0587,0.03,0.0612,0.1049,0.0446,29.8,-18.25,0.762
"64Ni(p, gamma)65Cu",64Ni,28,36,64,p,6564Ni,65,29,7,3.5,0.9846,6.72,0.0681,0.0216,0.0785,15.6169,2.4280e-43,0.03,9.2790e-35,0.03,0.02,0.03,0.0587,0.03,0.0612,0.1049,0.0446,29.8,-18.25,0.762
"64Ni(p, gamma)65Cu",64Ni,28,36,64,p,6564Ni,65,29,7,3.5,0.9846,6.72,0.0681,0.0216,0.1077,13.3328,4.1493e-37,0.03,1.1558e-28,0.03,0.02,0.03,0.0587,0.03,0.0612,0.1049,0.0446,29.8,-18.25,0.762
"64Ni(p, gamma)65Cu",64Ni,28,36,64,p,6564Ni,65,29,7,3.5,0.9846,6.72,0.0681,0.0216,0.137,11.8214,5.5236e-33,0.03,1.2095e-24,0.03,0.02,0.03,0.0587,0.03,0.0612,0.1049,0.0446,29.8,-18.25,0.762
"64Ni(p, gamma)65Cu",64Ni,28,36,64,p,6564Ni,65,29,7,3.5,0.9846,6.72,0.0681,0.0216,0.1662,10.7328,5.1607e-30,0.03,9.3151e-22,0.03,0.02,0.03,0.0587,0.03,0.0612,0.1049,0.0446,29.8,-18.25,0.762
"64Ni(p, gamma)65Cu",64Ni,28,36,64,p,6564Ni,65,29,7,3.5,0.9846,6.72,0.0681,0.0216,0.1955,9.8959,9.9179e-28,0.03,1.5219e-19,0.03,0.02,0.03,0.0587,0.03,0.0612,0.1049,0.0446,29.8,-18.25,0.762
"64Ni(p, gamma)65Cu",64Ni,28,36,64,p,6564Ni,65,29,7,3.5,0.9846,6.72,0.0681,0.0216,0.2247,9.2306,6.4868e-26,0.03,8.6603e-18,0.03,0.02,0.03,0.0587,0.03,0.0612,0.1049,0.0446,29.8,-18.25,0.762
"64Ni(p, gamma)65Cu",64Ni,28,36,64,p,6564Ni,65,29,7,3.5,0.9846,6.72,0.0681,0.0216,0.2539,8.6836,2.0167e-24,0.03,2.3828e-16,0.03,0.02,0.03,0.0587,0.03,0.0612,0.1049,0.0446,29.8,-18.25,0.762
"64Ni(p, gamma)65Cu",64Ni,28,36,64,p,6564Ni,65,29,7,3.5,0.9846,6.72,0.0681,0.0216,0.2832,8.2221,3.6632e-23,0.03,3.8804e-15,0.03,0.02,0.03,0.0587,0.03,0.0612,0.1049,0.0446,29.8,-18.25,0.762
"64Ni(p, gamma)65Cu",64Ni,28,36,64,p,6564Ni,65,29,7,3.5,0.9846,6.72,0.0681,0.0216,0.3124,7.8284,4.3464e-22,0.03,4.1737e-14,0.03,0.02,0.03,0.0587,0.03,0.0612,0.1049,0.0446,29.8,-18.25,0.762
"64Ni(p, gamma)65Cu",64Ni,28,36,64,p,6564Ni,65,29,7,3.5,0.9846,6.72,0.0681,0.0216,0.3417,7.4853,3.7542e-21,0.03,3.2959e-13,0.03,0.02,0.03,0.0587,0.03,0.0612,0.1049,0.0446,29.8,-18.25,0.762
"64Ni(p, gamma)65Cu",64Ni,28,36,64,p,6564Ni,65,29,7,3.5,0.9846,6.72,0.0681,0.0216,0.3709,7.1846,2.4833e-20,0.03,2.0085e-12,0.03,0.02,0.03,0.0587,0.03,0.0612,0.1049,0.0446,29.8,-18.25,0.762
"64Ni(p, gamma)65Cu",64Ni,28,36,64,p,6564Ni,65,29,7,3.5,0.9846,6.72,0.0681,0.0216,0.4002,6.9166,1.3376e-19,0.03,1.0027e-11,0.03,0.02,0.03,0.0587,0.03,0.0612,0.1049,0.0446,29.8,-18.25,0.762
"64Ni(p, gamma)65Cu",64Ni,28,36,64,p,6564Ni,65,29,7,3.5,0.9846,6.72,0.0681,0.0216,0.4294,6.6773,6.0167e-19,0.03,4.2033e-11,0.03,0.02,0.03,0.0587,0.03,0.0612,0.1049,0.0446,29.8,-18.25,0.762
"64Ni(p, gamma)65Cu",64Ni,28,36,64,p,6564Ni,65,29,7,3.5,0.9846,6.72,0.0681,0.0216,0.4587,6.4605,2.3490e-18,0.03,1.5362e-10,0.03,0.02,0.03,0.0587,0.03,0.0612,0.1049,0.0446,29.8,-18.25,0.762
"64Ni(p, gamma)65Cu",64Ni,28,36,64,p,6564Ni,65,29,7,3.5,0.9846,6.72,0.0681,0.0216,0.4879,6.2642,8.0643e-18,0.03,4.9582e-10,0.03,0.02,0.03,0.0587,0.03,0.0612,0.1049,0.0446,29.8,-18.25,0.762
"64Ni(p, gamma)65Cu",64Ni,28,36,64,p,6564Ni,65,29,7,3.5,0.9846,6.72,0.0681,0.0216,0.5171,6.0848,2.4900e-17,0.03,1.4445e-09,0.03,0.02,0.03,0.0587,0.03,0.0612,0.1049,0.0446,29.8,-18.25,0.762
"64Ni(p, gamma)65Cu",64Ni,28,36,64,p,6564Ni,65,29,7,3.5,0.9846,6.72,0.0681,0.0216,0.5464,5.9194,7.0391e-17,0.03,3.8645e-09,0.03,0.02,0.03,0.0587,0.03,0.0612,0.1049,0.0446,29.8,-18.25,0.762
"64Ni(p, gamma)65Cu",64Ni,28,36,64,p,6564Ni,65,29,7,3.5,0.9846,6.72,0.0681,0.0216,0.5756,5.7673,1.8304e-16,0.03,9.5393e-09,0.03,0.02,0.03,0.0587,0.03,0.0612,0.1049,0.0446,29.8,-18.25,0.762
"64Ni(p, gamma)65Cu",64Ni,28,36,64,p,6564Ni,65,29,7,3.5,0.9846,6.72,0.0681,0.0216,0.6049,5.6259,4.4507e-16,0.03,2.2071e-08,0.03,0.02,0.03,0.0587,0.03,0.0612,0.1049,0.0446,29.8,-18.25,0.762
"64Ni(p, gamma)65Cu",64Ni,28,36,64,p,6564Ni,65,29,7,3.5,0.9846,6.72,0.0681,0.0216,0.6341,5.4948,1.0140e-15,0.03,4.7971e-08,0.03,0.02,0.03,0.0587,0.03,0.0612,0.1049,0.0446,29.8,-18.25,0.762
"64Ni(p, gamma)65Cu",64Ni,28,36,64,p,6564Ni,65,29,7,3.5,0.9846,6.72,0.0681,0.0216,0.6634,5.3721,2.1924e-15,0.03,9.9132e-08,0.03,0.02,0.03,0.0587,0.03,0.0612,0.1049,0.0446,29.8,-18.25,0.762
"64Ni(p, gamma)65Cu",64Ni,28,36,64,p,6564Ni,65,29,7,3.5,0.9846,6.72,0.0681,0.0216,0.6926,5.2576,4.5004e-15,0.03,1.9492e-07,0.03,0.02,0.03,0.0587,0.03,0.0612,0.1049,0.0446,29.8,-18.25,0.762
"64Ni(p, gamma)65Cu",64Ni,28,36,64,p,6564Ni,65,29,7,3.5,0.9846,6.72,0.0681,0.0216,0.7218,5.1502,8.8398e-15,0.03,3.6737e-07,0.03,0.02,0.03,0.0587,0.03,0.0612,0.1049,0.0446,29.8,-18.25,0.762
"64Ni(p, gamma)65Cu",64Ni,28,36,64,p,6564Ni,65,29,7,3.5,0.9846,6.72,0.0681,0.0216,0.7511,5.0487,1.6722e-14,0.03,6.6781e-07,0.03,0.02,0.03,0.0587,0.03,0.0612,0.1049,0.0446,29.8,-18.25,0.762
"64Ni(p, gamma)65Cu",64Ni,28,36,64,p,6564Ni,65,29,7,3.5,0.9846,6.72,0.0681,0.0216,0.7803,4.9534,3.0445e-14,0.03,1.1704e-06,0.03,0.02,0.03,0.0587,0.03,0.0612,0.1049,0.0446,29.8,-18.25,0.762
"64Ni(p, gamma)65Cu",64Ni,28,36,64,p,6564Ni,65,29,7,3.5,0.9846,6.72,0.0681,0.0216,0.8096,4.8629,5.3746e-14,0.03,1.9914e-06,0.03,0.02,0.03,0.0587,0.03,0.0612,0.1049,0.0446,29.8,-18.25,0.762
"64Ni(p, gamma)65Cu",64Ni,28,36,64,p,6564Ni,65,29,7,3.5,0.9846,6.72,0.0681,0.0216,0.8388,4.7775,9.1910e-14,0.03,3.2868e-06,0.03,0.02,0.03,0.0587,0.03,0.0612,0.1049,0.0446,29.8,-18.25,0.762
"64Ni(p, gamma)65Cu",64Ni,28,36,64,p,6564Ni,65,29,7,3.5,0.9846,6.72,0.0681,0.0216,0.8681,4.6962,1.5320e-13,0.03,5.2936e-06,0.03,0.02,0.03,0.0587,0.03,0.0612,0.1049,0.0446,29.8,-18.25,0.762
"64Ni(p, gamma)65Cu",64Ni,28,36,64,p,6564Ni,65,29,7,3.5,0.9846,6.72,0.0681,0.0216,0.8973,4.6191,2.4860e-13,0.03,8.3103e-06,0.03,0.02,0.03,0.0587,0.03,0.0612,0.1049,0.0446,29.8,-18.25,0.762
"64Ni(p, gamma)65Cu",64Ni,28,36,64,p,6564Ni,65,29,7,3.5,0.9846,6.72,0.0681,0.0216,0.9266,4.5455,3.9480e-13,0.03,1.2780e-05,0.03,0.02,0.03,0.0587,0.03,0.0612,0.1049,0.0446,29.8,-18.25,0.762
"64Ni(p, gamma)65Cu",64Ni,28,36,64,p,6564Ni,65,29,7,3.5,0.9846,6.72,0.0681,0.0216,0.9558,4.4756,6.1279e-13,0.03,1.9231e-05,0.03,0.02,0.03,0.0587,0.03,0.0612,0.1049,0.0446,29.8,-18.25,0.762
"64Ni(p, gamma)65Cu",64Ni,28,36,64,p,6564Ni,65,29,7,3.5,0.9846,6.72,0.0681,0.0216,0.985,4.4087,9.3260e-13,0.03,2.8400e-05,0.03,0.02,0.03,0.0587,0.03,0.0612,0.1049,0.0446,29.8,-18.25,0.762
"64Ni(p, gamma)65Cu",64Ni,28,36,64,p,6564Ni,65,29,7,3.5,0.9846,6.72,0.0681,0.0216,1.0143,4.3446,1.3955e-12,0.03,4.1268e-05,0.03,0.02,0.03,0.0587,0.03,0.0612,0.1049,0.0446,29.8,-18.25,0.762
"64Ni(p, gamma)65Cu",64Ni,28,36,64,p,6564Ni,65,29,7,3.5,0.9846,6.72,0.0681,0.0216,1.0435,4.2834,2.0501e-12,0.03,5.8930e-05,0.03,0.02,0.03,0.0587,0.03,0.0612,0.1049,0.0446,29.8,-18.25,0.762
"64Ni(p, gamma)65Cu",64Ni,28,36,64,p,6564Ni,65,29,7,3.5,0.9846,6.72,0.0681,0.0216,1.0728,4.2245,2.9682e-12,0.03,8.2990e-05,0.03,0.02,0.03,0.0587,0.03,0.0612,0.1049,0.0446,29.8,-18.25,0.762
"64Ni(p, gamma)65Cu",64Ni,28,36,64,p,6564Ni,65,29,7,3.5,0.9846,6.72,0.0681,0.0216,1.102,4.1681,4.2291e-12,0.03,1.1511e-04,0.03,0.02,0.03,0.0587,0.03,0.0612,0.1049,0.0446,29.8,-18.25,0.762
"64Ni(p, gamma)65Cu",64Ni,28,36,64,p,6564Ni,65,29,7,3.5,0.9846,6.72,0.0681,0.0216,1.1313,4.1138,5.9497e-12,0.03,1.5775e-04,0.03,0.02,0.03,0.0587,0.03,0.0612,0.1049,0.0446,29.8,-18.25,0.762
"64Ni(p, gamma)65Cu",64Ni,28,36,64,p,6564Ni,65,29,7,3.5,0.9846,6.72,0.0681,0.0216,1.1605,4.0617,8.2532e-12,0.03,2.1332e-04,0.03,0.02,0.03,0.0587,0.03,0.0612,0.1049,0.0446,29.8,-18.25,0.762
"64Ni(p, gamma)65Cu",64Ni,28,36,64,p,6564Ni,65,29,7,3.5,0.9846,6.72,0.0681,0.0216,1.1897,4.0115,1.1311e-11,0.03,2.8516e-04,0.03,0.02,0.03,0.0587,0.03,0.0612,0.1049,0.0446,29.8,-18.25,0.762
"64Ni(p, gamma)65Cu",64Ni,28,36,64,p,6564Ni,65,29,7,3.5,0.9846,6.72,0.0681,0.0216,1.219,3.963,1.5340e-11,0.03,3.7746e-04,0.03,0.02,0.03,0.0587,0.03,0.0612,0.1049,0.0446,29.8,-18.25,0.762
"64Ni(p, gamma)65Cu",64Ni,28,36,64,p,6564Ni,65,29,7,3.5,0.9846,6.72,0.0681,0.0216,1.2482,3.9164,2.0563e-11,0.03,4.9412e-04,0.03,0.02,0.03,0.0587,0.03,0.0612,0.1049,0.0446,29.8,-18.25,0.762
"64Ni(p, gamma)65Cu",64Ni,28,36,64,p,6564Ni,65,29,7,3.5,0.9846,6.72,0.0681,0.0216,1.2775,3.8712,2.7311e-11,0.03,6.4124e-04,0.03,0.02,0.03,0.0587,0.03,0.0612,0.1049,0.0446,29.8,-18.25,0.762
"64Ni(p, gamma)65Cu",64Ni,28,36,64,p,6564Ni,65,29,7,3.5,0.9846,6.72,0.0681,0.0216,1.3067,3.8277,3.5896e-11,0.03,8.2395e-04,0.03,0.02,0.03,0.0587,0.03,0.0612,0.1049,0.0446,29.8,-18.25,0.762
"64Ni(p, gamma)65Cu",64Ni,28,36,64,p,6564Ni,65,29,7,3.5,0.9846,6.72,0.0681,0.0216,1.336,3.7855,4.6796e-11,0.03,1.0506e-03,0.03,0.02,0.03,0.0587,0.03,0.0612,0.1049,0.0446,29.8,-18.25,0.762
"64Ni(p, gamma)65Cu",64Ni,28,36,64,p,6564Ni,65,29,7,3.5,0.9846,6.72,0.0681,0.0216,1.3652,3.7448,6.0434e-11,0.03,1.3277e-03,0.03,0.02,0.03,0.0587,0.03,0.0612,0.1049,0.0446,29.8,-18.25,0.762
"64Ni(p, gamma)65Cu",64Ni,28,36,64,p,6564Ni,65,29,7,3.5,0.9846,6.72,0.0681,0.0216,1.3945,3.7053,7.7482e-11,0.03,1.6665e-03,0.03,0.02,0.03,0.0587,0.03,0.0612,0.1049,0.0446,29.8,-18.25,0.762
"64Ni(p, gamma)65Cu",64Ni,28,36,64,p,6564Ni,65,29,7,3.5,0.9846,6.72,0.0681,0.0216,1.4237,3.6671,9.8497e-11,0.03,2.0751e-03,0.03,0.02,0.03,0.0587,0.03,0.0612,0.1049,0.0446,29.8,-18.25,0.762
"64Ni(p, gamma)65Cu",64Ni,28,36,64,p,6564Ni,65,29,7,3.5,0.9846,6.72,0.0681,0.0216,1.4529,3.6301,1.2431e-10,0.03,2.5661e-03,0.03,0.02,0.03,0.0587,0.03,0.0612,0.1049,0.0446,29.8,-18.25,0.762
"64Ni(p, gamma)65Cu",64Ni,28,36,64,p,6564Ni,65,29,7,3.5,0.9846,6.72,0.0681,0.0216,1.4822,3.594,1.5591e-10,0.03,3.1550e-03,0.03,0.02,0.03,0.0587,0.03,0.0612,0.1049,0.0446,29.8,-18.25,0.762
"64Ni(p, gamma)65Cu",64Ni,28,36,64,p,6564Ni,65,29,7,3.5,0.9846,6.72,0.0681,0.0216,1.5114,3.5591,1.9413e-10,0.03,3.8523e-03,0.03,0.02,0.03,0.0587,0.03,0.0612,0.1049,0.0446,29.8,-18.25,0.762
"64Ni(p, gamma)65Cu",64Ni,28,36,64,p,6564Ni,65,29,7,3.5,0.9846,6.72,0.0681,0.0216,1.5407,3.5251,2.4037e-10,0.03,4.6792e-03,0.03,0.02,0.03,0.0587,0.03,0.0612,0.1049,0.0446,29.8,-18.25,0.762
"64Ni(p, gamma)65Cu",64Ni,28,36,64,p,6564Ni,65,29,7,3.5,0.9846,6.72,0.0681,0.0216,1.5699,3.4922,2.9563e-10,0.03,5.6480e-03,0.03,0.02,0.03,0.0587,0.03,0.0612,0.1049,0.0446,29.8,-18.25,0.762
"64Ni(p, gamma)65Cu",64Ni,28,36,64,p,6564Ni,65,29,7,3.5,0.9846,6.72,0.0681,0.0216,1.5992,3.46,3.6178e-10,0.03,6.7852e-03,0.03,0.02,0.03,0.0587,0.03,0.0612,0.1049,0.0446,29.8,-18.25,0.762
"64Ni(p, gamma)65Cu",64Ni,28,36,64,p,6564Ni,65,29,7,3.5,0.9846,6.72,0.0681,0.0216,1.6284,3.4289,4.4003e-10,0.03,8.1047e-03,0.03,0.02,0.03,0.0587,0.03,0.0612,0.1049,0.0446,29.8,-18.25,0.762
"64Ni(p, gamma)65Cu",64Ni,28,36,64,p,6564Ni,65,29,7,3.5,0.9846,6.72,0.0681,0.0216,1.6576,3.3985,5.3243e-10,0.03,9.6337e-03,0.03,0.02,0.03,0.0587,0.03,0.0612,0.1049,0.0446,29.8,-18.25,0.762
"64Ni(p, gamma)65Cu",64Ni,28,36,64,p,6564Ni,65,29,7,3.5,0.9846,6.72,0.0681,0.0216,1.6869,3.3689,6.4144e-10,0.03,1.1404e-02,0.03,0.02,0.03,0.0587,0.03,0.0612,0.1049,0.0446,29.8,-18.25,0.762
"64Ni(p, gamma)65Cu",64Ni,28,36,64,p,6564Ni,65,29,7,3.5,0.9846,6.72,0.0681,0.0216,1.7161,3.3401,7.6860e-10,0.03,1.3433e-02,0.03,0.02,0.03,0.0587,0.03,0.0612,0.1049,0.0446,29.8,-18.25,0.762
"64Ni(p, gamma)65Cu",64Ni,28,36,64,p,6564Ni,65,29,7,3.5,0.9846,6.72,0.0681,0.0216,1.7454,3.3119,9.1732e-10,0.03,1.5763e-02,0.03,0.02,0.03,0.0587,0.03,0.0612,0.1049,0.0446,29.8,-18.25,0.762
"64Ni(p, gamma)65Cu",64Ni,28,36,64,p,6564Ni,65,29,7,3.5,0.9846,6.72,0.0681,0.0216,1.7746,3.2846,1.0894e-09,0.03,1.8412e-02,0.03,0.02,0.03,0.0587,0.03,0.0612,0.1049,0.0446,29.8,-18.25,0.762
"64Ni(p, gamma)65Cu",64Ni,28,36,64,p,6564Ni,65,29,7,3.5,0.9846,6.72,0.0681,0.0216,1.8039,3.2578,1.2891e-09,0.03,2.1432e-02,0.03,0.02,0.03,0.0587,0.03,0.0612,0.1049,0.0446,29.8,-18.25,0.762
"64Ni(p, gamma)65Cu",64Ni,28,36,64,p,6564Ni,65,29,7,3.5,0.9846,6.72,0.0681,0.0216,1.8331,3.2317,1.5183e-09,0.03,2.4841e-02,0.03,0.02,0.03,0.0587,0.03,0.0612,0.1049,0.0446,29.8,-18.25,0.762
"64Ni(p, gamma)65Cu",64Ni,28,36,64,p,6564Ni,65,29,7,3.5,0.9846,6.72,0.0681,0.0216,1.8624,3.2062,1.7824e-09,0.03,2.8703e-02,0.03,0.02,0.03,0.0587,0.03,0.0612,0.1049,0.0446,29.8,-18.25,0.762
"64Ni(p, gamma)65Cu",64Ni,28,36,64,p,6564Ni,65,29,7,3.5,0.9846,6.72,0.0681,0.0216,1.8916,3.1814,2.0835e-09,0.03,3.3034e-02,0.03,0.02,0.03,0.0587,0.03,0.0612,0.1049,0.0446,29.8,-18.25,0.762
"64Ni(p, gamma)65Cu",64Ni,28,36,64,p,6564Ni,65,29,7,3.5,0.9846,6.72,0.0681,0.0216,1.9208,3.1571,2.4268e-09,0.03,3.7892e-02,0.03,0.02,0.03,0.0587,0.03,0.0612,0.1049,0.0446,29.8,-18.25,0.762
"64Ni(p, gamma)65Cu",64Ni,28,36,64,p,6564Ni,65,29,7,3.5,0.9846,6.72,0.0681,0.0216,1.9501,3.1333,2.8184e-09,0.03,4.3345e-02,0.03,0.02,0.03,0.0587,0.03,0.0612,0.1049,0.0446,29.8,-18.25,0.762
"64Ni(p, gamma)65Cu",64Ni,28,36,64,p,6564Ni,65,29,7,3.5,0.9846,6.72,0.0681,0.0216,1.9793,3.1101,3.2606e-09,0.03,4.9406e-02,0.03,0.02,0.03,0.0587,0.03,0.0612,0.1049,0.0446,29.8,-18.25,0.762
"64Ni(p, gamma)65Cu",64Ni,28,36,64,p,6564Ni,65,29,7,3.5,0.9846,6.72,0.0681,0.0216,2.0086,3.0873,3.7621e-09,0.03,5.6172e-02,0.03,0.02,0.03,0.0587,0.03,0.0612,0.1049,0.0446,29.8,-18.25,0.762
"64Ni(p, gamma)65Cu",64Ni,28,36,64,p,6564Ni,65,29,7,3.5,0.9846,6.72,0.0681,0.0216,2.0378,3.0651,4.3252e-09,0.03,6.3654e-02,0.03,0.02,0.03,0.0587,0.03,0.0612,0.1049,0.0446,29.8,-18.25,0.762
"64Ni(p, gamma)65Cu",64Ni,28,36,64,p,6564Ni,65,29,7,3.5,0.9846,6.72,0.0681,0.0216,2.0671,3.0433,4.9601e-09,0.03,7.1964e-02,0.03,0.02,0.03,0.0587,0.03,0.0612,0.1049,0.0446,29.8,-18.25,0.762
"64Ni(p, gamma)65Cu",64Ni,28,36,64,p,6564Ni,65,29,7,3.5,0.9846,6.72,0.0681,0.0216,2.0963,3.0221,5.6693e-09,0.03,8.1108e-02,0.03,0.02,0.03,0.0587,0.03,0.0612,0.1049,0.0446,29.8,-18.25,0.762
"64Ni(p, gamma)65Cu",64Ni,28,36,64,p,6564Ni,65,29,7,3.5,0.9846,6.72,0.0681,0.0216,2.1255,3.0012,6.4621e-09,0.03,9.1179e-02,0.03,0.02,0.03,0.0587,0.03,0.0612,0.1049,0.0446,29.8,-18.25,0.762
"64Ni(p, gamma)65Cu",64Ni,28,36,64,p,6564Ni,65,29,7,3.5,0.9846,6.72,0.0681,0.0216,2.1548,2.9808,7.3492e-09,0.03,1.0229e-01,0.03,0.02,0.03,0.0587,0.03,0.0612,0.1049,0.0446,29.8,-18.25,0.762
"64Ni(p, gamma)65Cu",64Ni,28,36,64,p,6564Ni,65,29,7,3.5,0.9846,6.72,0.0681,0.0216,2.184,2.9608,8.3330e-09,0.03,1.1443e-01,0.03,0.02,0.03,0.0587,0.03,0.0612,0.1049,0.0446,29.8,-18.25,0.762
"64Ni(p, gamma)65Cu",64Ni,28,36,64,p,6564Ni,65,29,7,3.5,0.9846,6.72,0.0681,0.0216,2.2133,2.9411,9.4288e-09,0.03,1.2776e-01,0.03,0.02,0.03,0.0587,0.03,0.0612,0.1049,0.0446,29.8,-18.25,0.762
"64Ni(p, gamma)65Cu",64Ni,28,36,64,p,6564Ni,65,29,7,3.5,0.9846,6.72,0.0681,0.0216,2.2425,2.9219,1.0638e-08,0.03,1.4227e-01,0.03,0.02,0.03,0.0587,0.03,0.0612,0.1049,0.0446,29.8,-18.25,0.762
"64Ni(p, gamma)65Cu",64Ni,28,36,64,p,6564Ni,65,29,7,3.5,0.9846,6.72,0.0681,0.0216,2.2718,2.903,1.1980e-08,0.03,1.5815e-01,0.03,0.02,0.03,0.0587,0.03,0.0612,0.1049,0.0446,29.8,-18.25,0.762
"64Ni(p, gamma)65Cu",64Ni,28,36,64,p,6564Ni,65,29,7,3.5,0.9846,6.72,0.0681,0.0216,2.301,2.8845,1.3455e-08,0.03,1.7536e-01,0.03,0.02,0.03,0.0587,0.03,0.0612,0.1049,0.0446,29.8,-18.25,0.762
"64Ni(p, gamma)65Cu",64Ni,28,36,64,p,6564Ni,65,29,7,3.5,0.9846,6.72,0.0681,0.0216,2.3303,2.8663,1.5084e-08,0.03,1.9412e-01,0.03,0.02,0.03,0.0587,0.03,0.0612,0.1049,0.0446,29.8,-18.25,0.762
"64Ni(p, gamma)65Cu",64Ni,28,36,64,p,6564Ni,65,29,7,3.5,0.9846,6.72,0.0681,0.0216,2.3595,2.8485,1.6868e-08,0.03,2.1440e-01,0.03,0.02,0.03,0.0587,0.03,0.0612,0.1049,0.0446,29.8,-18.25,0.762
"64Ni(p, gamma)65Cu",64Ni,28,36,64,p,6564Ni,65,29,7,3.5,0.9846,6.72,0.0681,0.0216,2.3887,2.8311,1.8825e-08,0.03,2.3634e-01,0.03,0.02,0.03,0.0587,0.03,0.0612,0.1049,0.0446,29.8,-18.25,0.762
"64Ni(p, gamma)65Cu",64Ni,28,36,64,p,6564Ni,65,29,7,3.5,0.9846,6.72,0.0681,0.0216,2.418,2.8139,2.0974e-08,0.03,2.6012e-01,0.03,0.02,0.03,0.0587,0.03,0.0612,0.1049,0.0446,29.8,-18.25,0.762
"64Ni(p, gamma)65Cu",64Ni,28,36,64,p,6564Ni,65,29,7,3.5,0.9846,6.72,0.0681,0.0216,2.4472,2.797,2.3314e-08,0.03,2.8570e-01,0.03,0.02,0.03,0.0587,0.03,0.0612,0.1049,0.0446,29.8,-18.25,0.762
"64Ni(p, gamma)65Cu",64Ni,28,36,64,p,6564Ni,65,29,7,3.5,0.9846,6.72,0.0681,0.0216,2.4765,2.7804,2.5876e-08,0.03,3.1335e-01,0.03,0.02,0.03,0.0587,0.03,0.0612,0.1049,0.0446,29.8,-18.25,0.762
"64Ni(p, gamma)65Cu",64Ni,28,36,64,p,6564Ni,65,29,7,3.5,0.9846,6.72,0.0681,0.0216,2.5057,2.7642,2.8658e-08,0.03,3.4298e-01,0.03,0.02,0.03,0.0587,0.03,0.0612,0.1049,0.0446,29.8,-18.25,0.762
"64Ni(p, gamma)65Cu",64Ni,28,36,64,p,6564Ni,65,29,7,3.5,0.9846,6.72,0.0681,0.0216,2.535,2.7482,3.1693e-08,0.03,3.7492e-01,0.03,0.02,0.03,0.0587,0.03,0.0612,0.1049,0.0446,29.8,-18.25,0.762
"64Ni(p, gamma)65Cu",64Ni,28,36,64,p,6564Ni,65,29,7,3.5,0.9846,6.72,0.0681,0.0216,2.5642,2.7325,3.4977e-08,0.03,4.0905e-01,0.03,0.02,0.03,0.0587,0.03,0.0612,0.1049,0.0446,29.8,-18.25,0.762
"64Ni(p, gamma)65Cu",64Ni,28,36,64,p,6564Ni,65,29,7,3.5,0.9846,6.72,0.0681,0.0216,2.5934,2.717,3.8537e-08,0.03,4.4561e-01,0.03,0.02,0.03,0.0587,0.03,0.0612,0.1049,0.0446,29.8,-18.25,0.762
"64Ni(p, gamma)65Cu",64Ni,28,36,64,p,6564Ni,65,29,7,3.5,0.9846,6.72,0.0681,0.0216,2.6227,2.7018,4.2404e-08,0.03,4.8485e-01,0.03,0.02,0.03,0.0587,0.03,0.0612,0.1049,0.0446,29.8,-18.25,0.762
"64Ni(p, gamma)65Cu",64Ni,28,36,64,p,6564Ni,65,29,7,3.5,0.9846,6.72,0.0681,0.0216,2.6519,2.6869,4.6570e-08,0.03,5.2662e-01,0.03,0.02,0.03,0.0587,0.03,0.0612,0.1049,0.0446,29.8,-18.25,0.762
"64Ni(p, gamma)65Cu",64Ni,28,36,64,p,6564Ni,65,29,7,3.5,0.9846,6.72,0.0681,0.0216,2.6812,2.6722,5.1083e-08,0.03,5.7134e-01,0.03,0.02,0.03,0.0587,0.03,0.0612,0.1049,0.0446,29.8,-18.25,0.762
"64Ni(p, gamma)65Cu",64Ni,28,36,64,p,6564Ni,65,29,7,3.5,0.9846,6.72,0.0681,0.0216,2.7104,2.6577,5.5932e-08,0.03,6.1883e-01,0.03,0.02,0.03,0.0587,0.03,0.0612,0.1049,0.0446,29.8,-18.25,0.762
"64Ni(p, gamma)65Cu",64Ni,28,36,64,p,6564Ni,65,29,7,3.5,0.9846,6.72,0.0681,0.0216,2.7397,2.6435,6.1171e-08,0.03,6.6956e-01,0.03,0.02,0.03,0.0587,0.03,0.0612,0.1049,0.0446,29.8,-18.25,0.762
"64Ni(p, gamma)65Cu",64Ni,28,36,64,p,6564Ni,65,29,7,3.5,0.9846,6.72,0.0681,0.0216,2.7689,2.6295,6.6786e-08,0.03,7.2330e-01,0.03,0.02,0.03,0.0587,0.03,0.0612,0.1049,0.0446,29.8,-18.25,0.762
"64Ni(p, gamma)65Cu",64Ni,28,36,64,p,6564Ni,65,29,7,3.5,0.9846,6.72,0.0681,0.0216,2.7982,2.6157,7.2836e-08,0.03,7.8056e-01,0.03,0.02,0.03,0.0587,0.03,0.0612,0.1049,0.0446,29.8,-18.25,0.762
"64Ni(p, gamma)65Cu",64Ni,28,36,64,p,6564Ni,65,29,7,3.5,0.9846,6.72,0.0681,0.0216,2.8274,2.6022,7.9305e-08,0.03,8.4111e-01,0.03,0.02,0.03,0.0587,0.03,0.0612,0.1049,0.0446,29.8,-18.25,0.762
"64Ni(p, gamma)65Cu",64Ni,28,36,64,p,6564Ni,65,29,7,3.5,0.9846,6.72,0.0681,0.0216,2.8566,2.5888,8.6235e-08,0.03,9.0526e-01,0.03,0.02,0.03,0.0587,0.03,0.0612,0.1049,0.0446,29.8,-18.25,0.762
"64Ni(p, gamma)65Cu",64Ni,28,36,64,p,6564Ni,65,29,7,3.5,0.9846,6.72,0.0681,0.0216,2.8859,2.5757,9.3678e-08,0.03,9.7340e-01,0.03,0.02,0.03,0.0587,0.03,0.0612,0.1049,0.0446,29.8,-18.25,0.762
"64Ni(p, gamma)65Cu",64Ni,28,36,64,p,6564Ni,65,29,7,3.5,0.9846,6.72,0.0681,0.0216,2.9151,2.5627,1.0161e-07,0.03,1.0452e+00,0.03,0.02,0.03,0.0587,0.03,0.0612,0.1049,0.0446,29.8,-18.25,0.762
"64Ni(p, gamma)65Cu",64Ni,28,36,64,p,6564Ni,65,29,7,3.5,0.9846,6.72,0.0681,0.0216,2.9444,2.55,1.1011e-07,0.03,1.1214e+00,0.03,0.02,0.03,0.0587,0.03,0.0612,0.1049,0.0446,29.8,-18.25,0.762
"64Ni(p, gamma)65Cu",64Ni,28,36,64,p,6564Ni,65,29,7,3.5,0.9846,6.72,0.0681,0.0216,2.9736,2.5374,1.1914e-07,0.03,1.2014e+00,0.03,0.02,0.03,0.0587,0.03,0.0612,0.1049,0.0446,29.8,-18.25,0.762
"64Ni(p, gamma)65Cu",64Ni,28,36,64,p,6564Ni,65,29,7,3.5,0.9846,6.72,0.0681,0.0216,3.0029,2.525,1.2880e-07,0.03,1.2862e+00,0.03,0.02,0.03,0.0587,0.03,0.0612,0.1049,0.0446,29.8,-18.25,0.762
"64Ni(p, gamma)65Cu",64Ni,28,36,64,p,6564Ni,65,29,7,3.5,0.9846,6.72,0.0681,0.0216,3.0321,2.5128,1.3905e-07,0.03,1.3752e+00,0.03,0.02,0.03,0.0587,0.03,0.0612,0.1049,0.0446,29.8,-18.25,0.762
"64Ni(p, gamma)65Cu",64Ni,28,36,64,p,6564Ni,65,29,7,3.5,0.9846,6.72,0.0681,0.0216,3.0613,2.5008,1.4995e-07,0.03,1.4688e+00,0.03,0.02,0.03,0.0587,0.03,0.0612,0.1049,0.0446,29.8,-18.25,0.762
"64Ni(p, gamma)65Cu",64Ni,28,36,64,p,6564Ni,65,29,7,3.5,0.9846,6.72,0.0681,0.0216,3.0906,2.4889,1.6158e-07,0.03,1.5677e+00,0.03,0.02,0.03,0.0587,0.03,0.0612,0.1049,0.0446,29.8,-18.25,0.762
"64Ni(p, gamma)65Cu",64Ni,28,36,64,p,6564Ni,65,29,7,3.5,0.9846,6.72,0.0681,0.0216,3.1198,2.4772,1.7388e-07,0.03,1.6712e+00,0.03,0.02,0.03,0.0587,0.03,0.0612,0.1049,0.0446,29.8,-18.25,0.762
"64Ni(p, gamma)65Cu",64Ni,28,36,64,p,6564Ni,65,29,7,3.5,0.9846,6.72,0.0681,0.0216,3.1491,2.4657,1.8696e-07,0.03,1.7803e+00,0.03,0.02,0.03,0.0587,0.03,0.0612,0.1049,0.0446,29.8,-18.25,0.762
"64Ni(p, gamma)65Cu",64Ni,28,36,64,p,6564Ni,65,29,7,3.5,0.9846,6.72,0.0681,0.0216,3.1783,2.4543,2.0079e-07,0.03,1.8943e+00,0.03,0.02,0.03,0.0587,0.03,0.0612,0.1049,0.0446,29.8,-18.25,0.762
"64Ni(p, gamma)65Cu",64Ni,28,36,64,p,6564Ni,65,29,7,3.5,0.9846,6.72,0.0681,0.0216,3.2076,2.4431,2.1547e-07,0.03,2.0143e+00,0.03,0.02,0.03,0.0587,0.03,0.0612,0.1049,0.0446,29.8,-18.25,0.762
"64Ni(p, gamma)65Cu",64Ni,28,36,64,p,6564Ni,65,29,7,3.5,0.9846,6.72,0.0681,0.0216,3.2368,2.4321,2.3096e-07,0.03,2.1396e+00,0.03,0.02,0.03,0.0587,0.03,0.0612,0.1049,0.0446,29.8,-18.25,0.762
"64Ni(p, gamma)65Cu",64Ni,28,36,64,p,6564Ni,65,29,7,3.5,0.9846,6.72,0.0681,0.0216,3.2661,2.4211,2.4738e-07,0.03,2.2712e+00,0.03,0.02,0.03,0.0587,0.03,0.0612,0.1049,0.0446,29.8,-18.25,0.762
"64Ni(p, gamma)65Cu",64Ni,28,36,64,p,6564Ni,65,29,7,3.5,0.9846,6.72,0.0681,0.0216,3.2953,2.4104,2.6467e-07,0.03,2.4083e+00,0.03,0.02,0.03,0.0587,0.03,0.0612,0.1049,0.0446,29.8,-18.25,0.762
"64Ni(p, gamma)65Cu",64Ni,28,36,64,p,6564Ni,65,29,7,3.5,0.9846,6.72,0.0681,0.0216,3.3245,2.3998,2.8291e-07,0.03,2.5517e+00,0.03,0.02,0.03,0.0587,0.03,0.0612,0.1049,0.0446,29.8,-18.25,0.762
"64Ni(p, gamma)65Cu",64Ni,28,36,64,p,6564Ni,65,29,7,3.5,0.9846,6.72,0.0681,0.0216,3.3538,2.3893,3.0222e-07,0.03,2.7020e+00,0.03,0.02,0.03,0.0587,0.03,0.0612,0.1049,0.0446,29.8,-18.25,0.762
"64Ni(p, gamma)65Cu",64Ni,28,36,64,p,6564Ni,65,29,7,3.5,0.9846,6.72,0.0681,0.0216,3.383,2.3789,3.2249e-07,0.03,2.8584e+00,0.03,0.02,0.03,0.0587,0.03,0.0612,0.1049,0.0446,29.8,-18.25,0.762
"64Ni(p, gamma)65Cu",64Ni,28,36,64,p,6564Ni,65,29,7,3.5,0.9846,6.72,0.0681,0.0216,3.4123,2.3687,3.4391e-07,0.03,3.0221e+00,0.03,0.02,0.03,0.0587,0.03,0.0612,0.1049,0.0446,29.8,-18.25,0.762
"64Ni(p, gamma)65Cu",64Ni,28,36,64,p,6564Ni,65,29,7,3.5,0.9846,6.72,0.0681,0.0216,3.4415,2.3586,3.6638e-07,0.03,3.1921e+00,0.03,0.02,0.03,0.0587,0.03,0.0612,0.1049,0.0446,29.8,-18.25,0.762
"64Ni(p, gamma)65Cu",64Ni,28,36,64,p,6564Ni,65,29,7,3.5,0.9846,6.72,0.0681,0.0216,3.4708,2.3486,3.9008e-07,0.03,3.3699e+00,0.03,0.02,0.03,0.0587,0.03,0.0612,0.1049,0.0446,29.8,-18.25,0.762
"64Ni(p, gamma)65Cu",64Ni,28,36,64,p,6564Ni,65,29,7,3.5,0.9846,6.72,0.0681,0.0216,3.5,2.3388,4.1490e-07,0.03,3.5544e+00,0.03,0.02,0.03,0.0587,0.03,0.0612,0.1049,0.0446,29.8,-18.25,0.762
"90Zr(p, gamma)91Nb",90Zr,40,50,90,p,9190Zr,91,41,9,4.5,0.989,8.757,0.0865,0.0243,0.02,44.2981,0.0,0.02,0.0000e+00,0.02,0.02,0.02,0.0376,0.02,0.0398,0.6563,0.0451,32.92,-19.55,0.671
"90Zr(p, gamma)91Nb",90Zr,40,50,90,p,9190Zr,91,41,9,4.5,0.989,8.757,0.0865,0.0243,0.0492,28.2434,8.5253e-78,0.02,3.4655e-69,0.02,0.02,0.02,0.0376,0.02,0.0398,0.6563,0.0451,32.92,-19.55,0.671
"90Zr(p, gamma)91Nb",90Zr,40,50,90,p,9190Zr,91,41,9,4.5,0.989,8.757,0.0865,0.0243,0.0785,22.3596,9.6840e-62,0.02,2.4672e-53,0.02,0.02,0.02,0.0376,0.02,0.0398,0.6563,0.0451,32.92,-19.55,0.671
"90Zr(p, gamma)91Nb",90Zr,40,50,90,p,9190Zr,91,41,9,4.5,0.989,8.757,0.0865,0.0243,0.1077,19.0894,8.1245e-53,0.02,1.5087e-44,0.02,0.02,0.02,0.0376,0.02,0.0398,0.6563,0.0451,32.92,-19.55,0.671
"90Zr(p, gamma)91Nb",90Zr,40,50,90,p,9190Zr,91,41,9,4.5,0.989,8.757,0.0865,0.0243,0.137,16.9254,6.5270e-47,0.02,9.5283e-39,0.02,0.02,0.02,0.0376,0.02,0.0398,0.6563,0.0451,32.92,-19.55,0.671
"90Zr(p, gamma)91Nb",90Zr,40,50,90,p,9190Zr,91,41,9,4.5,0.989,8.757,0.0865,0.0243,0.1662,15.3668,1.1688e-42,0.02,1.4064e-34,0.02,0.02,0.02,0.0376,0.02,0.0398,0.6563,0.0451,32.92,-19.55,0.671
"90Zr(p, gamma)91Nb",90Zr,40,50,90,p,9190Zr,91,41,9,4.5,0.989,8.757,0.0865,0.0243,0.1955,14.1686,2.1749e-39,0.02,2.2249e-31,0.02,0.02,0.02,0.0376,0.02,0.0398,0.6563,0.0451,32.92,-19.55,0.671
"90Zr(p, gamma)91Nb",90Zr,40,50,90,p,9190Zr,91,41,9,4.5,0.989,8.757,0.0865,0.0243,0.2247,13.2159,8.6488e-37,0.02,7.6979e-29,0.02,0.02,0.02,0.0376,0.02,0.0398,0.6563,0.0451,32.92,-19.55,0.671
"90Zr(p, gamma)91Nb",90Zr,40,50,90,p,9190Zr,91,41,9,4.5,0.989,8.757,0.0865,0.0243,0.2539,12.4328,1.1858e-34,0.02,9.3403e-27,0.02,0.02,0.02,0.0376,0.02,0.0398,0.6563,0.0451,32.92,-19.55,0.671
"90Zr(p, gamma)91Nb",90Zr,40,50,90,p,9190Zr,91,41,9,4.5,0.989,8.757,0.0865,0.0243,0.2832,11.7721,7.5320e-33,0.02,5.3191e-25,0.02,0.02,0.02,0.0376,0.02,0.0398,0.6563,0.0451,32.92,-19.55,0.671
"90Zr(p, gamma)91Nb",90Zr,40,50,90,p,9190Zr,91,41,9,4.5,0.989,8.757,0.0865,0.0243,0.3124,11.2084,2.6002e-31,0.02,1.6646e-23,0.02,0.02,0.02,0.0376,0.02,0.0398,0.6563,0.0451,32.92,-19.55,0.671
"90Zr(p, gamma)91Nb",90Zr,40,50,90,p,9190Zr,91,41,9,4.5,0.989,8.757,0.0865,0.0243,0.3417,10.7171,5.6975e-30,0.02,3.3347e-22,0.02,0.02,0.02,0.0376,0.02,0.0398,0.6563,0.0451,32.92,-19.55,0.671
"90Zr(p, gamma)91Nb",90Zr,40,50,90,p,9190Zr,91,41,9,4.5,0.989,8.757,0.0865,0.0243,0.3709,10.2866,8.5201e-29,0.02,4.5941e-21,0.02,0.02,0.02,0.0376,0.02,0.0398,0.6563,0.0451,32.92,-19.55,0.671
"90Zr(p, gamma)91Nb",90Zr,40,50,90,p,9190Zr,91,41,9,4.5,0.989,8.757,0.0865,0.0243,0.4002,9.9029,9.4953e-28,0.02,4.7451e-20,0.02,0.02,0.02,0.0376,0.02,0.0398,0.6563,0.0451,32.92,-19.55,0.671
"90Zr(p, gamma)91Nb",90Zr,40,50,90,p,9190Zr,91,41,9,4.5,0.989,8.757,0.0865,0.0243,0.4294,9.5602,8.1747e-27,0.02,3.8073e-19,0.02,0.02,0.02,0.0376,0.02,0.0398,0.6563,0.0451,32.92,-19.55,0.671
"90Zr(p, gamma)91Nb",90Zr,40,50,90,p,9190Zr,91,41,9,4.5,0.989,8.757,0.0865,0.0243,0.4587,9.2499,5.7465e-26,0.02,2.5055e-18,0.02,0.02,0.02,0.0376,0.02,0.0398,0.6563,0.0451,32.92,-19.55,0.671
"90Zr(p, gamma)91Nb",90Zr,40,50,90,p,9190Zr,91,41,9,4.5,0.989,8.757,0.0865,0.0243,0.4879,8.9688,3.3602e-25,0.02,1.3773e-17,0.02,0.02,0.02,0.0376,0.02,0.0398,0.6563,0.0451,32.92,-19.55,0.671
"90Zr(p, gamma)91Nb",90Zr,40,50,90,p,9190Zr,91,41,9,4.5,0.989,8.757,0.0865,0.0243,0.5171,8.7119,1.6881e-24,0.02,6.5288e-17,0.02,0.02,0.02,0.0376,0.02,0.0398,0.6563,0.0451,32.92,-19.55,0.671
"90Zr(p, gamma)91Nb",90Zr,40,50,90,p,9190Zr,91,41,9,4.5,0.989,8.757,0.0865,0.0243,0.5464,8.4751,7.4743e-24,0.02,2.7357e-16,0.02,0.02,0.02,0.0376,0.02,0.0398,0.6563,0.0451,32.92,-19.55,0.671
"90Zr(p, gamma)91Nb",90Zr,40,50,90,p,9190Zr,91,41,9,4.5,0.989,8.757,0.0865,0.0243,0.5756,8.2573,2.9363e-23,0.02,1.0202e-15,0.02,0.02,0.02,0.0376,0.02,0.0398,0.6563,0.0451,32.92,-19.55,0.671
"90Zr(p, gamma)91Nb",90Zr,40,50,90,p,9190Zr,91,41,9,4.5,0.989,8.757,0.0865,0.0243,0.6049,8.0549,1.0478e-22,0.02,3.4642e-15,0.02,0.02,0.02,0.0376,0.02,0.0398,0.6563,0.0451,32.92,-19.55,0.671
"90Zr(p, gamma)91Nb",90Zr,40,50,90,p,9190Zr,91,41,9,4.5,0.989,8.757,0.0865,0.0243,0.6341,7.8672,3.4066e-22,0.02,1.0744e-14,0.02,0.02,0.02,0.0376,0.02,0.0398,0.6563,0.0451,32.92,-19.55,0.671
"90Zr(p, gamma)91Nb",90Zr,40,50,90,p,9190Zr,91,41,9,4.5,0.989,8.757,0.0865,0.0243,0.6634,7.6915,1.0274e-21,0.02,3.0972e-14,0.02,0.02,0.02,0.0376,0.02,0.0398,0.6563,0.0451,32.92,-19.55,0.671
"90Zr(p, gamma)91Nb",90Zr,40,50,90,p,9190Zr,91,41,9,4.5,0.989,8.757,0.0865,0.0243,0.6926,7.5276,2.8771e-21,0.02,8.3073e-14,0.02,0.02,0.02,0.0376,0.02,0.0398,0.6563,0.0451,32.92,-19.55,0.671
"90Zr(p, gamma)91Nb",90Zr,40,50,90,p,9190Zr,91,41,9,4.5,0.989,8.757,0.0865,0.0243,0.7218,7.3738,7.5635e-21,0.02,2.0956e-13,0.02,0.02,0.02,0.0376,0.02,0.0398,0.6563,0.0451,32.92,-19.55,0.671
"90Zr(p, gamma)91Nb",90Zr,40,50,90,p,9190Zr,91,41,9,4.5,0.989,8.757,0.0865,0.0243,0.7511,7.2285,1.8840e-20,0.02,5.0163e-13,0.02,0.02,0.02,0.0376,0.02,0.0398,0.6563,0.0451,32.92,-19.55,0.671
"90Zr(p, gamma)91Nb",90Zr,40,50,90,p,9190Zr,91,41,9,4.5,0.989,8.757,0.0865,0.0243,0.7803,7.092,4.4430e-20,0.02,1.1387e-12,0.02,0.02,0.02,0.0376,0.02,0.0398,0.6563,0.0451,32.92,-19.55,0.671
"90Zr(p, gamma)91Nb",90Zr,40,50,90,p,9190Zr,91,41,9,4.5,0.989,8.757,0.0865,0.0243,0.8096,6.9625,1.0025e-19,0.02,2.4763e-12,0.02,0.02,0.02,0.0376,0.02,0.0398,0.6563,0.0451,32.92,-19.55,0.671
"90Zr(p, gamma)91Nb",90Zr,40,50,90,p,9190Zr,91,41,9,4.5,0.989,8.757,0.0865,0.0243,0.8388,6.8402,2.1613e-19,0.02,5.1528e-12,0.02,0.02,0.02,0.0376,0.02,0.0398,0.6563,0.0451,32.92,-19.55,0.671
"90Zr(p, gamma)91Nb",90Zr,40,50,90,p,9190Zr,91,41,9,4.5,0.989,8.757,0.0865,0.0243,0.8681,6.7238,4.4917e-19,0.02,1.0347e-11,0.02,0.02,0.02,0.0376,0.02,0.0398,0.6563,0.0451,32.92,-19.55,0.671
"90Zr(p, gamma)91Nb",90Zr,40,50,90,p,9190Zr,91,41,9,4.5,0.989,8.757,0.0865,0.0243,0.8973,6.6135,8.9828e-19,0.02,2.0020e-11,0.02,0.02,0.02,0.0376,0.02,0.0398,0.6563,0.0451,32.92,-19.55,0.671
"90Zr(p, gamma)91Nb",90Zr,40,50,90,p,9190Zr,91,41,9,4.5,0.989,8.757,0.0865,0.0243,0.9266,6.5081,1.7419e-18,0.02,3.7594e-11,0.02,0.02,0.02,0.0376,0.02,0.0398,0.6563,0.0451,32.92,-19.55,0.671
"90Zr(p, gamma)91Nb",90Zr,40,50,90,p,9190Zr,91,41,9,4.5,0.989,8.757,0.0865,0.0243,0.9558,6.4079,3.2689e-18,0.02,6.8395e-11,0.02,0.02,0.02,0.0376,0.02,0.0398,0.6563,0.0451,32.92,-19.55,0.671
"90Zr(p, gamma)91Nb",90Zr,40,50,90,p,9190Zr,91,41,9,4.5,0.989,8.757,0.0865,0.0243,0.985,6.3122,5.9639e-18,0.02,1.2108e-10,0.02,0.02,0.02,0.0376,0.02,0.0398,0.6563,0.0451,32.92,-19.55,0.671
"90Zr(p, gamma)91Nb",90Zr,40,50,90,p,9190Zr,91,41,9,4.5,0.989,8.757,0.0865,0.0243,1.0143,6.2204,1.0620e-17,0.02,2.0939e-10,0.02,0.02,0.02,0.0376,0.02,0.0398,0.6563,0.0451,32.92,-19.55,0.671
"90Zr(p, gamma)91Nb",90Zr,40,50,90,p,9190Zr,91,41,9,4.5,0.989,8.757,0.0865,0.0243,1.0435,6.1327,1.8421e-17,0.02,3.5302e-10,0.02,0.02,0.02,0.0376,0.02,0.0398,0.6563,0.0451,32.92,-19.55,0.671
"90Zr(p, gamma)91Nb",90Zr,40,50,90,p,9190Zr,91,41,9,4.5,0.989,8.757,0.0865,0.0243,1.0728,6.0484,3.1291e-17,0.02,5.8328e-10,0.02,0.02,0.02,0.0376,0.02,0.0398,0.6563,0.0451,32.92,-19.55,0.671
"90Zr(p, gamma)91Nb",90Zr,40,50,90,p,9190Zr,91,41,9,4.5,0.989,8.757,0.0865,0.0243,1.102,5.9677,5.1946e-17,0.02,9.4264e-10,0.02,0.02,0.02,0.0376,0.02,0.0398,0.6563,0.0451,32.92,-19.55,0.671
"90Zr(p, gamma)91Nb",90Zr,40,50,90,p,9190Zr,91,41,9,4.5,0.989,8.757,0.0865,0.0243,1.1313,5.8899,8.4686e-17,0.02,1.4970e-09,0.02,0.02,0.02,0.0376,0.02,0.0398,0.6563,0.0451,32.92,-19.55,0.671
"90Zr(p, gamma)91Nb",90Zr,40,50,90,p,9190Zr,91,41,9,4.5,0.989,8.757,0.0865,0.0243,1.1605,5.8154,1.3530e-16,0.02,2.3315e-09,0.02,0.02,0.02,0.0376,0.02,0.0398,0.6563,0.0451,32.92,-19.55,0.671
"90Zr(p, gamma)91Nb",90Zr,40,50,90,p,9190Zr,91,41,9,4.5,0.989,8.757,0.0865,0.0243,1.1897,5.7436,2.1245e-16,0.02,3.5710e-09,0.02,0.02,0.02,0.0376,0.02,0.0398,0.6563,0.0451,32.92,-19.55,0.671
"90Zr(p, gamma)91Nb",90Zr,40,50,90,p,9190Zr,91,41,9,4.5,0.989,8.757,0.0865,0.0243,1.219,5.6741,3.2866e-16,0.02,5.3916e-09,0.02,0.02,0.02,0.0376,0.02,0.0398,0.6563,0.0451,32.92,-19.55,0.671
"90Zr(p, gamma)91Nb",90Zr,40,50,90,p,9190Zr,91,41,9,4.5,0.989,8.757,0.0865,0.0243,1.2482,5.6073,4.9995e-16,0.02,8.0097e-09,0.02,0.02,0.02,0.0376,0.02,0.0398,0.6563,0.0451,32.92,-19.55,0.671
"90Zr(p, gamma)91Nb",90Zr,40,50,90,p,9190Zr,91,41,9,4.5,0.989,8.757,0.0865,0.0243,1.2775,5.5427,7.5061e-16,0.02,1.1750e-08,0.02,0.02,0.02,0.0376,0.02,0.0398,0.6563,0.0451,32.92,-19.55,0.671
"90Zr(p, gamma)91Nb",90Zr,40,50,90,p,9190Zr,91,41,9,4.5,0.989,8.757,0.0865,0.0243,1.3067,5.4804,1.1101e-15,0.02,1.6988e-08,0.02,0.02,0.02,0.0376,0.02,0.0398,0.6563,0.0451,32.92,-19.55,0.671
"90Zr(p, gamma)91Nb",90Zr,40,50,90,p,9190Zr,91,41,9,4.5,0.989,8.757,0.0865,0.0243,1.336,5.42,1.6228e-15,0.02,2.4289e-08,0.02,0.02,0.02,0.0376,0.02,0.0398,0.6563,0.0451,32.92,-19.55,0.671
"90Zr(p, gamma)91Nb",90Zr,40,50,90,p,9190Zr,91,41,9,4.5,0.989,8.757,0.0865,0.0243,1.3652,5.3617,2.3403e-15,0.02,3.4280e-08,0.02,0.02,0.02,0.0376,0.02,0.0398,0.6563,0.0451,32.92,-19.55,0.671
"90Zr(p, gamma)91Nb",90Zr,40,50,90,p,9190Zr,91,41,9,4.5,0.989,8.757,0.0865,0.0243,1.3945,5.3051,3.3404e-15,0.02,4.7901e-08,0.02,0.02,0.02,0.0376,0.02,0.0398,0.6563,0.0451,32.92,-19.55,0.671
"90Zr(p, gamma)91Nb",90Zr,40,50,90,p,9190Zr,91,41,9,4.5,0.989,8.757,0.0865,0.0243,1.4237,5.2504,4.7100e-15,0.02,6.6155e-08,0.02,0.02,0.02,0.0376,0.02,0.0398,0.6563,0.0451,32.92,-19.55,0.671
"90Zr(p, gamma)91Nb",90Zr,40,50,90,p,9190Zr,91,41,9,4.5,0.989,8.757,0.0865,0.0243,1.4529,5.1973,6.5723e-15,0.02,9.0458e-08,0.02,0.02,0.02,0.0376,0.02,0.0398,0.6563,0.0451,32.92,-19.55,0.671
"90Zr(p, gamma)91Nb",90Zr,40,50,90,p,9190Zr,91,41,9,4.5,0.989,8.757,0.0865,0.0243,1.4822,5.1457,9.0907e-15,0.02,1.2264e-07,0.02,0.02,0.02,0.0376,0.02,0.0398,0.6563,0.0451,32.92,-19.55,0.671
"90Zr(p, gamma)91Nb",90Zr,40,50,90,p,9190Zr,91,41,9,4.5,0.989,8.757,0.0865,0.0243,1.5114,5.0958,1.2442e-14,0.02,1.6462e-07,0.02,0.02,0.02,0.0376,0.02,0.0398,0.6563,0.0451,32.92,-19.55,0.671
"90Zr(p, gamma)91Nb",90Zr,40,50,90,p,9190Zr,91,41,9,4.5,0.989,8.757,0.0865,0.0243,1.5407,5.0471,1.6895e-14,0.02,2.1927e-07,0.02,0.02,0.02,0.0376,0.02,0.0398,0.6563,0.0451,32.92,-19.55,0.671
"90Zr(p, gamma)91Nb",90Zr,40,50,90,p,9190Zr,91,41,9,4.5,0.989,8.757,0.0865,0.0243,1.5699,4.9999,2.2721e-14,0.02,2.8941e-07,0.02,0.02,0.02,0.0376,0.02,0.0398,0.6563,0.0451,32.92,-19.55,0.671
"90Zr(p, gamma)91Nb",90Zr,40,50,90,p,9190Zr,91,41,9,4.5,0.989,8.757,0.0865,0.0243,1.5992,4.9539,3.0339e-14,0.02,3.7936e-07,0.02,0.02,0.02,0.0376,0.02,0.0398,0.6563,0.0451,32.92,-19.55,0.671
"90Zr(p, gamma)91Nb",90Zr,40,50,90,p,9190Zr,91,41,9,4.5,0.989,8.757,0.0865,0.0243,1.6284,4.9093,4.0156e-14,0.02,4.9310e-07,0.02,0.02,0.02,0.0376,0.02,0.0398,0.6563,0.0451,32.92,-19.55,0.671
"90Zr(p, gamma)91Nb",90Zr,40,50,90,p,9190Zr,91,41,9,4.5,0.989,8.757,0.0865,0.0243,1.6576,4.8659,5.2755e-14,0.02,6.3641e-07,0.02,0.02,0.02,0.0376,0.02,0.0398,0.6563,0.0451,32.92,-19.55,0.671
"90Zr(p, gamma)91Nb",90Zr,40,50,90,p,9190Zr,91,41,9,4.5,0.989,8.757,0.0865,0.0243,1.6869,4.8234,6.8878e-14,0.02,8.1647e-07,0.02,0.02,0.02,0.0376,0.02,0.0398,0.6563,0.0451,32.92,-19.55,0.671
"90Zr(p, gamma)91Nb",90Zr,40,50,90,p,9190Zr,91,41,9,4.5,0.989,8.757,0.0865,0.0243,1.7161,4.7822,8.9235e-14,0.02,1.0398e-06,0.02,0.02,0.02,0.0376,0.02,0.0398,0.6563,0.0451,32.92,-19.55,0.671
"90Zr(p, gamma)91Nb",90Zr,40,50,90,p,9190Zr,91,41,9,4.5,0.989,8.757,0.0865,0.0243,1.7454,4.7419,1.1496e-13,0.02,1.3170e-06,0.02,0.02,0.02,0.0376,0.02,0.0398,0.6563,0.0451,32.92,-19.55,0.671
"90Zr(p, gamma)91Nb",90Zr,40,50,90,p,9190Zr,91,41,9,4.5,0.989,8.757,0.0865,0.0243,1.7746,4.7027,1.4704e-13,0.02,1.6568e-06,0.02,0.02,0.02,0.0376,0.02,0.0398,0.6563,0.0451,32.92,-19.55,0.671
"90Zr(p, gamma)91Nb",90Zr,40,50,90,p,9190Zr,91,41,9,4.5,0.989,8.757,0.0865,0.0243,1.8039,4.6644,1.8710e-13,0.02,2.0740e-06,0.02,0.02,0.02,0.0376,0.02,0.0398,0.6563,0.0451,32.92,-19.55,0.671
"90Zr(p, gamma)91Nb",90Zr,40,50,90,p,9190Zr,91,41,9,4.5,0.989,8.757,0.0865,0.0243,1.8331,4.6271,2.3651e-13,0.02,2.5799e-06,0.02,0.02,0.02,0.0376,0.02,0.0398,0.6563,0.0451,32.92,-19.55,0.671
"90Zr(p, gamma)91Nb",90Zr,40,50,90,p,9190Zr,91,41,9,4.5,0.989,8.757,0.0865,0.0243,1.8624,4.5905,2.9755e-13,0.02,3.1947e-06,0.02,0.02,0.02,0.0376,0.02,0.0398,0.6563,0.0451,32.92,-19.55,0.671
"90Zr(p, gamma)91Nb",90Zr,40,50,90,p,9190Zr,91,41,9,4.5,0.989,8.757,0.0865,0.0243,1.8916,4.555,3.7207e-13,0.02,3.9331e-06,0.02,0.02,0.02,0.0376,0.02,0.0398,0.6563,0.0451,32.92,-19.55,0.671
"90Zr(p, gamma)91Nb",90Zr,40,50,90,p,9190Zr,91,41,9,4.5,0.989,8.757,0.0865,0.0243,1.9208,4.5202,4.6287e-13,0.02,4.8186e-06,0.02,0.02,0.02,0.0376,0.02,0.0398,0.6563,0.0451,32.92,-19.55,0.671
"90Zr(p, gamma)91Nb",90Zr,40,50,90,p,9190Zr,91,41,9,4.5,0.989,8.757,0.0865,0.0243,1.9501,4.4861,5.7342e-13,0.02,5.8797e-06,0.02,0.02,0.02,0.0376,0.02,0.0398,0.6563,0.0451,32.92,-19.55,0.671
"90Zr(p, gamma)91Nb",90Zr,40,50,90,p,9190Zr,91,41,9,4.5,0.989,8.757,0.0865,0.0243,1.9793,4.4529,7.0650e-13,0.02,7.1373e-06,0.02,0.02,0.02,0.0376,0.02,0.0398,0.6563,0.0451,32.92,-19.55,0.671
"90Zr(p, gamma)91Nb",90Zr,40,50,90,p,9190Zr,91,41,9,4.5,0.989,8.757,0.0865,0.0243,2.0086,4.4203,8.6708e-13,0.02,8.6318e-06,0.02,0.02,0.02,0.0376,0.02,0.0398,0.6563,0.0451,32.92,-19.55,0.671
"90Zr(p, gamma)91Nb",90Zr,40,50,90,p,9190Zr,91,41,9,4.5,0.989,8.757,0.0865,0.0243,2.0378,4.3885,1.0587e-12,0.02,1.0389e-05,0.02,0.02,0.02,0.0376,0.02,0.0398,0.6563,0.0451,32.92,-19.55,0.671
"90Zr(p, gamma)91Nb",90Zr,40,50,90,p,9190Zr,91,41,9,4.5,0.989,8.757,0.0865,0.0243,2.0671,4.3573,1.2881e-12,0.02,1.2460e-05,0.02,0.02,0.02,0.0376,0.02,0.0398,0.6563,0.0451,32.92,-19.55,0.671
"90Zr(p, gamma)91Nb",90Zr,40,50,90,p,9190Zr,91,41,9,4.5,0.989,8.757,0.0865,0.0243,2.0963,4.3269,1.5598e-12,0.02,1.4878e-05,0.02,0.02,0.02,0.0376,0.02,0.0398,0.6563,0.0451,32.92,-19.55,0.671
"90Zr(p, gamma)91Nb",90Zr,40,50,90,p,9190Zr,91,41,9,4.5,0.989,8.757,0.0865,0.0243,2.1255,4.297,1.8812e-12,0.02,1.7698e-05,0.02,0.02,0.02,0.0376,0.02,0.0398,0.6563,0.0451,32.92,-19.55,0.671
"90Zr(p, gamma)91Nb",90Zr,40,50,90,p,9190Zr,91,41,9,4.5,0.989,8.757,0.0865,0.0243,2.1548,4.2677,2.2617e-12,0.02,2.0987e-05,0.02,0.02,0.02,0.0376,0.02,0.0398,0.6563,0.0451,32.92,-19.55,0.671
"90Zr(p, gamma)91Nb",90Zr,40,50,90,p,9190Zr,91,41,9,4.5,0.989,8.757,0.0865,0.0243,2.184,4.2391,2.7074e-12,0.02,2.4787e-05,0.02,0.02,0.02,0.0376,0.02,0.0398,0.6563,0.0451,32.92,-19.55,0.671
"90Zr(p, gamma)91Nb",90Zr,40,50,90,p,9190Zr,91,41,9,4.5,0.989,8.757,0.0865,0.0243,2.2133,4.2109,3.2313e-12,0.02,2.9191e-05,0.02,0.02,0.02,0.0376,0.02,0.0398,0.6563,0.0451,32.92,-19.55,0.671
"90Zr(p, gamma)91Nb",90Zr,40,50,90,p,9190Zr,91,41,9,4.5,0.989,8.757,0.0865,0.0243,2.2425,4.1834,3.8409e-12,0.02,3.4247e-05,0.02,0.02,0.02,0.0376,0.02,0.0398,0.6563,0.0451,32.92,-19.55,0.671
"90Zr(p, gamma)91Nb",90Zr,40,50,90,p,9190Zr,91,41,9,4.5,0.989,8.757,0.0865,0.0243,2.2718,4.1564,4.5528e-12,0.02,4.0071e-05,0.02,0.02,0.02,0.0376,0.02,0.0398,0.6563,0.0451,32.92,-19.55,0.671
"90Zr(p, gamma)91Nb",90Zr,40,50,90,p,9190Zr,91,41,9,4.5,0.989,8.757,0.0865,0.0243,2.301,4.1299,5.3762e-12,0.02,4.6717e-05,0.02,0.02,0.02,0.0376,0.02,0.0398,0.6563,0.0451,32.92,-19.55,0.671
"90Zr(p, gamma)91Nb",90Zr,40,50,90,p,9190Zr,91,41,9,4.5,0.989,8.757,0.0865,0.0243,2.3303,4.1039,6.3321e-12,0.02,5.4332e-05,0.02,0.02,0.02,0.0376,0.02,0.0398,0.6563,0.0451,32.92,-19.55,0.671
"90Zr(p, gamma)91Nb",90Zr,40,50,90,p,9190Zr,91,41,9,4.5,0.989,8.757,0.0865,0.0243,2.3595,4.0784,7.4312e-12,0.02,6.2973e-05,0.02,0.02,0.02,0.0376,0.02,0.0398,0.6563,0.0451,32.92,-19.55,0.671
"90Zr(p, gamma)91Nb",90Zr,40,50,90,p,9190Zr,91,41,9,4.5,0.989,8.757,0.0865,0.0243,2.3887,4.0534,8.6954e-12,0.02,7.2785e-05,0.02,0.02,0.02,0.0376,0.02,0.0398,0.6563,0.0451,32.92,-19.55,0.671
"90Zr(p, gamma)91Nb",90Zr,40,50,90,p,9190Zr,91,41,9,4.5,0.989,8.757,0.0865,0.0243,2.418,4.0288,1.0151e-11,0.02,8.3939e-05,0.02,0.02,0.02,0.0376,0.02,0.0398,0.6563,0.0451,32.92,-19.55,0.671
"90Zr(p, gamma)91Nb",90Zr,40,50,90,p,9190Zr,91,41,9,4.5,0.989,8.757,0.0865,0.0243,2.4472,4.0047,1.1811e-11,0.02,9.6501e-05,0.02,0.02,0.02,0.0376,0.02,0.0398,0.6563,0.0451,32.92,-19.55,0.671
"90Zr(p, gamma)91Nb",90Zr,40,50,90,p,9190Zr,91,41,9,4.5,0.989,8.757,0.0865,0.0243,2.4765,3.9809,1.3713e-11,0.02,1.1071e-04,0.02,0.02,0.02,0.0376,0.02,0.0398,0.6563,0.0451,32.92,-19.55,0.671
"90Zr(p, gamma)91Nb",90Zr,40,50,90,p,9190Zr,91,41,9,4.5,0.989,8.757,0.0865,0.0243,2.5057,3.9576,1.5871e-11,0.02,1.2664e-04,0.02,0.02,0.02,0.0376,0.02,0.0398,0.6563,0.0451,32.92,-19.55,0.671
"90Zr(p, gamma)91Nb",90Zr,40,50,90,p,9190Zr,91,41,9,4.5,0.989,8.757,0.0865,0.0243,2.535,3.9347,1.8332e-11,0.02,1.4459e-04,0.02,0.02,0.02,0.0376,0.02,0.0398,0.6563,0.0451,32.92,-19.55,0.671
"90Zr(p, gamma)91Nb",90Zr,40,50,90,p,9190Zr,91,41,9,4.5,0.989,8.757,0.0865,0.0243,2.5642,3.9122,2.1111e-11,0.02,1.6461e-04,0.02,0.02,0.02,0.0376,0.02,0.0398,0.6563,0.0451,32.92,-19.55,0.671
"90Zr(p, gamma)91Nb",90Zr,40,50,90,p,9190Zr,91,41,9,4.5,0.989,8.757,0.0865,0.0243,2.5934,3.8901,2.4254e-11,0.02,1.8699e-04,0.02,0.02,0.02,0.0376,0.02,0.0398,0.6563,0.0451,32.92,-19.55,0.671
"90Zr(p, gamma)91Nb",90Zr,40,50,90,p,9190Zr,91,41,9,4.5,0.989,8.757,0.0865,0.0243,2.6227,3.8683,2.7812e-11,0.02,2.1203e-04,0.02,0.02,0.02,0.0376,0.02,0.0398,0.6563,0.0451,32.92,-19.55,0.671
"90Zr(p, gamma)91Nb",90Zr,40,50,90,p,9190Zr,91,41,9,4.5,0.989,8.757,0.0865,0.0243,2.6519,3.847,3.1806e-11,0.02,2.3981e-04,0.02,0.02,0.02,0.0376,0.02,0.0398,0.6563,0.0451,32.92,-19.55,0.671
"90Zr(p, gamma)91Nb",90Zr,40,50,90,p,9190Zr,91,41,9,4.5,0.989,8.757,0.0865,0.0243,2.6812,3.8259,3.6310e-11,0.02,2.7077e-04,0.02,0.02,0.02,0.0376,0.02,0.0398,0.6563,0.0451,32.92,-19.55,0.671
"90Zr(p, gamma)91Nb",90Zr,40,50,90,p,9190Zr,91,41,9,4.5,0.989,8.757,0.0865,0.0243,2.7104,3.8052,4.1344e-11,0.02,3.0499e-04,0.02,0.02,0.02,0.0376,0.02,0.0398,0.6563,0.0451,32.92,-19.55,0.671
"90Zr(p, gamma)91Nb",90Zr,40,50,90,p,9190Zr,91,41,9,4.5,0.989,8.757,0.0865,0.0243,2.7397,3.7848,4.6999e-11,0.02,3.4299e-04,0.02,0.02,0.02,0.0376,0.02,0.0398,0.6563,0.0451,32.92,-19.55,0.671
"90Zr(p, gamma)91Nb",90Zr,40,50,90,p,9190Zr,91,41,9,4.5,0.989,8.757,0.0865,0.0243,2.7689,3.7648,5.3296e-11,0.02,3.8484e-04,0.02,0.02,0.02,0.0376,0.02,0.0398,0.6563,0.0451,32.92,-19.55,0.671
"90Zr(p, gamma)91Nb",90Zr,40,50,90,p,9190Zr,91,41,9,4.5,0.989,8.757,0.0865,0.0243,2.7982,3.7451,6.0342e-11,0.02,4.3116e-04,0.02,0.02,0.02,0.0376,0.02,0.0398,0.6563,0.0451,32.92,-19.55,0.671
"90Zr(p, gamma)91Nb",90Zr,40,50,90,p,9190Zr,91,41,9,4.5,0.989,8.757,0.0865,0.0243,2.8274,3.7257,6.8160e-11,0.02,4.8199e-04,0.02,0.02,0.02,0.0376,0.02,0.0398,0.6563,0.0451,32.92,-19.55,0.671
"90Zr(p, gamma)91Nb",90Zr,40,50,90,p,9190Zr,91,41,9,4.5,0.989,8.757,0.0865,0.0243,2.8566,3.7066,7.6846e-11,0.02,5.3786e-04,0.02,0.02,0.02,0.0376,0.02,0.0398,0.6563,0.0451,32.92,-19.55,0.671
"90Zr(p, gamma)91Nb",90Zr,40,50,90,p,9190Zr,91,41,9,4.5,0.989,8.757,0.0865,0.0243,2.8859,3.6877,8.6516e-11,0.02,5.9939e-04,0.02,0.02,0.02,0.0376,0.02,0.0398,0.6563,0.0451,32.92,-19.55,0.671
"90Zr(p, gamma)91Nb",90Zr,40,50,90,p,9190Zr,91,41,9,4.5,0.989,8.757,0.0865,0.0243,2.9151,3.6692,9.7190e-11,0.02,6.6659e-04,0.02,0.02,0.02,0.0376,0.02,0.0398,0.6563,0.0451,32.92,-19.55,0.671
"90Zr(p, gamma)91Nb",90Zr,40,50,90,p,9190Zr,91,41,9,4.5,0.989,8.757,0.0865,0.0243,2.9444,3.6509,1.0903e-10,0.02,7.4038e-04,0.02,0.02,0.02,0.0376,0.02,0.0398,0.6563,0.0451,32.92,-19.55,0.671
"90Zr(p, gamma)91Nb",90Zr,40,50,90,p,9190Zr,91,41,9,4.5,0.989,8.757,0.0865,0.0243,2.9736,3.6329,1.2207e-10,0.02,8.2074e-04,0.02,0.02,0.02,0.0376,0.02,0.0398,0.6563,0.0451,32.92,-19.55,0.671
"90Zr(p, gamma)91Nb",90Zr,40,50,90,p,9190Zr,91,41,9,4.5,0.989,8.757,0.0865,0.0243,3.0029,3.6152,1.3648e-10,0.02,9.0871e-04,0.02,0.02,0.02,0.0376,0.02,0.0398,0.6563,0.0451,32.92,-19.55,0.671
"90Zr(p, gamma)91Nb",90Zr,40,50,90,p,9190Zr,91,41,9,4.5,0.989,8.757,0.0865,0.0243,3.0321,3.5977,1.5230e-10,0.02,1.0042e-03,0.02,0.02,0.02,0.0376,0.02,0.0398,0.6563,0.0451,32.92,-19.55,0.671
"90Zr(p, gamma)91Nb",90Zr,40,50,90,p,9190Zr,91,41,9,4.5,0.989,8.757,0.0865,0.0243,3.0613,3.5805,1.6968e-10,0.02,1.1082e-03,0.02,0.02,0.02,0.0376,0.02,0.0398,0.6563,0.0451,32.92,-19.55,0.671
"90Zr(p, gamma)91Nb",90Zr,40,50,90,p,9190Zr,91,41,9,4.5,0.989,8.757,0.0865,0.0243,3.0906,3.5635,1.8882e-10,0.02,1.2215e-03,0.02,0.02,0.02,0.0376,0.02,0.0398,0.6563,0.0451,32.92,-19.55,0.671
"90Zr(p, gamma)91Nb",90Zr,40,50,90,p,9190Zr,91,41,9,4.5,0.989,8.757,0.0865,0.0243,3.1198,3.5468,2.0973e-10,0.02,1.3441e-03,0.02,0.02,0.02,0.0376,0.02,0.0398,0.6563,0.0451,32.92,-19.55,0.671
"90Zr(p, gamma)91Nb",90Zr,40,50,90,p,9190Zr,91,41,9,4.5,0.989,8.757,0.0865,0.0243,3.1491,3.5303,2.3270e-10,0.02,1.4774e-03,0.02,0.02,0.02,0.0376,0.02,0.0398,0.6563,0.0451,32.92,-19.55,0.671
"90Zr(p, gamma)91Nb",90Zr,40,50,90,p,9190Zr,91,41,9,4.5,0.989,8.757,0.0865,0.0243,3.1783,3.514,2.5772e-10,0.02,1.6212e-03,0.02,0.02,0.02,0.0376,0.02,0.0398,0.6563,0.0451,32.92,-19.55,0.671
"90Zr(p, gamma)91Nb",90Zr,40,50,90,p,9190Zr,91,41,9,4.5,0.989,8.757,0.0865,0.0243,3.2076,3.4979,2.8513e-10,0.02,1.7772e-03,0.02,0.02,0.02,0.0376,0.02,0.0398,0.6563,0.0451,32.92,-19.55,0.671
"90Zr(p, gamma)91Nb",90Zr,40,50,90,p,9190Zr,91,41,9,4.5,0.989,8.757,0.0865,0.0243,3.2368,3.4821,3.1492e-10,0.02,1.9452e-03,0.02,0.02,0.02,0.0376,0.02,0.0398,0.6563,0.0451,32.92,-19.55,0.671
"90Zr(p, gamma)91Nb",90Zr,40,50,90,p,9190Zr,91,41,9,4.5,0.989,8.757,0.0865,0.0243,3.2661,3.4665,3.4747e-10,0.02,2.1270e-03,0.02,0.02,0.02,0.0376,0.02,0.0398,0.6563,0.0451,32.92,-19.55,0.671
"90Zr(p, gamma)91Nb",90Zr,40,50,90,p,9190Zr,91,41,9,4.5,0.989,8.757,0.0865,0.0243,3.2953,3.4511,3.8275e-10,0.02,2.3222e-03,0.02,0.02,0.02,0.0376,0.02,0.0398,0.6563,0.0451,32.92,-19.55,0.671
"90Zr(p, gamma)91Nb",90Zr,40,50,90,p,9190Zr,91,41,9,4.5,0.989,8.757,0.0865,0.0243,3.3245,3.4359,4.2108e-10,0.02,2.5323e-03,0.02,0.02,0.02,0.0376,0.02,0.0398,0.6563,0.0451,32.92,-19.55,0.671
"90Zr(p, gamma)91Nb",90Zr,40,50,90,p,9190Zr,91,41,9,4.5,0.989,8.757,0.0865,0.0243,3.3538,3.4208,4.6282e-10,0.02,2.7589e-03,0.02,0.02,0.02,0.0376,0.02,0.0398,0.6563,0.0451,32.92,-19.55,0.671
"90Zr(p, gamma)91Nb",90Zr,40,50,90,p,9190Zr,91,41,9,4.5,0.989,8.757,0.0865,0.0243,3.383,3.406,5.0790e-10,0.02,3.0016e-03,0.02,0.02,0.02,0.0376,0.02,0.0398,0.6563,0.0451,32.92,-19.55,0.671
"90Zr(p, gamma)91Nb",90Zr,40,50,90,p,9190Zr,91,41,9,4.5,0.989,8.757,0.0865,0.0243,3.4123,3.3914,5.5689e-10,0.02,3.2628e-03,0.02,0.02,0.02,0.0376,0.02,0.0398,0.6563,0.0451,32.92,-19.55,0.671
"90Zr(p, gamma)91Nb",90Zr,40,50,90,p,9190Zr,91,41,9,4.5,0.989,8.757,0.0865,0.0243,3.4415,3.377,6.0969e-10,0.02,3.5419e-03,0.02,0.02,0.02,0.0376,0.02,0.0398,0.6563,0.0451,32.92,-19.55,0.671
"90Zr(p, gamma)91Nb",90Zr,40,50,90,p,9190Zr,91,41,9,4.5,0.989,8.757,0.0865,0.0243,3.4708,3.3627,6.6695e-10,0.02,3.8417e-03,0.02,0.02,0.02,0.0376,0.02,0.0398,0.6563,0.0451,32.92,-19.55,0.671
"90Zr(p, gamma)91Nb",90Zr,40,50,90,p,9190Zr,91,41,9,4.5,0.989,8.757,0.0865,0.0243,3.5,3.3486,7.2853e-10,0.02,4.1614e-03,0.02,0.02,0.02,0.0376,0.02,0.0398,0.6563,0.0451,32.92,-19.55,0.671
"208Pb(p, gamma)209Bi",208Pb,82,126,208,p,209208Pb,209,83,43,21.5,0.9952,14.209,0.1398,0.0309,0.02,91.0954,0.0,0.01,0.0000e+00,0.01,0.02,0.01,0.0126,0.01,0.0137,3.2333,0.0397,47.08,-25.45,0.258
"208Pb(p, gamma)209Bi",208Pb,82,126,208,p,209208Pb,209,83,43,21.5,0.9952,14.209,0.1398,0.0309,0.0492,58.0803,0.0,0.01,0.0000e+00,0.01,0.02,0.01,0.0126,0.01,0.0137,3.2333,0.0397,47.08,-25.45,0.258
"208Pb(p, gamma)209Bi",208Pb,82,126,208,p,209208Pb,209,83,43,21.5,0.9952,14.209,0.1398,0.0309,0.0785,45.9808,0.0,0.01,0.0000e+00,0.01,0.02,0.01,0.0126,0.01,0.0137,3.2333,0.0397,47.08,-25.45,0.258
"208Pb(p, gamma)209Bi",208Pb,82,126,208,p,209208Pb,209,83,43,21.5,0.9952,14.209,0.1398,0.0309,0.1077,39.2558,0.0,0.01,0.0000e+00,0.01,0.02,0.01,0.0126,0.01,0.0137,3.2333,0.0397,47.08,-25.45,0.258
"208Pb(p, gamma)209Bi",208Pb,82,126,208,p,209208Pb,209,83,43,21.5,0.9952,14.209,0.1398,0.0309,0.137,34.8058,0.0,0.01,0.0000e+00,0.01,0.02,0.01,0.0126,0.01,0.0137,3.2333,0.0397,47.08,-25.45,0.258
"208Pb(p, gamma)209Bi",208Pb,82,126,208,p,209208Pb,209,83,43,21.5,0.9952,14.209,0.1398,0.0309,0.1662,31.6007,5.8834e-87,0.01,3.5399e-79,0.01,0.02,0.01,0.0126,0.01,0.0137,3.2333,0.0397,47.08,-25.45,0.258
"208Pb(p, gamma)209Bi",208Pb,82,126,208,p,209208Pb,209,83,43,21.5,0.9952,14.209,0.1398,0.0309,0.1955,29.1366,3.1156e-80,0.01,1.5937e-72,0.01,0.02,0.01,0.0126,0.01,0.0137,3.2333,0.0397,47.08,-25.45,0.258
"208Pb(p, gamma)209Bi",208Pb,82,126,208,p,209208Pb,209,83,43,21.5,0.9952,14.209,0.1398,0.0309,0.2247,27.1775,6.9061e-75,0.01,3.0734e-67,0.01,0.02,0.01,0.0126,0.01,0.0137,3.2333,0.0397,47.08,-25.45,0.258
"208Pb(p, gamma)209Bi",208Pb,82,126,208,p,209208Pb,209,83,43,21.5,0.9952,14.209,0.1398,0.0309,0.2539,25.567,1.7136e-70,0.01,6.7490e-63,0.01,0.02,0.01,0.0126,0.01,0.0137,3.2333,0.0397,47.08,-25.45,0.258
"208Pb(p, gamma)209Bi",208Pb,82,126,208,p,209208Pb,209,83,43,21.5,0.9952,14.209,0.1398,0.0309,0.2832,24.2083,8.7385e-67,0.01,3.0856e-59,0.01,0.02,0.01,0.0126,0.01,0.0137,3.2333,0.0397,47.08,-25.45,0.258
"208Pb(p, gamma)209Bi",208Pb,82,126,208,p,209208Pb,209,83,43,21.5,0.9952,14.209,0.1398,0.0309,0.3124,23.0492,1.2718e-63,0.01,4.0708e-56,0.01,0.02,0.01,0.0126,0.01,0.0137,3.2333,0.0397,47.08,-25.45,0.258
"208Pb(p, gamma)209Bi",208Pb,82,126,208,p,209208Pb,209,83,43,21.5,0.9952,14.209,0.1398,0.0309,0.3417,22.0389,7.2679e-61,0.01,2.1269e-53,0.01,0.02,0.01,0.0126,0.01,0.0137,3.2333,0.0397,47.08,-25.45,0.258
"208Pb(p, gamma)209Bi",208Pb,82,126,208,p,209208Pb,209,83,43,21.5,0.9952,14.209,0.1398,0.0309,0.3709,21.1535,1.8932e-58,0.01,5.1044e-51,0.01,0.02,0.01,0.0126,0.01,0.0137,3.2333,0.0397,47.08,-25.45,0.258
"208Pb(p, gamma)209Bi",208Pb,82,126,208,p,209208Pb,209,83,43,21.5,0.9952,14.209,0.1398,0.0309,0.4002,20.3645,2.6941e-56,0.01,6.7316e-49,0.01,0.02,0.01,0.0126,0.01,0.0137,3.2333,0.0397,47.08,-25.45,0.258
"208Pb(p, gamma)209Bi",208Pb,82,126,208,p,209208Pb,209,83,43,21.5,0.9952,14.209,0.1398,0.0309,0.4294,19.6599,2.2547e-54,0.01,5.2507e-47,0.01,0.02,0.01,0.0126,0.01,0.0137,3.2333,0.0397,47.08,-25.45,0.258
"208Pb(p, gamma)209Bi",208Pb,82,126,208,p,209208Pb,209,83,43,21.5,0.9952,14.209,0.1398,0.0309,0.4587,19.0216,1.2438e-52,0.01,2.7114e-45,0.01,0.02,0.01,0.0126,0.01,0.0137,3.2333,0.0397,47.08,-25.45,0.258
"208Pb(p, gamma)209Bi",208Pb,82,126,208,p,209208Pb,209,83,43,21.5,0.9952,14.209,0.1398,0.0309,0.4879,18.4436,4.6981e-51,0.01,9.6289e-44,0.01,0.02,0.01,0.0126,0.01,0.0137,3.2333,0.0397,47.08,-25.45,0.258
"208Pb(p, gamma)209Bi",208Pb,82,126,208,p,209208Pb,209,83,43,21.5,0.9952,14.209,0.1398,0.0309,0.5171,17.9153,1.2988e-49,0.01,2.5117e-42,0.01,0.02,0.01,0.0126,0.01,0.0137,3.2333,0.0397,47.08,-25.45,0.258
"208Pb(p, gamma)209Bi",208Pb,82,126,208,p,209208Pb,209,83,43,21.5,0.9952,14.209,0.1398,0.0309,0.5464,17.4283,2.7692e-48,0.01,5.0678e-41,0.01,0.02,0.01,0.0126,0.01,0.0137,3.2333,0.0397,47.08,-25.45,0.258
"208Pb(p, gamma)209Bi",208Pb,82,126,208,p,209208Pb,209,83,43,21.5,0.9952,14.209,0.1398,0.0309,0.5756,16.9805,4.6168e-47,0.01,8.0205e-40,0.01,0.02,0.01,0.0126,0.01,0.0137,3.2333,0.0397,47.08,-25.45,0.258
"208Pb(p, gamma)209Bi",208Pb,82,126,208,p,209208Pb,209,83,43,21.5,0.9952,14.209,0.1398,0.0309,0.6049,16.5642,6.3163e-46,0.01,1.0442e-38,0.01,0.02,0.01,0.0126,0.01,0.0137,3.2333,0.0397,47.08,-25.45,0.258
"208Pb(p, gamma)209Bi",208Pb,82,126,208,p,209208Pb,209,83,43,21.5,0.9952,14.209,0.1398,0.0309,0.6341,16.1783,7.1357e-45,0.01,1.1253e-37,0.01,0.02,0.01,0.0126,0.01,0.0137,3.2333,0.0397,47.08,-25.45,0.258
"208Pb(p, gamma)209Bi",208Pb,82,126,208,p,209208Pb,209,83,43,21.5,0.9952,14.209,0.1398,0.0309,0.6634,15.817,6.9079e-44,0.01,1.0412e-36,0.01,0.02,0.01,0.0126,0.01,0.0137,3.2333,0.0397,47.08,-25.45,0.258
"208Pb(p, gamma)209Bi",208Pb,82,126,208,p,209208Pb,209,83,43,21.5,0.9952,14.209,0.1398,0.0309,0.6926,15.48,5.7408e-43,0.01,8.2884e-36,0.01,0.02,0.01,0.0126,0.01,0.0137,3.2333,0.0397,47.08,-25.45,0.258
"208Pb(p, gamma)209Bi",208Pb,82,126,208,p,209208Pb,209,83,43,21.5,0.9952,14.209,0.1398,0.0309,0.7218,15.1636,4.1899e-42,0.01,5.8046e-35,0.01,0.02,0.01,0.0126,0.01,0.0137,3.2333,0.0397,47.08,-25.45,0.258
"208Pb(p, gamma)209Bi",208Pb,82,126,208,p,209208Pb,209,83,43,21.5,0.9952,14.209,0.1398,0.0309,0.7511,14.8649,2.7372e-41,0.01,3.6440e-34,0.01,0.02,0.01,0.0126,0.01,0.0137,3.2333,0.0397,47.08,-25.45,0.258
"208Pb(p, gamma)209Bi",208Pb,82,126,208,p,209208Pb,209,83,43,21.5,0.9952,14.209,0.1398,0.0309,0.7803,14.5841,1.5977e-40,0.01,2.0474e-33,0.01,0.02,0.01,0.0126,0.01,0.0137,3.2333,0.0397,47.08,-25.45,0.258
"208Pb(p, gamma)209Bi",208Pb,82,126,208,p,209208Pb,209,83,43,21.5,0.9952,14.209,0.1398,0.0309,0.8096,14.3178,8.5165e-40,0.01,1.0519e-32,0.01,0.02,0.01,0.0126,0.01,0.0137,3.2333,0.0397,47.08,-25.45,0.258
"208Pb(p, gamma)209Bi",208Pb,82,126,208,p,209208Pb,209,83,43,21.5,0.9952,14.209,0.1398,0.0309,0.8388,14.0664,4.1336e-39,0.01,4.9277e-32,0.01,0.02,0.01,0.0126,0.01,0.0137,3.2333,0.0397,47.08,-25.45,0.258
"208Pb(p, gamma)209Bi",208Pb,82,126,208,p,209208Pb,209,83,43,21.5,0.9952,14.209,0.1398,0.0309,0.8681,13.827,1.8606e-38,0.01,2.1432e-31,0.01,0.02,0.01,0.0126,0.01,0.0137,3.2333,0.0397,47.08,-25.45,0.258
"208Pb(p, gamma)209Bi",208Pb,82,126,208,p,209208Pb,209,83,43,21.5,0.9952,14.209,0.1398,0.0309,0.8973,13.6001,7.7381e-38,0.01,8.6233e-31,0.01,0.02,0.01,0.0126,0.01,0.0137,3.2333,0.0397,47.08,-25.45,0.258
"208Pb(p, gamma)209Bi",208Pb,82,126,208,p,209208Pb,209,83,43,21.5,0.9952,14.209,0.1398,0.0309,0.9266,13.3834,3.0206e-37,0.01,3.2597e-30,0.01,0.02,0.01,0.0126,0.01,0.0137,3.2333,0.0397,47.08,-25.45,0.258
"208Pb(p, gamma)209Bi",208Pb,82,126,208,p,209208Pb,209,83,43,21.5,0.9952,14.209,0.1398,0.0309,0.9558,13.1773,1.1022e-36,0.01,1.1531e-29,0.01,0.02,0.01,0.0126,0.01,0.0137,3.2333,0.0397,47.08,-25.45,0.258
"208Pb(p, gamma)209Bi",208Pb,82,126,208,p,209208Pb,209,83,43,21.5,0.9952,14.209,0.1398,0.0309,0.985,12.9806,3.7954e-36,0.01,3.8530e-29,0.01,0.02,0.01,0.0126,0.01,0.0137,3.2333,0.0397,47.08,-25.45,0.258
"208Pb(p, gamma)209Bi",208Pb,82,126,208,p,209208Pb,209,83,43,21.5,0.9952,14.209,0.1398,0.0309,1.0143,12.7917,1.2434e-35,0.01,1.2258e-28,0.01,0.02,0.01,0.0126,0.01,0.0137,3.2333,0.0397,47.08,-25.45,0.258
"208Pb(p, gamma)209Bi",208Pb,82,126,208,p,209208Pb,209,83,43,21.5,0.9952,14.209,0.1398,0.0309,1.0435,12.6115,3.8587e-35,0.01,3.6977e-28,0.01,0.02,0.01,0.0126,0.01,0.0137,3.2333,0.0397,47.08,-25.45,0.258
"208Pb(p, gamma)209Bi",208Pb,82,126,208,p,209208Pb,209,83,43,21.5,0.9952,14.209,0.1398,0.0309,1.0728,12.438,1.1472e-34,0.01,1.0693e-27,0.01,0.02,0.01,0.0126,0.01,0.0137,3.2333,0.0397,47.08,-25.45,0.258
"208Pb(p, gamma)209Bi",208Pb,82,126,208,p,209208Pb,209,83,43,21.5,0.9952,14.209,0.1398,0.0309,1.102,12.2722,3.2533e-34,0.01,2.9520e-27,0.01,0.02,0.01,0.0126,0.01,0.0137,3.2333,0.0397,47.08,-25.45,0.258
"208Pb(p, gamma)209Bi",208Pb,82,126,208,p,209208Pb,209,83,43,21.5,0.9952,14.209,0.1398,0.0309,1.1313,12.1122,8.8885e-34,0.01,7.8564e-27,0.01,0.02,0.01,0.0126,0.01,0.0137,3.2333,0.0397,47.08,-25.45,0.258
"208Pb(p, gamma)209Bi",208Pb,82,126,208,p,209208Pb,209,83,43,21.5,0.9952,14.209,0.1398,0.0309,1.1605,11.9588,2.3296e-33,0.01,2.0073e-26,0.01,0.02,0.01,0.0126,0.01,0.0137,3.2333,0.0397,47.08,-25.45,0.258
"208Pb(p, gamma)209Bi",208Pb,82,126,208,p,209208Pb,209,83,43,21.5,0.9952,14.209,0.1398,0.0309,1.1897,11.8112,5.8917e-33,0.01,4.9519e-26,0.01,0.02,0.01,0.0126,0.01,0.0137,3.2333,0.0397,47.08,-25.45,0.258
"208Pb(p, gamma)209Bi",208Pb,82,126,208,p,209208Pb,209,83,43,21.5,0.9952,14.209,0.1398,0.0309,1.219,11.6684,1.4452e-32,0.01,1.1855e-25,0.01,0.02,0.01,0.0126,0.01,0.0137,3.2333,0.0397,47.08,-25.45,0.258
"208Pb(p, gamma)209Bi",208Pb,82,126,208,p,209208Pb,209,83,43,21.5,0.9952,14.209,0.1398,0.0309,1.2482,11.5311,3.4243e-32,0.01,2.7432e-25,0.01,0.02,0.01,0.0126,0.01,0.0137,3.2333,0.0397,47.08,-25.45,0.258
"208Pb(p, gamma)209Bi",208Pb,82,126,208,p,209208Pb,209,83,43,21.5,0.9952,14.209,0.1398,0.0309,1.2775,11.3981,7.8977e-32,0.01,6.1817e-25,0.01,0.02,0.01,0.0126,0.01,0.0137,3.2333,0.0397,47.08,-25.45,0.258
"208Pb(p, gamma)209Bi",208Pb,82,126,208,p,209208Pb,209,83,43,21.5,0.9952,14.209,0.1398,0.0309,1.3067,11.27,1.7659e-31,0.01,1.3513e-24,0.01,0.02,0.01,0.0126,0.01,0.0137,3.2333,0.0397,47.08,-25.45,0.258
"208Pb(p, gamma)209Bi",208Pb,82,126,208,p,209208Pb,209,83,43,21.5,0.9952,14.209,0.1398,0.0309,1.336,11.1457,3.8554e-31,0.01,2.8856e-24,0.01,0.02,0.01,0.0126,0.01,0.0137,3.2333,0.0397,47.08,-25.45,0.258
"208Pb(p, gamma)209Bi",208Pb,82,126,208,p,209208Pb,209,83,43,21.5,0.9952,14.209,0.1398,0.0309,1.3652,11.0259,8.1863e-31,0.01,5.9959e-24,0.01,0.02,0.01,0.0126,0.01,0.0137,3.2333,0.0397,47.08,-25.45,0.258
"208Pb(p, gamma)209Bi",208Pb,82,126,208,p,209208Pb,209,83,43,21.5,0.9952,14.209,0.1398,0.0309,1.3945,10.9094,1.7016e-30,0.01,1.2201e-23,0.01,0.02,0.01,0.0126,0.01,0.0137,3.2333,0.0397,47.08,-25.45,0.258
"208Pb(p, gamma)209Bi",208Pb,82,126,208,p,209208Pb,209,83,43,21.5,0.9952,14.209,0.1398,0.0309,1.4237,10.797,3.4491e-30,0.01,2.4224e-23,0.01,0.02,0.01,0.0126,0.01,0.0137,3.2333,0.0397,47.08,-25.45,0.258
"208Pb(p, gamma)209Bi",208Pb,82,126,208,p,209208Pb,209,83,43,21.5,0.9952,14.209,0.1398,0.0309,1.4529,10.6879,6.8434e-30,0.01,4.7098e-23,0.01,0.02,0.01,0.0126,0.01,0.0137,3.2333,0.0397,47.08,-25.45,0.258
"208Pb(p, gamma)209Bi",208Pb,82,126,208,p,209208Pb,209,83,43,21.5,0.9952,14.209,0.1398,0.0309,1.4822,10.5818,1.3334e-29,0.01,8.9956e-23,0.01,0.02,0.01,0.0126,0.01,0.0137,3.2333,0.0397,47.08,-25.45,0.258
"208Pb(p, gamma)209Bi",208Pb,82,126,208,p,209208Pb,209,83,43,21.5,0.9952,14.209,0.1398,0.0309,1.5114,10.479,2.5425e-29,0.01,1.6821e-22,0.01,0.02,0.01,0.0126,0.01,0.0137,3.2333,0.0397,47.08,-25.45,0.258
"208Pb(p, gamma)209Bi",208Pb,82,126,208,p,209208Pb,209,83,43,21.5,0.9952,14.209,0.1398,0.0309,1.5407,10.3789,4.7695e-29,0.01,3.0954e-22,0.01,0.02,0.01,0.0126,0.01,0.0137,3.2333,0.0397,47.08,-25.45,0.258
"208Pb(p, gamma)209Bi",208Pb,82,126,208,p,209208Pb,209,83,43,21.5,0.9952,14.209,0.1398,0.0309,1.5699,10.282,8.7719e-29,0.01,5.5870e-22,0.01,0.02,0.01,0.0126,0.01,0.0137,3.2333,0.0397,47.08,-25.45,0.258
"208Pb(p, gamma)209Bi",208Pb,82,126,208,p,209208Pb,209,83,43,21.5,0.9952,14.209,0.1398,0.0309,1.5992,10.1873,1.5897e-28,0.01,9.9395e-22,0.01,0.02,0.01,0.0126,0.01,0.0137,3.2333,0.0397,47.08,-25.45,0.258
"208Pb(p, gamma)209Bi",208Pb,82,126,208,p,209208Pb,209,83,43,21.5,0.9952,14.209,0.1398,0.0309,1.6284,10.0956,2.8293e-28,0.01,1.7373e-21,0.01,0.02,0.01,0.0126,0.01,0.0137,3.2333,0.0397,47.08,-25.45,0.258
"208Pb(p, gamma)209Bi",208Pb,82,126,208,p,209208Pb,209,83,43,21.5,0.9952,14.209,0.1398,0.0309,1.6576,10.0063,4.9590e-28,0.01,2.9914e-21,0.01,0.02,0.01,0.0126,0.01,0.0137,3.2333,0.0397,47.08,-25.45,0.258
"208Pb(p, gamma)209Bi",208Pb,82,126,208,p,209208Pb,209,83,43,21.5,0.9952,14.209,0.1398,0.0309,1.6869,9.919,8.5815e-28,0.01,5.0866e-21,0.01,0.02,0.01,0.0126,0.01,0.0137,3.2333,0.0397,47.08,-25.45,0.258
"208Pb(p, gamma)209Bi",208Pb,82,126,208,p,209208Pb,209,83,43,21.5,0.9952,14.209,0.1398,0.0309,1.7161,9.8342,1.4616e-27,0.01,8.5160e-21,0.01,0.02,0.01,0.0126,0.01,0.0137,3.2333,0.0397,47.08,-25.45,0.258
"208Pb(p, gamma)209Bi",208Pb,82,126,208,p,209208Pb,209,83,43,21.5,0.9952,14.209,0.1398,0.0309,1.7454,9.7513,2.4605e-27,0.01,1.4095e-20,0.01,0.02,0.01,0.0126,0.01,0.0137,3.2333,0.0397,47.08,-25.45,0.258
"208Pb(p, gamma)209Bi",208Pb,82,126,208,p,209208Pb,209,83,43,21.5,0.9952,14.209,0.1398,0.0309,1.7746,9.6708,4.0817e-27,0.01,2.2998e-20,0.01,0.02,0.01,0.0126,0.01,0.0137,3.2333,0.0397,47.08,-25.45,0.258
"208Pb(p, gamma)209Bi",208Pb,82,126,208,p,209208Pb,209,83,43,21.5,0.9952,14.209,0.1398,0.0309,1.8039,9.5919,6.6994e-27,0.01,3.7134e-20,0.01,0.02,0.01,0.0126,0.01,0.0137,3.2333,0.0397,47.08,-25.45,0.258
"208Pb(p, gamma)209Bi",208Pb,82,126,208,p,209208Pb,209,83,43,21.5,0.9952,14.209,0.1398,0.0309,1.8331,9.5152,1.0848e-26,0.01,5.9170e-20,0.01,0.02,0.01,0.0126,0.01,0.0137,3.2333,0.0397,47.08,-25.45,0.258
"208Pb(p, gamma)209Bi",208Pb,82,126,208,p,209208Pb,209,83,43,21.5,0.9952,14.209,0.1398,0.0309,1.8624,9.4401,1.7394e-26,0.01,9.3383e-20,0.01,0.02,0.01,0.0126,0.01,0.0137,3.2333,0.0397,47.08,-25.45,0.258
"208Pb(p, gamma)209Bi",208Pb,82,126,208,p,209208Pb,209,83,43,21.5,0.9952,14.209,0.1398,0.0309,1.8916,9.3669,2.7541e-26,0.01,1.4558e-19,0.01,0.02,0.01,0.0126,0.01,0.0137,3.2333,0.0397,47.08,-25.45,0.258
"208Pb(p, gamma)209Bi",208Pb,82,126,208,p,209208Pb,209,83,43,21.5,0.9952,14.209,0.1398,0.0309,1.9208,9.2955,4.3153e-26,0.01,2.2464e-19,0.01,0.02,0.01,0.0126,0.01,0.0137,3.2333,0.0397,47.08,-25.45,0.258
"208Pb(p, gamma)209Bi",208Pb,82,126,208,p,209208Pb,209,83,43,21.5,0.9952,14.209,0.1398,0.0309,1.9501,9.2254,6.7032e-26,0.01,3.4370e-19,0.01,0.02,0.01,0.0126,0.01,0.0137,3.2333,0.0397,47.08,-25.45,0.258
"208Pb(p, gamma)209Bi",208Pb,82,126,208,p,209208Pb,209,83,43,21.5,0.9952,14.209,0.1398,0.0309,1.9793,9.1571,1.0296e-25,0.01,5.2012e-19,0.01,0.02,0.01,0.0126,0.01,0.0137,3.2333,0.0397,47.08,-25.45,0.258
"208Pb(p, gamma)209Bi",208Pb,82,126,208,p,209208Pb,209,83,43,21.5,0.9952,14.209,0.1398,0.0309,2.0086,9.09,1.5689e-25,0.01,7.8098e-19,0.01,0.02,0.01,0.0126,0.01,0.0137,3.2333,0.0397,47.08,-25.45,0.258
"208Pb(p, gamma)209Bi",208Pb,82,126,208,p,209208Pb,209,83,43,21.5,0.9952,14.209,0.1398,0.0309,2.0378,9.0247,2.3656e-25,0.01,1.1607e-18,0.01,0.02,0.01,0.0126,0.01,0.0137,3.2333,0.0397,47.08,-25.45,0.258
"208Pb(p, gamma)209Bi",208Pb,82,126,208,p,209208Pb,209,83,43,21.5,0.9952,14.209,0.1398,0.0309,2.0671,8.9605,3.5407e-25,0.01,1.7127e-18,0.01,0.02,0.01,0.0126,0.01,0.0137,3.2333,0.0397,47.08,-25.45,0.258
"208Pb(p, gamma)209Bi",208Pb,82,126,208,p,209208Pb,209,83,43,21.5,0.9952,14.209,0.1398,0.0309,2.0963,8.8978,5.2478e-25,0.01,2.5031e-18,0.01,0.02,0.01,0.0126,0.01,0.0137,3.2333,0.0397,47.08,-25.45,0.258
"208Pb(p, gamma)209Bi",208Pb,82,126,208,p,209208Pb,209,83,43,21.5,0.9952,14.209,0.1398,0.0309,2.1255,8.8365,7.7150e-25,0.01,3.6293e-18,0.01,0.02,0.01,0.0126,0.01,0.0137,3.2333,0.0397,47.08,-25.45,0.258
"208Pb(p, gamma)209Bi",208Pb,82,126,208,p,209208Pb,209,83,43,21.5,0.9952,14.209,0.1398,0.0309,2.1548,8.7762,1.1268e-24,0.01,5.2284e-18,0.01,0.02,0.01,0.0126,0.01,0.0137,3.2333,0.0397,47.08,-25.45,0.258
"208Pb(p, gamma)209Bi",208Pb,82,126,208,p,209208Pb,209,83,43,21.5,0.9952,14.209,0.1398,0.0309,2.184,8.7174,1.6310e-24,0.01,7.4672e-18,0.01,0.02,0.01,0.0126,0.01,0.0137,3.2333,0.0397,47.08,-25.45,0.258
"208Pb(p, gamma)209Bi",208Pb,82,126,208,p,209208Pb,209,83,43,21.5,0.9952,14.209,0.1398,0.0309,2.2133,8.6595,2.3466e-24,0.01,1.0601e-17,0.01,0.02,0.01,0.0126,0.01,0.0137,3.2333,0.0397,47.08,-25.45,0.258
"208Pb(p, gamma)209Bi",208Pb,82,126,208,p,209208Pb,209,83,43,21.5,0.9952,14.209,0.1398,0.0309,2.2425,8.6029,3.3480e-24,0.01,1.4928e-17,0.01,0.02,0.01,0.0126,0.01,0.0137,3.2333,0.0397,47.08,-25.45,0.258
"208Pb(p, gamma)209Bi",208Pb,82,126,208,p,209208Pb,209,83,43,21.5,0.9952,14.209,0.1398,0.0309,2.2718,8.5473,4.7497e-24,0.01,2.0904e-17,0.01,0.02,0.01,0.0126,0.01,0.0137,3.2333,0.0397,47.08,-25.45,0.258
"208Pb(p, gamma)209Bi",208Pb,82,126,208,p,209208Pb,209,83,43,21.5,0.9952,14.209,0.1398,0.0309,2.301,8.4928,6.6853e-24,0.01,2.9050e-17,0.01,0.02,0.01,0.0126,0.01,0.0137,3.2333,0.0397,47.08,-25.45,0.258
"208Pb(p, gamma)209Bi",208Pb,82,126,208,p,209208Pb,209,83,43,21.5,0.9952,14.209,0.1398,0.0309,2.3303,8.4393,9.3601e-24,0.01,4.0161e-17,0.01,0.02,0.01,0.0126,0.01,0.0137,3.2333,0.0397,47.08,-25.45,0.258
"208Pb(p, gamma)209Bi",208Pb,82,126,208,p,209208Pb,209,83,43,21.5,0.9952,14.209,0.1398,0.0309,2.3595,8.3869,1.3008e-23,0.01,5.5123e-17,0.01,0.02,0.01,0.0126,0.01,0.0137,3.2333,0.0397,47.08,-25.45,0.258
"208Pb(p, gamma)209Bi",208Pb,82,126,208,p,209208Pb,209,83,43,21.5,0.9952,14.209,0.1398,0.0309,2.3887,8.3355,1.7969e-23,0.01,7.5215e-17,0.01,0.02,0.01,0.0126,0.01,0.0137,3.2333,0.0397,47.08,-25.45,0.258
"208Pb(p, gamma)209Bi",208Pb,82,126,208,p,209208Pb,209,83,43,21.5,0.9952,14.209,0.1398,0.0309,2.418,8.2848,2.4703e-23,0.01,1.0215e-16,0.01,0.02,0.01,0.0126,0.01,0.0137,3.2333,0.0397,47.08,-25.45,0.258
"208Pb(p, gamma)209Bi",208Pb,82,126,208,p,209208Pb,209,83,43,21.5,0.9952,14.209,0.1398,0.0309,2.4472,8.2353,3.3732e-23,0.01,1.3782e-16,0.01,0.02,0.01,0.0126,0.01,0.0137,3.2333,0.0397,47.08,-25.45,0.258
"208Pb(p, gamma)209Bi",208Pb,82,126,208,p,209208Pb,209,83,43,21.5,0.9952,14.209,0.1398,0.0309,2.4765,8.1864,4.5853e-23,0.01,1.8512e-16,0.01,0.02,0.01,0.0126,0.01,0.0137,3.2333,0.0397,47.08,-25.45,0.258
"208Pb(p, gamma)209Bi",208Pb,82,126,208,p,209208Pb,209,83,43,21.5,0.9952,14.209,0.1398,0.0309,2.5057,8.1385,6.1931e-23,0.01,2.4712e-16,0.01,0.02,0.01,0.0126,0.01,0.0137,3.2333,0.0397,47.08,-25.45,0.258
"208Pb(p, gamma)209Bi",208Pb,82,126,208,p,209208Pb,209,83,43,21.5,0.9952,14.209,0.1398,0.0309,2.535,8.0914,8.3296e-23,0.01,3.2853e-16,0.01,0.02,0.01,0.0126,0.01,0.0137,3.2333,0.0397,47.08,-25.45,0.258
"208Pb(p, gamma)209Bi",208Pb,82,126,208,p,209208Pb,209,83,43,21.5,0.9952,14.209,0.1398,0.0309,2.5642,8.0452,1.1135e-22,0.01,4.3419e-16,0.01,0.02,0.01,0.0126,0.01,0.0137,3.2333,0.0397,47.08,-25.45,0.258
"208Pb(p, gamma)209Bi",208Pb,82,126,208,p,209208Pb,209,83,43,21.5,0.9952,14.209,0.1398,0.0309,2.5934,7.9998,1.4813e-22,0.01,5.7109e-16,0.01,0.02,0.01,0.0126,0.01,0.0137,3.2333,0.0397,47.08,-25.45,0.258
"208Pb(p, gamma)209Bi",208Pb,82,126,208,p,209208Pb,209,83,43,21.5,0.9952,14.209,0.1398,0.0309,2.6227,7.9549,1.9630e-22,0.01,7.4834e-16,0.01,0.02,0.01,0.0126,0.01,0.0137,3.2333,0.0397,47.08,-25.45,0.258
"208Pb(p, gamma)209Bi",208Pb,82,126,208,p,209208Pb,209,83,43,21.5,0.9952,14.209,0.1398,0.0309,2.6519,7.911,2.5868e-22,0.01,9.7528e-16,0.01,0.02,0.01,0.0126,0.01,0.0137,3.2333,0.0397,47.08,-25.45,0.258
"208Pb(p, gamma)209Bi",208Pb,82,126,208,p,209208Pb,209,83,43,21.5,0.9952,14.209,0.1398,0.0309,2.6812,7.8677,3.3965e-22,0.01,1.2666e-15,0.01,0.02,0.01,0.0126,0.01,0.0137,3.2333,0.0397,47.08,-25.45,0.258
"208Pb(p, gamma)209Bi",208Pb,82,126,208,p,209208Pb,209,83,43,21.5,0.9952,14.209,0.1398,0.0309,2.7104,7.8252,4.4360e-22,0.01,1.6364e-15,0.01,0.02,0.01,0.0126,0.01,0.0137,3.2333,0.0397,47.08,-25.45,0.258
"208Pb(p, gamma)209Bi",208Pb,82,126,208,p,209208Pb,209,83,43,21.5,0.9952,14.209,0.1398,0.0309,2.7397,7.7832,5.7740e-22,0.01,2.1072e-15,0.01,0.02,0.01,0.0126,0.01,0.0137,3.2333,0.0397,47.08,-25.45,0.258
"208Pb(p, gamma)209Bi",208Pb,82,126,208,p,209208Pb,209,83,43,21.5,0.9952,14.209,0.1398,0.0309,2.7689,7.7421,7.4776e-22,0.01,2.7001e-15,0.01,0.02,0.01,0.0126,0.01,0.0137,3.2333,0.0397,47.08,-25.45,0.258
"208Pb(p, gamma)209Bi",208Pb,82,126,208,p,209208Pb,209,83,43,21.5,0.9952,14.209,0.1398,0.0309,2.7982,7.7014,9.6530e-22,0.01,3.4491e-15,0.01,0.02,0.01,0.0126,0.01,0.0137,3.2333,0.0397,47.08,-25.45,0.258
"208Pb(p, gamma)209Bi",208Pb,82,126,208,p,209208Pb,209,83,43,21.5,0.9952,14.209,0.1398,0.0309,2.8274,7.6616,1.2401e-21,0.01,4.3853e-15,0.01,0.02,0.01,0.0126,0.01,0.0137,3.2333,0.0397,47.08,-25.45,0.258
"208Pb(p, gamma)209Bi",208Pb,82,126,208,p,209208Pb,209,83,43,21.5,0.9952,14.209,0.1398,0.0309,2.8566,7.6223,1.5870e-21,0.01,5.5548e-15,0.01,0.02,0.01,0.0126,0.01,0.0137,3.2333,0.0397,47.08,-25.45,0.258
"208Pb(p, gamma)209Bi",208Pb,82,126,208,p,209208Pb,209,83,43,21.5,0.9952,14.209,0.1398,0.0309,2.8859,7.5835,2.0251e-21,0.01,7.0160e-15,0.01,0.02,0.01,0.0126,0.01,0.0137,3.2333,0.0397,47.08,-25.45,0.258
"208Pb(p, gamma)209Bi",208Pb,82,126,208,p,209208Pb,209,83,43,21.5,0.9952,14.209,0.1398,0.0309,2.9151,7.5454,2.5725e-21,0.01,8.8230e-15,0.01,0.02,0.01,0.0126,0.01,0.0137,3.2333,0.0397,47.08,-25.45,0.258
"208Pb(p, gamma)209Bi",208Pb,82,126,208,p,209208Pb,209,83,43,21.5,0.9952,14.209,0.1398,0.0309,2.9444,7.5078,3.2587e-21,0.01,1.1066e-14,0.01,0.02,0.01,0.0126,0.01,0.0137,3.2333,0.0397,47.08,-25.45,0.258
"208Pb(p, gamma)209Bi",208Pb,82,126,208,p,209208Pb,209,83,43,21.5,0.9952,14.209,0.1398,0.0309,2.9736,7.4709,4.1104e-21,0.01,1.3821e-14,0.01,0.02,0.01,0.0126,0.01,0.0137,3.2333,0.0397,47.08,-25.45,0.258
"208Pb(p, gamma)209Bi",208Pb,82,126,208,p,209208Pb,209,83,43,21.5,0.9952,14.209,0.1398,0.0309,3.0029,7.4343,5.1711e-21,0.01,1.7217e-14,0.01,0.02,0.01,0.0126,0.01,0.0137,3.2333,0.0397,47.08,-25.45,0.258
"208Pb(p, gamma)209Bi",208Pb,82,126,208,p,209208Pb,209,83,43,21.5,0.9952,14.209,0.1398,0.0309,3.0321,7.3984,6.4789e-21,0.01,2.1364e-14,0.01,0.02,0.01,0.0126,0.01,0.0137,3.2333,0.0397,47.08,-25.45,0.258
"208Pb(p, gamma)209Bi",208Pb,82,126,208,p,209208Pb,209,83,43,21.5,0.9952,14.209,0.1398,0.0309,3.0613,7.3631,8.0913e-21,0.01,2.6426e-14,0.01,0.02,0.01,0.0126,0.01,0.0137,3.2333,0.0397,47.08,-25.45,0.258
"208Pb(p, gamma)209Bi",208Pb,82,126,208,p,209208Pb,209,83,43,21.5,0.9952,14.209,0.1398,0.0309,3.0906,7.3281,1.0081e-20,0.01,3.2611e-14,0.01,0.02,0.01,0.0126,0.01,0.0137,3.2333,0.0397,47.08,-25.45,0.258
"208Pb(p, gamma)209Bi",208Pb,82,126,208,p,209208Pb,209,83,43,21.5,0.9952,14.209,0.1398,0.0309,3.1198,7.2937,1.2511e-20,0.01,4.0094e-14,0.01,0.02,0.01,0.0126,0.01,0.0137,3.2333,0.0397,47.08,-25.45,0.258
"208Pb(p, gamma)209Bi",208Pb,82,126,208,p,209208Pb,209,83,43,21.5,0.9952,14.209,0.1398,0.0309,3.1491,7.2597,1.5491e-20,0.01,4.9184e-14,0.01,0.02,0.01,0.0126,0.01,0.0137,3.2333,0.0397,47.08,-25.45,0.258
"208Pb(p, gamma)209Bi",208Pb,82,126,208,p,209208Pb,209,83,43,21.5,0.9952,14.209,0.1398,0.0309,3.1783,7.2263,1.9112e-20,0.01,6.0120e-14,0.01,0.02,0.01,0.0126,0.01,0.0137,3.2333,0.0397,47.08,-25.45,0.258
"208Pb(p, gamma)209Bi",208Pb,82,126,208,p,209208Pb,209,83,43,21.5,0.9952,14.209,0.1398,0.0309,3.2076,7.1932,2.3527e-20,0.01,7.3334e-14,0.01,0.02,0.01,0.0126,0.01,0.0137,3.2333,0.0397,47.08,-25.45,0.258
"208Pb(p, gamma)209Bi",208Pb,82,126,208,p,209208Pb,209,83,43,21.5,0.9952,14.209,0.1398,0.0309,3.2368,7.1607,2.8860e-20,0.01,8.9146e-14,0.01,0.02,0.01,0.0126,0.01,0.0137,3.2333,0.0397,47.08,-25.45,0.258
"208Pb(p, gamma)209Bi",208Pb,82,126,208,p,209208Pb,209,83,43,21.5,0.9952,14.209,0.1398,0.0309,3.2661,7.1285,3.5330e-20,0.01,1.0815e-13,0.01,0.02,0.01,0.0126,0.01,0.0137,3.2333,0.0397,47.08,-25.45,0.258
"208Pb(p, gamma)209Bi",208Pb,82,126,208,p,209208Pb,209,83,43,21.5,0.9952,14.209,0.1398,0.0309,3.2953,7.0968,4.3104e-20,0.01,1.3078e-13,0.01,0.02,0.01,0.0126,0.01,0.0137,3.2333,0.0397,47.08,-25.45,0.258
"208Pb(p, gamma)209Bi",208Pb,82,126,208,p,209208Pb,209,83,43,21.5,0.9952,14.209,0.1398,0.0309,3.3245,7.0656,5.2451e-20,0.01,1.5774e-13,0.01,0.02,0.01,0.0126,0.01,0.0137,3.2333,0.0397,47.08,-25.45,0.258
"208Pb(p, gamma)209Bi",208Pb,82,126,208,p,209208Pb,209,83,43,21.5,0.9952,14.209,0.1398,0.0309,3.3538,7.0347,6.3703e-20,0.01,1.8990e-13,0.01,0.02,0.01,0.0126,0.01,0.0137,3.2333,0.0397,47.08,-25.45,0.258
"208Pb(p, gamma)209Bi",208Pb,82,126,208,p,209208Pb,209,83,43,21.5,0.9952,14.209,0.1398,0.0309,3.383,7.0042,7.7122e-20,0.01,2.2792e-13,0.01,0.02,0.01,0.0126,0.01,0.0137,3.2333,0.0397,47.08,-25.45,0.258
"208Pb(p, gamma)209Bi",208Pb,82,126,208,p,209208Pb,209,83,43,21.5,0.9952,14.209,0.1398,0.0309,3.4123,6.9741,9.3200e-20,0.01,2.7307e-13,0.01,0.02,0.01,0.0126,0.01,0.0137,3.2333,0.0397,47.08,-25.45,0.258
"208Pb(p, gamma)209Bi",208Pb,82,126,208,p,209208Pb,209,83,43,21.5,0.9952,14.209,0.1398,0.0309,3.4415,6.9444,1.1228e-19,0.01,3.2620e-13,0.01,0.02,0.01,0.0126,0.01,0.0137,3.2333,0.0397,47.08,-25.45,0.258
"208Pb(p, gamma)209Bi",208Pb,82,126,208,p,209208Pb,209,83,43,21.5,0.9952,14.209,0.1398,0.0309,3.4708,6.9151,1.3504e-19,0.01,3.8901e-13,0.01,0.02,0.01,0.0126,0.01,0.0137,3.2333,0.0397,47.08,-25.45,0.258
"208Pb(p, gamma)209Bi",208Pb,82,126,208,p,209208Pb,209,83,43,21.5,0.9952,14.209,0.1398,0.0309,3.5,6.8862,1.6194e-19,0.01,4.6259e-13,0.01,0.02,0.01,0.0126,0.01,0.0137,3.2333,0.0397,47.08,-25.45,0.258
